v 0.03801300 1.18194300 0.13897300
v 0.04178100 1.17835200 0.14230400
v 0.04131800 1.17839200 0.14176500
v 0.04147000 1.17838100 0.13789400
v 0.04069700 1.17854500 0.14094900
v 0.04071900 1.17855500 0.13895600
v 0.04009200 1.17883100 0.13895600
v 0.03989200 1.17891000 0.14092600
v 0.03952300 1.17920200 0.13892100
v 0.04099900 1.17840000 0.14431200
v 0.03933800 1.17932000 0.14091800
v 0.04054700 1.17854500 0.14297500
v 0.03895800 1.17974300 0.13898000
v 0.03892700 1.17972300 0.14092200
v 0.03991500 1.17881900 0.14294100
v 0.03850100 1.18040000 0.13895600
v 0.03842300 1.18044800 0.14084100
v 0.03934800 1.17918300 0.14292100
v 0.03818800 1.18112000 0.13895500
v 0.03812200 1.18118800 0.14085700
v 0.03872600 1.17978400 0.14283100
v 0.04020200 1.17858000 0.14499700
v 0.03796400 1.18192800 0.14089100
v 0.03956400 1.17887000 0.14495300
v 0.03819300 1.18062300 0.14274600
v 0.04041200 1.17836000 0.14918500
v 0.03894400 1.17931700 0.14482600
v 0.04009900 1.17849200 0.14710800
v 0.03790400 1.18145700 0.14276800
v 0.03848600 1.17979200 0.14475600
v 0.03948300 1.17873800 0.14690000
v 0.03781500 1.18210400 0.14275000
v 0.03809400 1.18036500 0.14467200
v 0.03890800 1.17907500 0.14681100
v 0.03773700 1.18118600 0.14464100
v 0.03958800 1.17844700 0.15012500
v 0.03823900 1.17966700 0.14671800
v 0.03941900 1.17857600 0.14893900
v 0.03757900 1.18202100 0.14465000
v 0.03879400 1.17885700 0.14886700
v 0.03779800 1.18030500 0.14657900
v 0.03936900 1.17835200 0.15328600
v 0.03753500 1.18082800 0.14655900
v 0.03825800 1.17924000 0.14869800
v 0.03736100 1.18139100 0.14649300
v 0.03789300 1.17959000 0.14860400
v 0.03873200 1.17862300 0.15090300
v 0.03752600 1.18005600 0.14848500
v 0.03724900 1.18202100 0.14651700
v 0.03814800 1.17892800 0.15072300
v 0.03718600 1.18064800 0.14844000
v 0.03831200 1.17837500 0.15511900
v 0.03756300 1.17939000 0.15049900
v 0.03857400 1.17846100 0.15299500
v 0.03698900 1.18120200 0.14835900
v 0.03789200 1.17872000 0.15266600
v 0.03682800 1.18192800 0.14837500
v 0.03705100 1.17997300 0.15040200
v 0.03667300 1.18065000 0.15023700
v 0.03715300 1.17918300 0.15250800
v 0.03753400 1.17842700 0.15599400
v 0.03751800 1.17854900 0.15481800
v 0.03642400 1.18137800 0.15019000
v 0.03657200 1.17978400 0.15226700
v 0.03631100 1.18202100 0.15018800
v 0.03688900 1.17887200 0.15445700
v 0.03616000 1.18044200 0.15211700
v 0.03635600 1.17835700 0.15938700
v 0.03642200 1.17920100 0.15432200
v 0.03587500 1.18117300 0.15198200
v 0.03594600 1.17968000 0.15410800
v 0.03662500 1.17857600 0.15663000
v 0.03570600 1.18202100 0.15198400
v 0.03608400 1.17885100 0.15633300
v 0.03544900 1.18047500 0.15386600
v 0.03563400 1.17918600 0.15611600
v 0.03560700 1.17844700 0.15954800
v 0.03514100 1.18126700 0.15379000
v 0.03524400 1.17956800 0.15592800
v 0.03527200 1.17856800 0.15926800
v 0.03501900 1.18201000 0.15373300
v 0.03475600 1.18026400 0.15569300
v 0.03510700 1.17890200 0.15803000
v 0.03271600 1.17835300 0.16507800
v 0.03445300 1.18097800 0.15554700
v 0.03454300 1.17937600 0.15773900
v 0.03432300 1.18147300 0.15548500
v 0.03411400 1.17988500 0.15752800
v 0.03435400 1.17873600 0.15998200
v 0.03423800 1.18203600 0.15545900
v 0.03377300 1.18047200 0.15736500
v 0.03392400 1.17903500 0.15968600
v 0.03318700 1.17844300 0.16324200
v 0.03354600 1.18109400 0.15722300
v 0.03346500 1.17946700 0.15940500
v 0.03365300 1.17854100 0.16195200
v 0.03337600 1.18191500 0.15715300
v 0.03309800 1.17997600 0.15916000
v 0.03302100 1.17889500 0.16146900
v 0.03278100 1.18053500 0.15901200
v 0.03243700 1.17942900 0.16107100
v 0.03260300 1.18108800 0.15886800
v 0.03247800 1.18157900 0.15882000
v 0.03213900 1.17869500 0.16337100
v 0.03210600 1.17988200 0.16083200
v 0.03242300 1.18212500 0.15878100
v 0.03182400 1.18037600 0.16064900
v 0.03177800 1.17897300 0.16300900
v 0.02803600 1.17835300 0.16996600
v 0.03103700 1.17840600 0.16624200
v 0.03139400 1.17931700 0.16273600
v 0.03153300 1.18118600 0.16045200
v 0.03115200 1.17855100 0.16519600
v 0.03103000 1.17980300 0.16243400
v 0.03138700 1.18202100 0.16039200
v 0.03080100 1.17877900 0.16478000
v 0.03074300 1.18029200 0.16224100
v 0.03036500 1.17914000 0.16437300
v 0.03049300 1.18089400 0.16207800
v 0.02988400 1.17967000 0.16405500
v 0.02878400 1.17862600 0.16749900
v 0.03035400 1.18154500 0.16194800
v 0.02938600 1.17880700 0.16627700
v 0.02961400 1.18014600 0.16380500
v 0.03028900 1.18210400 0.16191100
v 0.02939400 1.18066100 0.16362000
v 0.02809700 1.17839200 0.16938900
v 0.02894900 1.17924900 0.16578300
v 0.02787700 1.17847500 0.16903300
v 0.02920000 1.18129700 0.16348400
v 0.02855600 1.17972300 0.16548400
v 0.02911700 1.18202100 0.16338500
v 0.02828700 1.18028300 0.16517800
v 0.02786600 1.17892100 0.16756000
v 0.02803000 1.18092000 0.16499300
v 0.02756200 1.17926500 0.16718000
v 0.02717000 1.17973400 0.16688700
v 0.02792400 1.18149000 0.16486500
v 0.02674800 1.17869500 0.16918100
v 0.02785200 1.18203600 0.16481700
v 0.02695300 1.18029200 0.16654000
v 0.02623400 1.17908200 0.16872900
v 0.02179100 1.17835300 0.17471300
v 0.02671800 1.18090800 0.16634500
v 0.02549300 1.17848600 0.17099800
v 0.02590700 1.17953700 0.16831100
v 0.02657700 1.18155500 0.16622300
v 0.02562500 1.18004300 0.16799100
v 0.02502400 1.17880000 0.17033500
v 0.02652900 1.18210400 0.16616900
v 0.02536500 1.18080300 0.16765200
v 0.02456900 1.17929900 0.16976300
v 0.02401800 1.17842400 0.17245500
v 0.02295400 1.17852700 0.17271900
v 0.02520000 1.18148000 0.16752300
v 0.02422800 1.17986400 0.16933700
v 0.02353800 1.17877200 0.17154200
v 0.02513900 1.18203500 0.16746200
v 0.02400200 1.18045400 0.16902500
v 0.02315000 1.17907900 0.17120300
v 0.02152500 1.17842400 0.17412800
v 0.02377800 1.18117100 0.16881300
v 0.02295300 1.17944800 0.17078100
v 0.02252100 1.18012200 0.17038700
v 0.02184600 1.17874300 0.17277900
v 0.02368700 1.18201000 0.16868100
v 0.02152400 1.17914000 0.17219400
v 0.01972200 1.17839000 0.17539100
v 0.02235500 1.18089400 0.17001600
v 0.02115800 1.17967000 0.17174800
v 0.02034200 1.17858000 0.17415400
v 0.02223200 1.18146600 0.16989300
v 0.02218900 1.18202100 0.16981500
v 0.02091300 1.18031400 0.17133500
v 0.01998800 1.17891000 0.17353400
v 0.02070100 1.18121500 0.17100600
v 0.01962500 1.17944800 0.17293400
v 0.01757300 1.17852000 0.17582900
v 0.01847400 1.17865200 0.17496000
v 0.01942400 1.17988800 0.17259700
v 0.02061000 1.18203600 0.17089000
v 0.01925900 1.18037600 0.17230900
v 0.01811800 1.17900800 0.17437700
v 0.01409400 1.17835300 0.17840900
v 0.01612400 1.17837900 0.17721600
v 0.01908300 1.18118600 0.17200500
v 0.01564500 1.17846300 0.17691000
v 0.01786900 1.17957900 0.17374100
v 0.01649700 1.17881500 0.17551600
v 0.01897800 1.18202100 0.17188700
v 0.01760100 1.18019400 0.17333600
v 0.01744300 1.18097200 0.17298000
v 0.01625600 1.17924900 0.17492100
v 0.01600900 1.17972300 0.17449300
v 0.01479300 1.17872000 0.17643800
v 0.01732600 1.18191500 0.17279200
v 0.01588400 1.18020900 0.17415700
v 0.01576300 1.18075200 0.17389100
v 0.01442200 1.17918300 0.17577900
v 0.01224000 1.17838900 0.17854900
v 0.01205700 1.17847000 0.17818000
v 0.01566400 1.18150000 0.17367100
v 0.01423600 1.17973300 0.17522700
v 0.01199700 1.17859200 0.17778000
v 0.01275400 1.17891600 0.17679200
v 0.01562100 1.18212500 0.17360100
v 0.01409000 1.18038900 0.17479200
v 0.01395600 1.18098800 0.17455400
v 0.01254000 1.17933100 0.17628000
v 0.01243300 1.17974600 0.17587500
v 0.01391200 1.18154500 0.17440200
v 0.01089200 1.17882600 0.17754900
v 0.01387500 1.18210400 0.17433700
v 0.01222800 1.18044600 0.17543300
v 0.00830200 1.17835900 0.17980100
v 0.01068400 1.17918300 0.17703200
v 0.00912900 1.17846600 0.17895300
v 0.01216900 1.18127000 0.17510400
v 0.01058400 1.17972400 0.17646500
v 0.00898500 1.17868900 0.17831900
v 0.01207600 1.18202100 0.17499400
v 0.01038900 1.18047200 0.17598300
v 0.00883800 1.17905900 0.17767600
v 0.00710300 1.17849700 0.17923900
v 0.01034900 1.18129700 0.17566000
v 0.00868900 1.17963600 0.17702500
v 0.00702800 1.17878000 0.17852100
v 0.01026500 1.18202100 0.17555200
v 0.00858500 1.18027100 0.17656700
v 0.00307900 1.17835400 0.18066500
v 0.00681500 1.17925900 0.17780800
v 0.00850800 1.18097200 0.17623200
v 0.00426300 1.17839200 0.18015000
v 0.00414900 1.17847000 0.17977700
v 0.00674500 1.17988600 0.17720800
v 0.00500300 1.17864700 0.17912600
v 0.00844100 1.18191500 0.17602100
v 0.00495900 1.17895000 0.17852800
v 0.00668900 1.18037800 0.17688800
v 0.00666500 1.18092300 0.17662800
v 0.00489800 1.17931900 0.17803700
v 0.00487100 1.17974600 0.17760600
v 0.00296400 1.17861800 0.17939200
v 0.00659700 1.18157900 0.17645100
v 0.00658900 1.18212500 0.17638400
v 0.00475400 1.18047200 0.17711700
v 0.00300900 1.17890900 0.17879700
v 0.00003300 1.17837900 0.18047900
v 0.00295000 1.17924000 0.17832400
v 0.00017800 1.17848700 0.17991300
v 0.00473900 1.18137600 0.17677200
v 0.00292200 1.17959100 0.17794800
v 0.00100800 1.17866200 0.17938700
v 0.00289000 1.18012300 0.17751500
v 0.00471500 1.18210400 0.17666700
v 0.00104400 1.17902600 0.17870100
v -0.00521500 1.17835300 0.18056600
v 0.00287900 1.18080800 0.17715300
v -0.00208000 1.17844700 0.18003600
v 0.00094200 1.17966700 0.17796300
v 0.00280500 1.18147200 0.17694300
v -0.00100400 1.17872200 0.17925200
v 0.00284000 1.18211300 0.17685400
v 0.00095900 1.18048600 0.17739400
v -0.00096200 1.17901500 0.17873000
v -0.00515600 1.17837800 0.18018900
v -0.00100400 1.17943800 0.17819300
v 0.00097200 1.18129700 0.17707900
v -0.00314100 1.17861200 0.17939300
v -0.00096400 1.18009700 0.17762700
v 0.00091700 1.18202100 0.17695300
v -0.00296000 1.17892100 0.17877900
v -0.00095300 1.18097200 0.17717900
v -0.00297200 1.17926500 0.17829300
v -0.00608100 1.17848100 0.17947900
v -0.00291600 1.17973400 0.17781200
v -0.00502900 1.17866200 0.17908600
v -0.00096700 1.18191500 0.17695800
v -0.00286500 1.18030100 0.17740900
v -0.00493600 1.17892300 0.17858100
v -0.00284700 1.18083100 0.17714600
v -0.00495200 1.17925600 0.17810400
v -0.00286700 1.18148400 0.17693600
v -0.00481000 1.17979500 0.17756800
v -0.00702200 1.17873600 0.17861600
v -0.00285000 1.18212500 0.17685300
v -0.00477700 1.18054900 0.17707800
v -0.00687400 1.17914800 0.17794200
v -0.01020200 1.17838800 0.17912200
v -0.00473100 1.18120200 0.17682700
v -0.00911200 1.17854100 0.17868400
v -0.00676300 1.17975500 0.17731200
v -0.00476700 1.18192800 0.17666900
v -0.00893100 1.17880800 0.17808400
v -0.00666400 1.18038900 0.17688200
v -0.01339900 1.17835600 0.17850100
v -0.00880200 1.17917600 0.17752000
v -0.00665200 1.18119900 0.17653000
v -0.01208500 1.17845000 0.17824400
v -0.00867500 1.17971300 0.17696300
v -0.01090400 1.17873900 0.17770800
v -0.00661300 1.18203600 0.17638300
v -0.00856500 1.18028300 0.17656400
v -0.01070200 1.17921000 0.17699200
v -0.00853500 1.18089400 0.17626000
v -0.01053600 1.17980800 0.17640300
v -0.01297500 1.17861800 0.17736800
v -0.00847300 1.18154500 0.17607900
v -0.00846700 1.18210400 0.17600500
v -0.01266900 1.17891600 0.17683600
v -0.01042200 1.18044200 0.17599800
v -0.01254700 1.17938700 0.17619600
v -0.01033900 1.18115800 0.17570100
v -0.01596400 1.17844800 0.17685600
v -0.01580900 1.17858100 0.17642100
v -0.01234800 1.17998500 0.17570700
v -0.01030800 1.18201000 0.17554000
v -0.01458100 1.17885700 0.17624300
v -0.01224800 1.18048400 0.17541100
v -0.01915600 1.17835200 0.17622600
v -0.01903100 1.17839200 0.17575800
v -0.01443300 1.17926200 0.17567300
v -0.01215200 1.18121500 0.17512300
v -0.01421200 1.17980800 0.17516800
v -0.01211800 1.18203500 0.17498000
v -0.01641600 1.17887200 0.17544600
v -0.01404000 1.18045300 0.17477600
v -0.01625200 1.17924700 0.17492600
v -0.01395300 1.18109300 0.17451200
v -0.01857600 1.17852300 0.17531000
v -0.01603400 1.17971300 0.17449000
v -0.01392600 1.18192800 0.17432600
v -0.01832300 1.17877200 0.17473500
v -0.01584600 1.18035200 0.17407400
v -0.01809400 1.17919200 0.17410700
v -0.01573200 1.18090300 0.17384200
v -0.02147800 1.17848300 0.17384100
v -0.01570400 1.18147200 0.17365900
v -0.01772600 1.17979500 0.17359500
v -0.02026600 1.17862300 0.17405700
v -0.01563100 1.18211300 0.17359700
v -0.01987400 1.17903300 0.17337800
v -0.01752800 1.18054900 0.17314500
v -0.02635300 1.17835100 0.17162900
v -0.02431600 1.17837900 0.17263900
v -0.01739800 1.18120200 0.17292500
v -0.01950400 1.17968000 0.17273800
v -0.01737900 1.18192800 0.17276400
v -0.02174100 1.17881400 0.17266200
v -0.01925000 1.18040000 0.17229800
v -0.02140600 1.17925600 0.17210500
v -0.01907700 1.18121500 0.17199800
v -0.02483200 1.17846000 0.17167200
v -0.02113700 1.17973400 0.17169100
v -0.02366100 1.17862300 0.17186500
v -0.01901600 1.18203600 0.17186400
v -0.02088800 1.18047200 0.17124500
v -0.02328600 1.17892300 0.17139400
v -0.02298400 1.17931600 0.17093700
v -0.02069400 1.18120200 0.17102400
v -0.02269800 1.17987400 0.17048800
v -0.02518500 1.17872000 0.17041200
v -0.02065900 1.18192800 0.17086600
v -0.02245600 1.18046300 0.17019000
v -0.02463600 1.17918300 0.16989200
v -0.02809400 1.17840600 0.16925200
v -0.02227200 1.18121500 0.16993500
v -0.02694400 1.17855500 0.16948500
v -0.02428800 1.17979600 0.16935200
v -0.02219800 1.18203600 0.16980700
v -0.02652800 1.17883100 0.16901500
v -0.02395800 1.18054900 0.16899300
v -0.02614500 1.17921000 0.16858200
v -0.03013800 1.17839100 0.16735600
v -0.02376700 1.18126700 0.16879000
v -0.02577100 1.17975500 0.16815800
v -0.02823500 1.17865800 0.16790400
v -0.02370900 1.18201000 0.16866300
v -0.02551900 1.18029300 0.16787200
v -0.02774600 1.17902900 0.16744100
v -0.03286100 1.17835100 0.16500600
v -0.02535000 1.18079600 0.16768000
v -0.02739400 1.17944800 0.16704900
v -0.02996600 1.17852300 0.16668300
v -0.02523400 1.18136700 0.16752600
v -0.02708000 1.17996500 0.16672200
v -0.02948700 1.17873200 0.16640700
v -0.02514800 1.18202100 0.16745500
v -0.02681000 1.18064700 0.16640400
v -0.02907100 1.17912100 0.16588100
v -0.03246800 1.17837900 0.16484600
v -0.03128400 1.17851400 0.16520500
v -0.02661000 1.18140100 0.16623800
v -0.02859000 1.17972400 0.16544300
v -0.02654800 1.18203500 0.16615400
v -0.03074500 1.17880800 0.16475300
v -0.02820200 1.18037600 0.16518600
v -0.03036200 1.17912100 0.16443200
v -0.02797400 1.18118600 0.16491400
v -0.03336200 1.17846000 0.16290700
v -0.02999700 1.17951100 0.16415500
v -0.03296600 1.17858900 0.16273000
v -0.02976100 1.17989400 0.16391500
v -0.02788300 1.18202100 0.16478600
v -0.03186900 1.17887200 0.16315200
v -0.02948300 1.18038900 0.16372500
v -0.03765000 1.17835200 0.15744600
v -0.03487800 1.17837900 0.16148300
v -0.03139000 1.17931600 0.16274100
v -0.02927700 1.18107900 0.16349600
v -0.03092300 1.17997200 0.16234200
v -0.02913300 1.18191500 0.16337600
v -0.03313800 1.17881900 0.16156000
v -0.03055100 1.18075200 0.16209700
v -0.03266100 1.17919200 0.16123300
v -0.03497600 1.17846400 0.16042000
v -0.03035900 1.18149900 0.16195200
v -0.03213700 1.17980700 0.16087400
v -0.03452400 1.17865200 0.16006800
v -0.03029400 1.18213300 0.16190200
v -0.03403800 1.17895700 0.15972000
v -0.03172800 1.18062100 0.16055600
v -0.03739300 1.17837900 0.15705400
v -0.03349900 1.17942900 0.15942600
v -0.03658700 1.17844600 0.15776100
v -0.03147800 1.18144500 0.16041700
v -0.03618000 1.17858100 0.15752000
v -0.03314500 1.17988200 0.15922300
v -0.03511900 1.17887200 0.15813200
v -0.03140200 1.18209500 0.16036500
v -0.03291200 1.18030100 0.15904800
v -0.03268600 1.18083100 0.15891200
v -0.03452800 1.17938700 0.15772100
v -0.03252100 1.18136400 0.15884500
v -0.03404900 1.17998500 0.15749800
v -0.03244000 1.18201000 0.15876200
v -0.03600800 1.17889500 0.15629600
v -0.03377500 1.18048400 0.15734800
v -0.03353700 1.18112000 0.15721900
v -0.03549700 1.17931500 0.15603500
v -0.03778400 1.17846400 0.15496700
v -0.03510700 1.17972300 0.15588800
v -0.03783200 1.17858500 0.15385200
v -0.03339200 1.18194300 0.15712000
v -0.03685200 1.17886400 0.15457800
v -0.03471300 1.18035200 0.15567200
v -0.03998300 1.17836100 0.15077100
v -0.03636200 1.17926200 0.15426100
v -0.03898900 1.17844200 0.15209300
v -0.03439200 1.18115800 0.15551800
v -0.03584700 1.17980800 0.15406600
v -0.03783700 1.17874300 0.15272700
v -0.03425100 1.18201000 0.15543400
v -0.03537900 1.18062300 0.15383500
v -0.03727400 1.17908500 0.15256300
v -0.03680700 1.17951900 0.15235500
v -0.03511500 1.18138800 0.15377400
v -0.03860600 1.17868300 0.15082500
v -0.03639100 1.18005300 0.15217600
v -0.03502900 1.18203600 0.15370600
v -0.03800900 1.17902000 0.15068000
v -0.03601500 1.18075200 0.15206400
v -0.04029300 1.17840300 0.14813400
v -0.03754800 1.17940000 0.15053700
v -0.03578900 1.18149900 0.15198200
v -0.03964900 1.17858100 0.14798900
v -0.03705800 1.17996200 0.15038600
v -0.03887300 1.17881400 0.14889100
v -0.03571600 1.18212500 0.15194400
v -0.03671900 1.18054400 0.15029200
v -0.03825700 1.17924100 0.14866200
v -0.03646700 1.18118600 0.15020600
v -0.03765700 1.17986400 0.14854400
v -0.03632900 1.18202100 0.15013000
v -0.03959700 1.17877800 0.14595300
v -0.03728000 1.18045300 0.14846600
v -0.03896800 1.17903500 0.14683300
v -0.04148500 1.17835900 0.14320600
v -0.03699400 1.18117100 0.14834900
v -0.03844400 1.17945900 0.14675800
v -0.04076700 1.17846400 0.14375200
v -0.04029000 1.17854700 0.14502900
v -0.03801300 1.17997300 0.14662300
v -0.03683700 1.18201000 0.14832000
v -0.03760200 1.18066200 0.14655700
v -0.03919200 1.17911200 0.14486300
v -0.03735500 1.18140100 0.14650700
v -0.03861400 1.17964400 0.14477600
v -0.04068300 1.17853700 0.14186000
v -0.03725700 1.18203600 0.14647300
v -0.03825300 1.18010600 0.14472100
v -0.03982000 1.17886400 0.14302200
v -0.04175700 1.17835500 0.13792200
v -0.03792100 1.18070100 0.14467100
v -0.03912000 1.17937900 0.14279300
v -0.04122300 1.17842400 0.13981400
v -0.03769700 1.18135400 0.14463700
v -0.04063300 1.17858900 0.13800700
v -0.03858900 1.17996500 0.14285300
v -0.04021500 1.17874300 0.14096300
v -0.03758700 1.18201000 0.14460600
v -0.04009200 1.17883100 0.13895500
v -0.03819000 1.18063600 0.14272000
v -0.03971700 1.17902900 0.14091100
v -0.03944400 1.17926200 0.13899900
v -0.03926100 1.17938300 0.14095900
v -0.03790400 1.18145700 0.14276800
v -0.03889800 1.17981900 0.13893800
v -0.03880500 1.17987400 0.14086900
v -0.03781700 1.18210400 0.14272900
v -0.03850700 1.18038900 0.13897900
v -0.03833400 1.18062300 0.14083800
v -0.03819200 1.18110500 0.13893500
v -0.03806900 1.18137800 0.14085500
v -0.03801300 1.18194300 0.13893800
v -0.03796100 1.18202100 0.14085200
v 0.01427400 1.18235000 0.11399500
v 0.01427400 1.18235000 0.11399500
v 0.01420700 1.19135000 0.11395100
v 0.01420700 1.19135000 0.11395100
v 0.01364700 1.18235000 0.11349500
v 0.01364700 1.18235000 0.11349500
v 0.01356300 1.19135000 0.11341300
v 0.01356300 1.19135000 0.11341300
v 0.01319700 1.18235000 0.11298600
v 0.01319700 1.18235000 0.11298600
v 0.01307200 1.19135000 0.11281900
v 0.01307200 1.19135000 0.11281900
v 0.01281900 1.18235000 0.11241900
v 0.01281900 1.18235000 0.11241900
v 0.01268800 1.19135000 0.11216200
v 0.01268800 1.19135000 0.11216200
v 0.01248600 1.18235000 0.11165200
v 0.01248600 1.18235000 0.11165200
v 0.01241400 1.19135000 0.11140800
v 0.01241400 1.19135000 0.11140800
v 0.01226900 1.18235000 0.11064700
v 0.01226900 1.18235000 0.11064700
v 0.01227100 1.19135000 0.11059000
v 0.01227100 1.19135000 0.11059000
v 0.01902800 1.19135000 0.10606200
v 0.02070700 1.18226500 0.10709100
v 0.01912600 1.18235000 0.10612000
v 0.01912600 1.18235000 0.10612000
v 0.02220700 1.18200800 0.10810200
v 0.02318600 1.24535000 0.10883500
v 0.02318600 1.24535000 0.10883500
v 0.02376700 1.18226300 0.10930300
v 0.02515500 1.18198600 0.11045600
v 0.02606000 1.24535000 0.11128400
v 0.02606000 1.24535000 0.11128400
v 0.02654400 1.18201600 0.11174800
v 0.02787400 1.18210000 0.11311700
v 0.02867600 1.24535000 0.11400600
v 0.02867600 1.24535000 0.11400600
v 0.02912400 1.18211300 0.11453600
v 0.03029900 1.18200200 0.11600200
v 0.03101000 1.24535000 0.11697400
v 0.03101000 1.24535000 0.11697400
v 0.03243700 1.18211600 0.11914800
v 0.03246500 1.24535000 0.11920600
v 0.03246500 1.24535000 0.11920600
v 0.03393000 1.24535000 0.12182200
v 0.03393000 1.24535000 0.12182200
v 0.03424500 1.18211500 0.12247000
v 0.03546300 1.24535000 0.12527300
v 0.03546300 1.24535000 0.12527300
v 0.03571300 1.18210100 0.12595300
v 0.03631800 1.18213500 0.12775500
v 0.03664500 1.24535000 0.12885800
v 0.03664500 1.24535000 0.12885800
v 0.03746600 1.24535000 0.13254300
v 0.03746600 1.24535000 0.13254300
v 0.03791700 1.24535000 0.13629200
v 0.03791700 1.24535000 0.13629200
v 0.03799400 1.24535000 0.14007200
v 0.03799400 1.24535000 0.14007200
v 0.03781100 1.24535000 0.14273900
v 0.03781100 1.24535000 0.14273900
v 0.03740400 1.24535000 0.14572100
v 0.03740400 1.24535000 0.14572100
v 0.03654400 1.24535000 0.14941100
v 0.03654400 1.24535000 0.14941100
v 0.03570800 1.24535000 0.15195200
v 0.03570800 1.24535000 0.15195200
v 0.03457800 1.24535000 0.15474100
v 0.03457800 1.24535000 0.15474100
v 0.03337200 1.24535000 0.15712900
v 0.03337200 1.24535000 0.15712900
v 0.03183900 1.24535000 0.15971900
v 0.03183900 1.24535000 0.15971900
v 0.03029100 1.24535000 0.16190000
v 0.03029100 1.24535000 0.16190000
v 0.02838900 1.24535000 0.16423200
v 0.02838900 1.24535000 0.16423200
v 0.02653300 1.24535000 0.16615800
v 0.02653300 1.24535000 0.16615800
v 0.02430400 1.24535000 0.16818100
v 0.02430400 1.24535000 0.16818100
v 0.02218200 1.24535000 0.16980900
v 0.02218200 1.24535000 0.16980900
v 0.01967700 1.24535000 0.17147700
v 0.01967700 1.24535000 0.17147700
v 0.01733600 1.24535000 0.17277100
v 0.01733600 1.24535000 0.17277100
v 0.01461000 1.24535000 0.17404600
v 0.01461000 1.24535000 0.17404600
v 0.01104400 1.24535000 0.17532600
v 0.01104400 1.24535000 0.17532600
v 0.00736800 1.24535000 0.17624500
v 0.00736800 1.24535000 0.17624500
v 0.00361800 1.24535000 0.17679400
v 0.00361800 1.24535000 0.17679400
v -0.00016700 1.24535000 0.17696600
v -0.00016700 1.24535000 0.17696600
v -0.00395100 1.24535000 0.17676000
v -0.00395100 1.24535000 0.17676000
v -0.00769600 1.24535000 0.17617900
v -0.00769600 1.24535000 0.17617900
v -0.01136400 1.24535000 0.17522800
v -0.01136400 1.24535000 0.17522800
v -0.01491900 1.24535000 0.17391600
v -0.01491900 1.24535000 0.17391600
v -0.01832600 1.24535000 0.17225700
v -0.01832600 1.24535000 0.17225700
v -0.02155000 1.24535000 0.17026700
v -0.02155000 1.24535000 0.17026700
v -0.02456100 1.24535000 0.16796600
v -0.02456100 1.24535000 0.16796600
v -0.02732700 1.24535000 0.16537600
v -0.02732700 1.24535000 0.16537600
v -0.02971500 1.24535000 0.16265200
v -0.02971500 1.24535000 0.16265200
v -0.03139700 1.24535000 0.16036200
v -0.03139700 1.24535000 0.16036200
v -0.03300200 1.24535000 0.15781600
v -0.03300200 1.24535000 0.15781600
v -0.03471500 1.24535000 0.15443600
v -0.03471500 1.24535000 0.15443600
v -0.03570800 1.24535000 0.15195200
v -0.03570800 1.24535000 0.15195200
v -0.03663500 1.24535000 0.14908900
v -0.03663500 1.24535000 0.14908900
v -0.03746200 1.24535000 0.14539100
v -0.03746200 1.24535000 0.14539100
v -0.03781100 1.24535000 0.14273900
v -0.03781100 1.24535000 0.14273900
v -0.03800300 1.24535000 0.13973700
v -0.03800300 1.24535000 0.13973700
v 0.02875000 1.17235000 0.13837000
v 0.02875000 1.17235000 0.13837000
v 0.02871700 1.17235000 0.14033300
v 0.02871700 1.17235000 0.14033300
v 0.02875000 1.24535000 0.13895600
v 0.02875000 1.24535000 0.13895600
v 0.02867000 1.24535000 0.14121000
v 0.02867000 1.24535000 0.14121000
v 0.02856500 1.17235000 0.14228400
v 0.02856500 1.17235000 0.14228400
v 0.02830600 1.24535000 0.14403900
v 0.02830600 1.24535000 0.14403900
v 0.02810800 1.17235000 0.14503500
v 0.02810800 1.17235000 0.14503500
v 0.02766300 1.24535000 0.14681800
v 0.02766300 1.24535000 0.14681800
v 0.02738700 1.17235000 0.14773100
v 0.02738700 1.17235000 0.14773100
v 0.02675900 1.24535000 0.14948900
v 0.02675900 1.24535000 0.14948900
v 0.02649300 1.17235000 0.15013600
v 0.02649300 1.17235000 0.15013600
v 0.02590300 1.24535000 0.15143000
v 0.02590300 1.24535000 0.15143000
v 0.02562800 1.17235000 0.15199100
v 0.02562800 1.17235000 0.15199100
v 0.02486700 1.24535000 0.15340200
v 0.02486700 1.24535000 0.15340200
v 0.02450700 1.17235000 0.15400400
v 0.02450700 1.17235000 0.15400400
v 0.02334000 1.24535000 0.15575600
v 0.02334000 1.24535000 0.15575600
v 0.02279900 1.17235000 0.15649400
v 0.02279900 1.17235000 0.15649400
v 0.02159200 1.24535000 0.15795100
v 0.02159200 1.24535000 0.15795100
v 0.02112400 1.17235000 0.15846500
v 0.02112400 1.17235000 0.15846500
v 0.02007400 1.24535000 0.15953700
v 0.02007400 1.24535000 0.15953700
v 0.01931100 1.17235000 0.16027400
v 0.01931100 1.17235000 0.16027400
v 0.01852800 1.24535000 0.16095000
v 0.01852800 1.24535000 0.16095000
v 0.01696200 1.17235000 0.16217900
v 0.01696200 1.17235000 0.16217900
v 0.01678300 1.24535000 0.16229900
v 0.01678300 1.24535000 0.16229900
v 0.01496100 1.24535000 0.16351800
v 0.01496100 1.24535000 0.16351800
v 0.01488100 1.17235000 0.16356300
v 0.01488100 1.17235000 0.16356300
v 0.01306000 1.17235000 0.16457400
v 0.01306000 1.17235000 0.16457400
v 0.01243600 1.24535000 0.16488600
v 0.01243600 1.24535000 0.16488600
v 0.01069600 1.17235000 0.16565700
v 0.01069600 1.17235000 0.16565700
v 0.01050400 1.24535000 0.16571800
v 0.01050400 1.24535000 0.16571800
v 0.00843800 1.24535000 0.16644800
v 0.00843800 1.24535000 0.16644800
v 0.00748900 1.17235000 0.16672800
v 0.00748900 1.17235000 0.16672800
v 0.00639700 1.24535000 0.16698500
v 0.00639700 1.24535000 0.16698500
v 0.00497500 1.17235000 0.16727600
v 0.00497500 1.17235000 0.16727600
v 0.00425600 1.24535000 0.16739700
v 0.00425600 1.24535000 0.16739700
v 0.00242400 1.17235000 0.16761800
v 0.00242400 1.17235000 0.16761800
v 0.00146500 1.24535000 0.16767600
v 0.00146500 1.24535000 0.16767600
v -0.00095900 1.17235000 0.16770400
v -0.00095900 1.17235000 0.16770400
v -0.00071700 1.24535000 0.16769700
v -0.00071700 1.24535000 0.16769700
v -0.00282700 1.24535000 0.16757400
v -0.00282700 1.24535000 0.16757400
v -0.00354200 1.17235000 0.16749100
v -0.00354200 1.17235000 0.16749100
v -0.00499200 1.24535000 0.16726900
v -0.00499200 1.24535000 0.16726900
v -0.00521100 1.17235000 0.16723300
v -0.00521100 1.17235000 0.16723300
v -0.00705000 1.24535000 0.16683600
v -0.00705000 1.24535000 0.16683600
v -0.00769600 1.17235000 0.16667100
v -0.00769600 1.17235000 0.16667100
v -0.00915600 1.24535000 0.16620800
v -0.00915600 1.24535000 0.16620800
v -0.01013700 1.17235000 0.16586200
v -0.01013700 1.17235000 0.16586200
v -0.01112000 1.24535000 0.16547700
v -0.01112000 1.24535000 0.16547700
v -0.01174800 1.17235000 0.16520100
v -0.01174800 1.17235000 0.16520100
v -0.01311600 1.24535000 0.16453900
v -0.01311600 1.24535000 0.16453900
v -0.01325900 1.17235000 0.16447000
v -0.01325900 1.17235000 0.16447000
v -0.01503000 1.24535000 0.16347600
v -0.01503000 1.24535000 0.16347600
v -0.01509400 1.17235000 0.16343300
v -0.01509400 1.17235000 0.16343300
v -0.01712100 1.17235000 0.16206300
v -0.01712100 1.17235000 0.16206300
v -0.01740100 1.24535000 0.16185200
v -0.01740100 1.24535000 0.16185200
v -0.01886300 1.17235000 0.16065700
v -0.01886300 1.17235000 0.16065700
v -0.01902300 1.24535000 0.16051200
v -0.01902300 1.24535000 0.16051200
v -0.02010900 1.17235000 0.15950900
v -0.02010900 1.17235000 0.15950900
v -0.02061400 1.24535000 0.15900800
v -0.02061400 1.24535000 0.15900800
v -0.02188200 1.17235000 0.15762600
v -0.02188200 1.17235000 0.15762600
v -0.02202400 1.24535000 0.15743600
v -0.02202400 1.24535000 0.15743600
v -0.02336700 1.24535000 0.15571900
v -0.02336700 1.24535000 0.15571900
v -0.02370000 1.17235000 0.15524500
v -0.02370000 1.17235000 0.15524500
v -0.02489000 1.24535000 0.15336100
v -0.02489000 1.24535000 0.15336100
v -0.02481900 1.17235000 0.15347200
v -0.02481900 1.17235000 0.15347200
v -0.02601800 1.17235000 0.15122100
v -0.02601800 1.17235000 0.15122100
v -0.02590300 1.24535000 0.15143000
v -0.02590300 1.24535000 0.15143000
v -0.02675600 1.24535000 0.14949800
v -0.02675600 1.24535000 0.14949800
v -0.02700500 1.17235000 0.14883100
v -0.02700500 1.17235000 0.14883100
v -0.02747300 1.24535000 0.14743000
v -0.02747300 1.24535000 0.14743000
v -0.02778800 1.17235000 0.14638800
v -0.02778800 1.17235000 0.14638800
v -0.02802600 1.24535000 0.14540200
v -0.02802600 1.24535000 0.14540200
v -0.02840900 1.17235000 0.14342300
v -0.02840900 1.17235000 0.14342300
v -0.02842900 1.24535000 0.14324000
v -0.02842900 1.24535000 0.14324000
v -0.02868200 1.24535000 0.14106900
v -0.02868200 1.24535000 0.14106900
v -0.02865200 1.17235000 0.14136800
v -0.02865200 1.17235000 0.14136800
v -0.02875100 1.17235000 0.13942300
v -0.02875100 1.17235000 0.13942300
v -0.02875000 1.24535000 0.13895600
v -0.02875000 1.24535000 0.13895600
v -0.05499400 1.17835000 0.17945000
v -0.05499400 1.17835000 0.17945000
v -0.05499100 1.17835000 0.09838900
v -0.05499100 1.17835000 0.09838900
v -0.05498000 1.17235000 0.17993100
v -0.05498000 1.17235000 0.17993100
v -0.05489500 1.17835000 0.18076300
v -0.05489500 1.17835000 0.18076300
v -0.05471700 1.17235000 0.18189400
v -0.05471700 1.17235000 0.18189400
v -0.05464300 1.17835000 0.18223500
v -0.05464300 1.17835000 0.18223500
v -0.05431100 1.17235000 0.18346400
v -0.05431100 1.17235000 0.18346400
v -0.05423700 1.17835000 0.18369100
v -0.05423700 1.17835000 0.18369100
v -0.05383200 1.17235000 0.18476900
v -0.05383200 1.17235000 0.18476900
v -0.05371200 1.17835000 0.18504800
v -0.05371200 1.17835000 0.18504800
v -0.05322600 1.17235000 0.18604200
v -0.05322600 1.17235000 0.18604200
v -0.05305500 1.17835000 0.18635100
v -0.05305500 1.17835000 0.18635100
v -0.05249400 1.17235000 0.18726400
v -0.05249400 1.17235000 0.18726400
v -0.05227300 1.17835000 0.18758700
v -0.05227300 1.17835000 0.18758700
v -0.05164300 1.17235000 0.18842000
v -0.05164300 1.17235000 0.18842000
v -0.05137400 1.17835000 0.18874100
v -0.05137400 1.17835000 0.18874100
v -0.05068200 1.17235000 0.18949200
v -0.05068200 1.17235000 0.18949200
v -0.05036500 1.17835000 0.18980400
v -0.05036500 1.17835000 0.18980400
v -0.04962200 1.17235000 0.19046800
v -0.04962200 1.17235000 0.19046800
v -0.04925700 1.17835000 0.19076400
v -0.04925700 1.17835000 0.19076400
v -0.04847700 1.17235000 0.19133500
v -0.04847700 1.17235000 0.19133500
v -0.04806200 1.17835000 0.19161000
v -0.04806200 1.17835000 0.19161000
v -0.04726400 1.17235000 0.19208400
v -0.04726400 1.17235000 0.19208400
v -0.04679100 1.17835000 0.19233500
v -0.04679100 1.17835000 0.19233500
v -0.04574700 1.17235000 0.19282000
v -0.04574700 1.17235000 0.19282000
v -0.04507600 1.17835000 0.19308500
v -0.04507600 1.17835000 0.19308500
v -0.04418100 1.17235000 0.19336500
v -0.04418100 1.17235000 0.19336500
v -0.04326700 1.17835000 0.19360000
v -0.04326700 1.17835000 0.19360000
v -0.04286300 1.17235000 0.19368400
v -0.04286300 1.17235000 0.19368400
v -0.04184400 1.17835000 0.19384600
v -0.04184400 1.17835000 0.19384600
v -0.04101100 1.17235000 0.19393600
v -0.04101100 1.17235000 0.19393600
v -0.04056600 1.17835000 0.19394700
v -0.04056600 1.17835000 0.19394700
v 0.04049500 1.17835000 0.19395000
v 0.04049500 1.17835000 0.19395000
v 0.04097500 1.17235000 0.19393500
v 0.04097500 1.17235000 0.19393500
v 0.04180800 1.17835000 0.19385000
v 0.04180800 1.17835000 0.19385000
v 0.04261700 1.17235000 0.19372800
v 0.04261700 1.17235000 0.19372800
v 0.04328000 1.17835000 0.19359800
v 0.04328000 1.17835000 0.19359800
v 0.04384900 1.17235000 0.19345700
v 0.04384900 1.17235000 0.19345700
v 0.04473500 1.17835000 0.19319300
v 0.04473500 1.17835000 0.19319300
v 0.04516400 1.17235000 0.19304300
v 0.04516400 1.17235000 0.19304300
v 0.04609300 1.17835000 0.19266700
v 0.04609300 1.17835000 0.19266700
v 0.04645500 1.17235000 0.19250000
v 0.04645500 1.17235000 0.19250000
v 0.04739600 1.17835000 0.19201100
v 0.04739600 1.17835000 0.19201100
v 0.04770500 1.17235000 0.19183000
v 0.04770500 1.17235000 0.19183000
v 0.04863100 1.17835000 0.19122900
v 0.04863100 1.17835000 0.19122900
v 0.04889600 1.17235000 0.19103800
v 0.04889600 1.17235000 0.19103800
v 0.04978600 1.17835000 0.19032900
v 0.04978600 1.17835000 0.19032900
v 0.05001200 1.17235000 0.19013100
v 0.05001200 1.17235000 0.19013100
v 0.05084900 1.17835000 0.18932100
v 0.05084900 1.17835000 0.18932100
v 0.05103800 1.17235000 0.18911900
v 0.05103800 1.17235000 0.18911900
v 0.05180800 1.17835000 0.18821300
v 0.05180800 1.17835000 0.18821300
v 0.05196100 1.17235000 0.18801500
v 0.05196100 1.17235000 0.18801500
v 0.05265500 1.17835000 0.18701700
v 0.05265500 1.17835000 0.18701700
v 0.05277000 1.17235000 0.18683400
v 0.05277000 1.17235000 0.18683400
v 0.05338000 1.17835000 0.18574600
v 0.05338000 1.17835000 0.18574600
v 0.05345600 1.17235000 0.18559300
v 0.05345600 1.17235000 0.18559300
v 0.05413000 1.17835000 0.18403200
v 0.05413000 1.17835000 0.18403200
v 0.05398700 1.17235000 0.18438000
v 0.05398700 1.17235000 0.18438000
v 0.05440900 1.17235000 0.18313700
v 0.05440900 1.17235000 0.18313700
v 0.05464400 1.17835000 0.18222200
v 0.05464400 1.17835000 0.18222200
v 0.05472800 1.17235000 0.18181800
v 0.05472800 1.17235000 0.18181800
v 0.05489000 1.17835000 0.18079900
v 0.05489000 1.17835000 0.18079900
v 0.05496100 1.17235000 0.18016400
v 0.05496100 1.17235000 0.18016400
v 0.05499400 1.17835000 0.17946900
v 0.05499400 1.17835000 0.17946900
v 0.05500000 1.17235000 0.17895600
v 0.05500000 1.17235000 0.17895600
v 0.05498400 1.17235000 0.09802800
v 0.05498400 1.17235000 0.09802800
v 0.05499200 1.17835000 0.09841000
v 0.05499200 1.17835000 0.09841000
v 0.05489500 1.17835000 0.09714800
v 0.05489500 1.17835000 0.09714800
v 0.05471700 1.17235000 0.09601700
v 0.05471700 1.17235000 0.09601700
v 0.05464300 1.17835000 0.09567600
v 0.05464300 1.17835000 0.09567600
v 0.05431100 1.17235000 0.09444700
v 0.05431100 1.17235000 0.09444700
v 0.05423700 1.17835000 0.09422000
v 0.05423700 1.17835000 0.09422000
v 0.05383200 1.17235000 0.09314200
v 0.05383200 1.17235000 0.09314200
v 0.05371200 1.17835000 0.09286300
v 0.05371200 1.17835000 0.09286300
v 0.05322600 1.17235000 0.09186900
v 0.05322600 1.17235000 0.09186900
v 0.05305500 1.17835000 0.09156000
v 0.05305500 1.17835000 0.09156000
v 0.05249400 1.17235000 0.09064700
v 0.05249400 1.17235000 0.09064700
v 0.05227300 1.17835000 0.09032400
v 0.05227300 1.17835000 0.09032400
v 0.05164300 1.17235000 0.08949100
v 0.05164300 1.17235000 0.08949100
v 0.05137400 1.17835000 0.08917000
v 0.05137400 1.17835000 0.08917000
v 0.05068200 1.17235000 0.08841900
v 0.05068200 1.17235000 0.08841900
v 0.05036500 1.17835000 0.08810700
v 0.05036500 1.17835000 0.08810700
v 0.04962200 1.17235000 0.08744300
v 0.04962200 1.17235000 0.08744300
v 0.04925700 1.17835000 0.08714700
v 0.04925700 1.17835000 0.08714700
v 0.04847700 1.17235000 0.08657600
v 0.04847700 1.17235000 0.08657600
v 0.04806200 1.17835000 0.08630100
v 0.04806200 1.17835000 0.08630100
v 0.04726400 1.17235000 0.08582700
v 0.04726400 1.17235000 0.08582700
v 0.04679000 1.17835000 0.08557600
v 0.04679000 1.17835000 0.08557600
v 0.04574700 1.17235000 0.08509100
v 0.04574700 1.17235000 0.08509100
v 0.04540700 1.17835000 0.08495800
v 0.04540700 1.17835000 0.08495800
v 0.04418200 1.17235000 0.08454600
v 0.04418200 1.17235000 0.08454600
v 0.04397000 1.17835000 0.08448600
v 0.04397000 1.17835000 0.08448600
v 0.04286300 1.17235000 0.08422700
v 0.04286300 1.17235000 0.08422700
v 0.04255800 1.17835000 0.08417100
v 0.04255800 1.17835000 0.08417100
v 0.04106600 1.17235000 0.08398000
v 0.04106600 1.17235000 0.08398000
v 0.04085000 1.17835000 0.08397000
v 0.04085000 1.17835000 0.08397000
v -0.04092700 1.17235000 0.08397100
v -0.04092700 1.17235000 0.08397100
v -0.04054600 1.17835000 0.08396400
v -0.04054600 1.17835000 0.08396400
v -0.04180800 1.17835000 0.08406100
v -0.04180800 1.17835000 0.08406100
v -0.04293900 1.17235000 0.08423800
v -0.04293900 1.17235000 0.08423800
v -0.04328000 1.17835000 0.08431300
v -0.04328000 1.17835000 0.08431300
v -0.04450800 1.17235000 0.08464500
v -0.04450800 1.17235000 0.08464500
v -0.04473500 1.17835000 0.08471800
v -0.04473500 1.17835000 0.08471800
v -0.04581300 1.17235000 0.08512300
v -0.04581300 1.17235000 0.08512300
v -0.04609300 1.17835000 0.08524400
v -0.04609300 1.17835000 0.08524400
v -0.04708600 1.17235000 0.08573000
v -0.04708600 1.17235000 0.08573000
v -0.04739600 1.17835000 0.08590100
v -0.04739600 1.17835000 0.08590100
v -0.04830800 1.17235000 0.08646200
v -0.04830800 1.17235000 0.08646200
v -0.04863100 1.17835000 0.08668200
v -0.04863100 1.17835000 0.08668200
v -0.04946400 1.17235000 0.08731200
v -0.04946400 1.17235000 0.08731200
v -0.04978600 1.17835000 0.08758200
v -0.04978600 1.17835000 0.08758200
v -0.05053700 1.17235000 0.08827400
v -0.05053700 1.17235000 0.08827400
v -0.05084900 1.17835000 0.08859000
v -0.05084900 1.17835000 0.08859000
v -0.05151300 1.17235000 0.08933300
v -0.05151300 1.17235000 0.08933300
v -0.05180800 1.17835000 0.08969800
v -0.05180800 1.17835000 0.08969800
v -0.05238000 1.17235000 0.09047800
v -0.05238000 1.17235000 0.09047800
v -0.05265400 1.17835000 0.09089400
v -0.05265400 1.17835000 0.09089400
v -0.05312800 1.17235000 0.09169100
v -0.05312800 1.17235000 0.09169100
v -0.05338000 1.17835000 0.09216500
v -0.05338000 1.17835000 0.09216500
v -0.05386400 1.17235000 0.09320800
v -0.05386400 1.17235000 0.09320800
v -0.05413000 1.17835000 0.09388000
v -0.05413000 1.17835000 0.09388000
v -0.05440900 1.17235000 0.09477400
v -0.05440900 1.17235000 0.09477400
v -0.05464400 1.17835000 0.09568900
v -0.05464400 1.17835000 0.09568900
v -0.05472800 1.17235000 0.09609300
v -0.05472800 1.17235000 0.09609300
v -0.05489000 1.17835000 0.09711200
v -0.05489000 1.17835000 0.09711200
v -0.05498100 1.17235000 0.09794500
v -0.05498100 1.17235000 0.09794500
v 0.04500500 1.17835000 0.17910700
v 0.04500500 1.17835000 0.17910700
v 0.04499300 1.17235000 0.17858700
v 0.04499300 1.17235000 0.17858700
v 0.04496500 1.17835000 0.17834300
v 0.04496500 1.17835000 0.17834300
v 0.04486900 1.17235000 0.17780600
v 0.04486900 1.17235000 0.17780600
v 0.04482500 1.17835000 0.17762400
v 0.04482500 1.17835000 0.17762400
v 0.04464900 1.17235000 0.17710100
v 0.04464900 1.17235000 0.17710100
v 0.04453500 1.17835000 0.17683600
v 0.04453500 1.17835000 0.17683600
v 0.04426600 1.17235000 0.17633600
v 0.04426600 1.17235000 0.17633600
v 0.04397900 1.17835000 0.17590500
v 0.04397900 1.17835000 0.17590500
v 0.04374500 1.17235000 0.17563400
v 0.04374500 1.17235000 0.17563400
v 0.04321600 1.17835000 0.17511900
v 0.04321600 1.17835000 0.17511900
v 0.04302400 1.17235000 0.17496200
v 0.04302400 1.17235000 0.17496200
v 0.04250200 1.17835000 0.17462000
v 0.04250200 1.17835000 0.17462000
v 0.04219000 1.17235000 0.17445400
v 0.04219000 1.17235000 0.17445400
v 0.04173000 1.17835000 0.17425800
v 0.04173000 1.17835000 0.17425800
v 0.04140500 1.17235000 0.17415200
v 0.04140500 1.17235000 0.17415200
v 0.04093800 1.17835000 0.17403900
v 0.04093800 1.17835000 0.17403900
v 0.04061500 1.17235000 0.17398900
v 0.04061500 1.17235000 0.17398900
v 0.04015800 1.17835000 0.17395300
v 0.04015800 1.17835000 0.17395300
v 0.03984200 1.17235000 0.17395300
v 0.03984200 1.17235000 0.17395300
v 0.03938500 1.17835000 0.17398900
v 0.03938500 1.17835000 0.17398900
v 0.03906200 1.17235000 0.17403900
v 0.03906200 1.17235000 0.17403900
v 0.03859500 1.17835000 0.17415200
v 0.03859500 1.17835000 0.17415200
v 0.03827100 1.17235000 0.17425800
v 0.03827100 1.17235000 0.17425800
v 0.03781000 1.17835000 0.17445400
v 0.03781000 1.17835000 0.17445400
v 0.03749800 1.17235000 0.17462000
v 0.03749800 1.17235000 0.17462000
v 0.03697600 1.17835000 0.17496200
v 0.03697600 1.17835000 0.17496200
v 0.03678400 1.17235000 0.17511900
v 0.03678400 1.17235000 0.17511900
v 0.03625500 1.17835000 0.17563400
v 0.03625500 1.17835000 0.17563400
v 0.03602100 1.17235000 0.17590500
v 0.03602100 1.17235000 0.17590500
v 0.03573400 1.17835000 0.17633600
v 0.03573400 1.17835000 0.17633600
v 0.03546500 1.17235000 0.17683600
v 0.03546500 1.17235000 0.17683600
v 0.03535100 1.17835000 0.17710100
v 0.03535100 1.17835000 0.17710100
v 0.03517500 1.17235000 0.17762400
v 0.03517500 1.17235000 0.17762400
v 0.03513100 1.17835000 0.17780600
v 0.03513100 1.17835000 0.17780600
v 0.03499400 1.17235000 0.17867900
v 0.03499400 1.17235000 0.17867900
v 0.03500200 1.17835000 0.17864000
v 0.03500200 1.17835000 0.17864000
v 0.04500500 1.17835000 0.09867800
v 0.04500500 1.17835000 0.09867800
v 0.04499600 1.17235000 0.09861600
v 0.04499600 1.17235000 0.09861600
v 0.04486900 1.17235000 0.09780600
v 0.04486900 1.17235000 0.09780600
v 0.04482500 1.17835000 0.09762400
v 0.04482500 1.17835000 0.09762400
v 0.04464900 1.17235000 0.09710100
v 0.04464900 1.17235000 0.09710100
v 0.04453500 1.17835000 0.09683600
v 0.04453500 1.17835000 0.09683600
v 0.04426600 1.17235000 0.09633600
v 0.04426600 1.17235000 0.09633600
v 0.04397900 1.17835000 0.09590500
v 0.04397900 1.17835000 0.09590500
v 0.04367500 1.17235000 0.09555100
v 0.04367500 1.17235000 0.09555100
v 0.04321600 1.17835000 0.09511900
v 0.04321600 1.17835000 0.09511900
v 0.04293200 1.17235000 0.09489800
v 0.04293200 1.17235000 0.09489800
v 0.04250200 1.17835000 0.09462000
v 0.04250200 1.17835000 0.09462000
v 0.04219000 1.17235000 0.09445400
v 0.04219000 1.17235000 0.09445400
v 0.04173000 1.17835000 0.09425800
v 0.04173000 1.17835000 0.09425800
v 0.04140500 1.17235000 0.09415200
v 0.04140500 1.17235000 0.09415200
v 0.04093800 1.17835000 0.09403900
v 0.04093800 1.17835000 0.09403900
v 0.04061500 1.17235000 0.09398900
v 0.04061500 1.17235000 0.09398900
v 0.04015800 1.17835000 0.09395300
v 0.04015800 1.17835000 0.09395300
v 0.03984200 1.17235000 0.09395300
v 0.03984200 1.17235000 0.09395300
v 0.03938500 1.17835000 0.09398900
v 0.03938500 1.17835000 0.09398900
v 0.03906200 1.17235000 0.09403900
v 0.03906200 1.17235000 0.09403900
v 0.03859500 1.17835000 0.09415200
v 0.03859500 1.17835000 0.09415200
v 0.03827000 1.17235000 0.09425800
v 0.03827000 1.17235000 0.09425800
v 0.03781000 1.17835000 0.09445400
v 0.03781000 1.17835000 0.09445400
v 0.03749800 1.17235000 0.09462000
v 0.03749800 1.17235000 0.09462000
v 0.03697600 1.17835000 0.09496200
v 0.03697600 1.17835000 0.09496200
v 0.03678400 1.17235000 0.09511900
v 0.03678400 1.17235000 0.09511900
v 0.03625500 1.17835000 0.09563400
v 0.03625500 1.17835000 0.09563400
v 0.03602100 1.17235000 0.09590500
v 0.03602100 1.17235000 0.09590500
v 0.03573400 1.17835000 0.09633600
v 0.03573400 1.17835000 0.09633600
v 0.03546500 1.17235000 0.09683600
v 0.03546500 1.17235000 0.09683600
v 0.03535100 1.17835000 0.09710100
v 0.03535100 1.17835000 0.09710100
v 0.03517500 1.17235000 0.09762400
v 0.03517500 1.17235000 0.09762400
v 0.03507600 1.17835000 0.09803100
v 0.03507600 1.17835000 0.09803100
v 0.03499400 1.17235000 0.09867900
v 0.03499400 1.17235000 0.09867900
v 0.03499700 1.17835000 0.09892900
v 0.03499700 1.17835000 0.09892900
v -0.03499500 1.17835000 0.17910700
v -0.03499500 1.17835000 0.17910700
v -0.03500700 1.17235000 0.17858700
v -0.03500700 1.17235000 0.17858700
v -0.03503500 1.17835000 0.17834300
v -0.03503500 1.17835000 0.17834300
v -0.03513100 1.17235000 0.17780600
v -0.03513100 1.17235000 0.17780600
v -0.03517500 1.17835000 0.17762400
v -0.03517500 1.17835000 0.17762400
v -0.03535100 1.17235000 0.17710100
v -0.03535100 1.17235000 0.17710100
v -0.03546500 1.17835000 0.17683600
v -0.03546500 1.17835000 0.17683600
v -0.03573400 1.17235000 0.17633600
v -0.03573400 1.17235000 0.17633600
v -0.03602100 1.17835000 0.17590500
v -0.03602100 1.17835000 0.17590500
v -0.03625500 1.17235000 0.17563400
v -0.03625500 1.17235000 0.17563400
v -0.03678400 1.17835000 0.17511900
v -0.03678400 1.17835000 0.17511900
v -0.03697600 1.17235000 0.17496200
v -0.03697600 1.17235000 0.17496200
v -0.03749800 1.17835000 0.17462000
v -0.03749800 1.17835000 0.17462000
v -0.03781000 1.17235000 0.17445400
v -0.03781000 1.17235000 0.17445400
v -0.03827000 1.17835000 0.17425800
v -0.03827000 1.17835000 0.17425800
v -0.03859500 1.17235000 0.17415200
v -0.03859500 1.17235000 0.17415200
v -0.03906200 1.17835000 0.17403900
v -0.03906200 1.17835000 0.17403900
v -0.03938500 1.17235000 0.17398900
v -0.03938500 1.17235000 0.17398900
v -0.03984200 1.17835000 0.17395400
v -0.03984200 1.17835000 0.17395400
v -0.04015800 1.17235000 0.17395400
v -0.04015800 1.17235000 0.17395400
v -0.04061500 1.17835000 0.17398900
v -0.04061500 1.17835000 0.17398900
v -0.04093800 1.17235000 0.17403900
v -0.04093800 1.17235000 0.17403900
v -0.04140500 1.17835000 0.17415200
v -0.04140500 1.17835000 0.17415200
v -0.04172900 1.17235000 0.17425800
v -0.04172900 1.17235000 0.17425800
v -0.04219000 1.17835000 0.17445400
v -0.04219000 1.17835000 0.17445400
v -0.04250200 1.17235000 0.17462000
v -0.04250200 1.17235000 0.17462000
v -0.04302400 1.17835000 0.17496200
v -0.04302400 1.17835000 0.17496200
v -0.04321600 1.17235000 0.17511900
v -0.04321600 1.17235000 0.17511900
v -0.04374500 1.17835000 0.17563400
v -0.04374500 1.17835000 0.17563400
v -0.04397900 1.17235000 0.17590500
v -0.04397900 1.17235000 0.17590500
v -0.04426600 1.17835000 0.17633600
v -0.04426600 1.17835000 0.17633600
v -0.04453500 1.17235000 0.17683600
v -0.04453500 1.17235000 0.17683600
v -0.04464900 1.17835000 0.17710100
v -0.04464900 1.17835000 0.17710100
v -0.04482500 1.17235000 0.17762400
v -0.04482500 1.17235000 0.17762400
v -0.04486900 1.17835000 0.17780600
v -0.04486900 1.17835000 0.17780600
v -0.04500600 1.17235000 0.17867900
v -0.04500600 1.17235000 0.17867900
v -0.04499800 1.17835000 0.17864000
v -0.04499800 1.17835000 0.17864000
v -0.03500600 1.17835000 0.09856800
v -0.03500600 1.17835000 0.09856800
v -0.03500700 1.17235000 0.09858700
v -0.03500700 1.17235000 0.09858700
v -0.03513100 1.17235000 0.09780600
v -0.03513100 1.17235000 0.09780600
v -0.03517500 1.17835000 0.09762400
v -0.03517500 1.17835000 0.09762400
v -0.03535100 1.17235000 0.09710100
v -0.03535100 1.17235000 0.09710100
v -0.03546500 1.17835000 0.09683600
v -0.03546500 1.17835000 0.09683600
v -0.03573400 1.17235000 0.09633600
v -0.03573400 1.17235000 0.09633600
v -0.03602100 1.17835000 0.09590500
v -0.03602100 1.17835000 0.09590500
v -0.03632500 1.17235000 0.09555100
v -0.03632500 1.17235000 0.09555100
v -0.03678400 1.17835000 0.09511900
v -0.03678400 1.17835000 0.09511900
v -0.03706800 1.17235000 0.09489800
v -0.03706800 1.17235000 0.09489800
v -0.03749800 1.17835000 0.09462000
v -0.03749800 1.17835000 0.09462000
v -0.03781000 1.17235000 0.09445400
v -0.03781000 1.17235000 0.09445400
v -0.03827000 1.17835000 0.09425800
v -0.03827000 1.17835000 0.09425800
v -0.03859500 1.17235000 0.09415200
v -0.03859500 1.17235000 0.09415200
v -0.03906200 1.17835000 0.09403900
v -0.03906200 1.17835000 0.09403900
v -0.03938500 1.17235000 0.09398900
v -0.03938500 1.17235000 0.09398900
v -0.03984200 1.17835000 0.09395300
v -0.03984200 1.17835000 0.09395300
v -0.04015800 1.17235000 0.09395300
v -0.04015800 1.17235000 0.09395300
v -0.04061500 1.17835000 0.09398900
v -0.04061500 1.17835000 0.09398900
v -0.04093800 1.17235000 0.09403900
v -0.04093800 1.17235000 0.09403900
v -0.04140500 1.17835000 0.09415200
v -0.04140500 1.17835000 0.09415200
v -0.04173000 1.17235000 0.09425800
v -0.04173000 1.17235000 0.09425800
v -0.04219000 1.17835000 0.09445400
v -0.04219000 1.17835000 0.09445400
v -0.04250200 1.17235000 0.09462000
v -0.04250200 1.17235000 0.09462000
v -0.04302400 1.17835000 0.09496200
v -0.04302400 1.17835000 0.09496200
v -0.04321600 1.17235000 0.09511900
v -0.04321600 1.17235000 0.09511900
v -0.04374500 1.17835000 0.09563400
v -0.04374500 1.17835000 0.09563400
v -0.04397900 1.17235000 0.09590500
v -0.04397900 1.17235000 0.09590500
v -0.04426600 1.17835000 0.09633600
v -0.04426600 1.17835000 0.09633600
v -0.04453500 1.17235000 0.09683600
v -0.04453500 1.17235000 0.09683600
v -0.04464900 1.17835000 0.09710100
v -0.04464900 1.17835000 0.09710100
v -0.04482500 1.17235000 0.09762400
v -0.04482500 1.17235000 0.09762400
v -0.04492400 1.17835000 0.09803100
v -0.04492400 1.17835000 0.09803100
v -0.04500600 1.17235000 0.09867900
v -0.04500600 1.17235000 0.09867900
v -0.04500300 1.17835000 0.09892900
v -0.04500300 1.17835000 0.09892900
v -0.01315200 1.18235000 0.11338400
v -0.01315200 1.18235000 0.11338400
v -0.01411400 1.18235000 0.11389200
v -0.01411400 1.18235000 0.11389200
v -0.01330700 1.18235000 0.11313800
v -0.01330700 1.18235000 0.11313800
v -0.01271200 1.18235000 0.11222100
v -0.01271200 1.18235000 0.11222100
v -0.01795400 1.18235000 0.10545700
v -0.01795400 1.18235000 0.10545700
v -0.01878900 1.18235000 0.10593300
v -0.01878900 1.18235000 0.10593300
v -0.01054800 1.18235000 0.11219400
v -0.01054800 1.18235000 0.11219400
v -0.01238300 1.18235000 0.11129700
v -0.01238300 1.18235000 0.11129700
v -0.01806000 1.18235000 0.10566700
v -0.01806000 1.18235000 0.10566700
v -0.01751000 1.18235000 0.10555300
v -0.01751000 1.18235000 0.10555300
v -0.01226200 1.18235000 0.11043100
v -0.01226200 1.18235000 0.11043100
v -0.01687300 1.18235000 0.10550200
v -0.01687300 1.18235000 0.10550200
v -0.01572300 1.18235000 0.10435300
v -0.01572300 1.18235000 0.10435300
v -0.01231000 1.18235000 0.10955600
v -0.01231000 1.18235000 0.10955600
v -0.01605900 1.18235000 0.10557300
v -0.01605900 1.18235000 0.10557300
v -0.00724200 1.18235000 0.11111700
v -0.00724200 1.18235000 0.11111700
v -0.01250000 1.18235000 0.10879100
v -0.01250000 1.18235000 0.10879100
v -0.01539700 1.18235000 0.10575000
v -0.01539700 1.18235000 0.10575000
v -0.01388400 1.18235000 0.10358000
v -0.01388400 1.18235000 0.10358000
v -0.01469800 1.18235000 0.10605100
v -0.01469800 1.18235000 0.10605100
v -0.01397800 1.18235000 0.10654600
v -0.01397800 1.18235000 0.10654600
v -0.01184800 1.18235000 0.10284400
v -0.01184800 1.18235000 0.10284400
v -0.01350100 1.18235000 0.10701000
v -0.01350100 1.18235000 0.10701000
v -0.01317600 1.18235000 0.10742100
v -0.01317600 1.18235000 0.10742100
v -0.00982500 1.18235000 0.10224500
v -0.00982500 1.18235000 0.10224500
v -0.01285500 1.18235000 0.10794500
v -0.01285500 1.18235000 0.10794500
v -0.00803100 1.18235000 0.10180900
v -0.00803100 1.18235000 0.10180900
v -0.00384000 1.18235000 0.11044800
v -0.00384000 1.18235000 0.11044800
v -0.00560900 1.18235000 0.10136700
v -0.00560900 1.18235000 0.10136700
v -0.00321000 1.18235000 0.10108700
v -0.00321000 1.18235000 0.10108700
v -0.00102600 1.18235000 0.11021900
v -0.00102600 1.18235000 0.11021900
v -0.00136900 1.18235000 0.10097700
v -0.00136900 1.18235000 0.10097700
v 0.00037400 1.18235000 0.10095400
v 0.00037400 1.18235000 0.10095400
v 0.00073200 1.18235000 0.11021500
v 0.00073200 1.18235000 0.11021500
v 0.01269900 1.18235000 0.11315400
v 0.01269900 1.18235000 0.11315400
v 0.00236400 1.18235000 0.10102400
v 0.00236400 1.18235000 0.10102400
v 0.00309300 1.18235000 0.11035700
v 0.00309300 1.18235000 0.11035700
v 0.01036100 1.18235000 0.11213100
v 0.01036100 1.18235000 0.11213100
v 0.01228700 1.18235000 0.10977000
v 0.01228700 1.18235000 0.10977000
v 0.00419700 1.18235000 0.10118800
v 0.00419700 1.18235000 0.10118800
v 0.00808100 1.18235000 0.11135800
v 0.00808100 1.18235000 0.11135800
v 0.01243700 1.18235000 0.10897400
v 0.01243700 1.18235000 0.10897400
v 0.00632100 1.18235000 0.10147600
v 0.00632100 1.18235000 0.10147600
v 0.00588500 1.18235000 0.11080900
v 0.00588500 1.18235000 0.11080900
v 0.00900300 1.18235000 0.10202900
v 0.00900300 1.18235000 0.10202900
v 0.01283000 1.18235000 0.10799700
v 0.01283000 1.18235000 0.10799700
v 0.01126000 1.18235000 0.10265800
v 0.01126000 1.18235000 0.10265800
v 0.01318900 1.18235000 0.10740200
v 0.01318900 1.18235000 0.10740200
v 0.01358600 1.18235000 0.10691800
v 0.01358600 1.18235000 0.10691800
v 0.01360600 1.18235000 0.10346500
v 0.01360600 1.18235000 0.10346500
v 0.01422300 1.18235000 0.10635000
v 0.01422300 1.18235000 0.10635000
v 0.01503800 1.18235000 0.10588800
v 0.01503800 1.18235000 0.10588800
v 0.01593700 1.18235000 0.10445700
v 0.01593700 1.18235000 0.10445700
v 0.01572300 1.18235000 0.10565100
v 0.01572300 1.18235000 0.10565100
v 0.01647900 1.18235000 0.10551800
v 0.01647900 1.18235000 0.10551800
v 0.01782500 1.18235000 0.10538700
v 0.01782500 1.18235000 0.10538700
v 0.01734600 1.18235000 0.10552800
v 0.01734600 1.18235000 0.10552800
v 0.01801800 1.18235000 0.10565800
v 0.01801800 1.18235000 0.10565800
v 0.01865300 1.18235000 0.10587300
v 0.01865300 1.18235000 0.10587300
v -0.04329300 1.17235000 0.18273100
v -0.04329300 1.17235000 0.18273100
v -0.04396800 1.17235000 0.18200700
v -0.04396800 1.17235000 0.18200700
v -0.04249300 1.17235000 0.18329600
v -0.04249300 1.17235000 0.18329600
v -0.04443600 1.17235000 0.18127600
v -0.04443600 1.17235000 0.18127600
v -0.04172100 1.17235000 0.18365600
v -0.04172100 1.17235000 0.18365600
v -0.04476300 1.17235000 0.18049500
v -0.04476300 1.17235000 0.18049500
v -0.04092900 1.17235000 0.18387400
v -0.04092900 1.17235000 0.18387400
v -0.04494900 1.17235000 0.17970400
v -0.04494900 1.17235000 0.17970400
v -0.04015000 1.17235000 0.18395800
v -0.04015000 1.17235000 0.18395800
v -0.03937500 1.17235000 0.18392100
v -0.03937500 1.17235000 0.18392100
v -0.03858500 1.17235000 0.18375700
v -0.03858500 1.17235000 0.18375700
v -0.03780100 1.17235000 0.18345200
v -0.03780100 1.17235000 0.18345200
v -0.03696800 1.17235000 0.18294300
v -0.03696800 1.17235000 0.18294300
v -0.03624800 1.17235000 0.18226900
v -0.03624800 1.17235000 0.18226900
v -0.03572900 1.17235000 0.18156700
v -0.03572900 1.17235000 0.18156700
v -0.01711000 1.17235000 0.16882500
v -0.03501000 1.17235000 0.17928900
v -0.03501000 1.17235000 0.17928900
v -0.03509700 1.17235000 0.17996800
v -0.03509700 1.17235000 0.17996800
v -0.03534700 1.17235000 0.18080100
v -0.03534700 1.17235000 0.18080100
v -0.03313400 1.17235000 0.13819400
v -0.02871700 1.17235000 0.13758100
v -0.02871700 1.17235000 0.13758100
v -0.02856800 1.17235000 0.13565100
v -0.02856800 1.17235000 0.13565100
v -0.02812100 1.17235000 0.13293800
v -0.02812100 1.17235000 0.13293800
v -0.02747800 1.17235000 0.13047700
v -0.02747800 1.17235000 0.13047700
v -0.02679600 1.17235000 0.12852900
v -0.02679600 1.17235000 0.12852900
v 0.03670700 1.17235000 0.18273100
v 0.03670700 1.17235000 0.18273100
v -0.04390200 1.17235000 0.10209700
v -0.04390200 1.17235000 0.10209700
v -0.04320800 1.17235000 0.10279800
v -0.04320800 1.17235000 0.10279800
v 0.03603200 1.17235000 0.18200700
v 0.03603200 1.17235000 0.18200700
v 0.03750700 1.17235000 0.18329600
v 0.03750700 1.17235000 0.18329600
v -0.04249300 1.17235000 0.10329600
v -0.04249300 1.17235000 0.10329600
v 0.03556400 1.17235000 0.18127600
v 0.03556400 1.17235000 0.18127600
v -0.04443600 1.17235000 0.10127600
v -0.04443600 1.17235000 0.10127600
v 0.03827900 1.17235000 0.18365600
v 0.03827900 1.17235000 0.18365600
v -0.04172100 1.17235000 0.10365600
v -0.04172100 1.17235000 0.10365600
v 0.03523800 1.17235000 0.18049500
v 0.03523800 1.17235000 0.18049500
v -0.04476300 1.17235000 0.10049500
v -0.04476300 1.17235000 0.10049500
v 0.03907100 1.17235000 0.18387400
v 0.03907100 1.17235000 0.18387400
v -0.04092900 1.17235000 0.10387400
v -0.04092900 1.17235000 0.10387400
v 0.03505100 1.17235000 0.17970400
v 0.03505100 1.17235000 0.17970400
v -0.04494900 1.17235000 0.09970400
v -0.04494900 1.17235000 0.09970400
v 0.03985000 1.17235000 0.18395800
v 0.03985000 1.17235000 0.18395800
v -0.04015000 1.17235000 0.10395800
v -0.04015000 1.17235000 0.10395800
v -0.02605200 1.17235000 0.12678800
v -0.02605200 1.17235000 0.12678800
v -0.02527700 1.17235000 0.12524800
v -0.02527700 1.17235000 0.12524800
v 0.04062500 1.17235000 0.18392100
v 0.04062500 1.17235000 0.18392100
v -0.03937600 1.17235000 0.10392100
v -0.03937600 1.17235000 0.10392100
v -0.02394100 1.17235000 0.12301100
v -0.02394100 1.17235000 0.12301100
v 0.04141500 1.17235000 0.18375700
v 0.04141500 1.17235000 0.18375700
v -0.03858600 1.17235000 0.10375700
v -0.03858600 1.17235000 0.10375700
v 0.04219900 1.17235000 0.18345200
v 0.04219900 1.17235000 0.18345200
v -0.03780100 1.17235000 0.10345200
v -0.03780100 1.17235000 0.10345200
v -0.02187900 1.17235000 0.12028100
v -0.02187900 1.17235000 0.12028100
v 0.04303200 1.17235000 0.18294300
v 0.04303200 1.17235000 0.18294300
v -0.03687700 1.17235000 0.10287800
v -0.03687700 1.17235000 0.10287800
v 0.04390100 1.17235000 0.18210500
v 0.04390100 1.17235000 0.18210500
v 0.04448000 1.17235000 0.18118900
v 0.04448000 1.17235000 0.18118900
v -0.01684200 1.17235000 0.10893700
v -0.01848800 1.17235000 0.11692800
v -0.01848800 1.17235000 0.11692800
v -0.02010500 1.17235000 0.11839800
v -0.02010500 1.17235000 0.11839800
v -0.01682300 1.17235000 0.11563500
v -0.01682300 1.17235000 0.11563500
v 0.04479200 1.17235000 0.18040200
v 0.04479200 1.17235000 0.18040200
v -0.01533800 1.17235000 0.11463600
v -0.01533800 1.17235000 0.11463600
v -0.03610600 1.17235000 0.10210200
v -0.03610600 1.17235000 0.10210200
v -0.03562000 1.17235000 0.10138000
v -0.03562000 1.17235000 0.10138000
v -0.01311400 1.17235000 0.11335400
v -0.01311400 1.17235000 0.11335400
v -0.03531300 1.17235000 0.10070400
v -0.03531300 1.17235000 0.10070400
v 0.04497500 1.17235000 0.17951700
v 0.04497500 1.17235000 0.17951700
v -0.03509700 1.17235000 0.09996800
v -0.03509700 1.17235000 0.09996800
v -0.03501000 1.17235000 0.09928900
v -0.03501000 1.17235000 0.09928900
v -0.01038900 1.17235000 0.11213900
v -0.01038900 1.17235000 0.11213900
v -0.00834400 1.17235000 0.11143900
v -0.00834400 1.17235000 0.11143900
v -0.00575400 1.17235000 0.11077100
v -0.00575400 1.17235000 0.11077100
v -0.00233000 1.17235000 0.11028400
v -0.00233000 1.17235000 0.11028400
v 0.00065100 1.17235000 0.11020500
v 0.00065100 1.17235000 0.11020500
v 0.02859900 1.17235000 0.13592600
v 0.02859900 1.17235000 0.13592600
v 0.02827200 1.17235000 0.13372000
v 0.02827200 1.17235000 0.13372000
v 0.02782500 1.17235000 0.13168700
v 0.02782500 1.17235000 0.13168700
v 0.02717600 1.17235000 0.12956500
v 0.02717600 1.17235000 0.12956500
v 0.02655300 1.17235000 0.12792000
v 0.02655300 1.17235000 0.12792000
v 0.01347300 1.17235000 0.11354100
v 0.01347300 1.17235000 0.11354100
v 0.01566100 1.17235000 0.11483900
v 0.01566100 1.17235000 0.11483900
v 0.01034200 1.17235000 0.11211300
v 0.01034200 1.17235000 0.11211300
v 0.01693800 1.17235000 0.11013200
v 0.01782200 1.17235000 0.11637700
v 0.01782200 1.17235000 0.11637700
v 0.00748600 1.17235000 0.11118900
v 0.00748600 1.17235000 0.11118900
v 0.00535300 1.17235000 0.11070400
v 0.00535300 1.17235000 0.11070400
v 0.01976400 1.17235000 0.11807300
v 0.01976400 1.17235000 0.11807300
v 0.00319500 1.17235000 0.11037600
v 0.00319500 1.17235000 0.11037600
v 0.02124900 1.17235000 0.11957700
v 0.02124900 1.17235000 0.11957700
v 0.03679200 1.17235000 0.10279800
v 0.03679200 1.17235000 0.10279800
v 0.03609800 1.17235000 0.10209700
v 0.03609800 1.17235000 0.10209700
v 0.03750700 1.17235000 0.10329600
v 0.03750700 1.17235000 0.10329600
v 0.02318000 1.17235000 0.12192200
v 0.02318000 1.17235000 0.12192200
v 0.03556400 1.17235000 0.10127600
v 0.03556400 1.17235000 0.10127600
v 0.03827900 1.17235000 0.10365600
v 0.03827900 1.17235000 0.10365600
v 0.03523800 1.17235000 0.10049500
v 0.03523800 1.17235000 0.10049500
v 0.02460400 1.17235000 0.12407400
v 0.02460400 1.17235000 0.12407400
v 0.03907100 1.17235000 0.10387400
v 0.03907100 1.17235000 0.10387400
v 0.03505100 1.17235000 0.09970400
v 0.03505100 1.17235000 0.09970400
v 0.02566800 1.17235000 0.12598900
v 0.02566800 1.17235000 0.12598900
v 0.03985000 1.17235000 0.10395800
v 0.03985000 1.17235000 0.10395800
v 0.04062400 1.17235000 0.10392100
v 0.04062400 1.17235000 0.10392100
v 0.04141400 1.17235000 0.10375700
v 0.04141400 1.17235000 0.10375700
v 0.04219900 1.17235000 0.10345200
v 0.04219900 1.17235000 0.10345200
v 0.04448000 1.17235000 0.10118900
v 0.04448000 1.17235000 0.10118900
v 0.04396500 1.17235000 0.10201700
v 0.04396500 1.17235000 0.10201700
v 0.04312300 1.17235000 0.10287800
v 0.04312300 1.17235000 0.10287800
v 0.04497000 1.17235000 0.09955100
v 0.04497000 1.17235000 0.09955100
v 0.04479200 1.17235000 0.10040200
v 0.04479200 1.17235000 0.10040200
v -0.04495700 1.17835000 0.09964800
v -0.04495700 1.17835000 0.09964800
v -0.04478000 1.17835000 0.10043900
v -0.04478000 1.17835000 0.10043900
v -0.04446300 1.17835000 0.10122100
v -0.04446300 1.17835000 0.10122100
v -0.04394300 1.17835000 0.10204600
v -0.04394300 1.17835000 0.10204600
v -0.04325600 1.17835000 0.10275800
v -0.04325600 1.17835000 0.10275800
v -0.04254600 1.17835000 0.10326500
v -0.04254600 1.17835000 0.10326500
v -0.04177600 1.17835000 0.10363500
v -0.04177600 1.17835000 0.10363500
v -0.04098500 1.17835000 0.10386300
v -0.04098500 1.17835000 0.10386300
v -0.04020400 1.17835000 0.10395600
v -0.04020400 1.17835000 0.10395600
v -0.03943100 1.17835000 0.10392800
v -0.03943100 1.17835000 0.10392800
v -0.03864200 1.17835000 0.10377300
v -0.03864200 1.17835000 0.10377300
v -0.03785600 1.17835000 0.10347900
v -0.03785600 1.17835000 0.10347900
v -0.03693000 1.17835000 0.10292000
v -0.03693000 1.17835000 0.10292000
v -0.03607500 1.17835000 0.10206900
v -0.03607500 1.17835000 0.10206900
v -0.03554800 1.17835000 0.10124300
v -0.03554800 1.17835000 0.10124300
v -0.03517900 1.17835000 0.10032100
v -0.03517900 1.17835000 0.10032100
v -0.03502000 1.17835000 0.09943200
v -0.03502000 1.17835000 0.09943200
v -0.04497800 1.17835000 0.17946800
v -0.04497800 1.17835000 0.17946800
v -0.04483700 1.17835000 0.18024100
v -0.04483700 1.17835000 0.18024100
v -0.04455600 1.17835000 0.18102900
v -0.04455600 1.17835000 0.18102900
v -0.04401300 1.17835000 0.18196100
v -0.04401300 1.17835000 0.18196100
v -0.04325600 1.17835000 0.18275800
v -0.04325600 1.17835000 0.18275800
v -0.04254600 1.17835000 0.18326500
v -0.04254600 1.17835000 0.18326500
v -0.04177700 1.17835000 0.18363500
v -0.04177700 1.17835000 0.18363500
v -0.04098500 1.17835000 0.18386300
v -0.04098500 1.17835000 0.18386300
v -0.04020400 1.17835000 0.18395600
v -0.04020400 1.17835000 0.18395600
v -0.03943100 1.17835000 0.18392800
v -0.03943100 1.17835000 0.18392800
v -0.03864200 1.17835000 0.18377300
v -0.03864200 1.17835000 0.18377300
v -0.03785600 1.17835000 0.18347900
v -0.03785600 1.17835000 0.18347900
v -0.03693000 1.17835000 0.18292000
v -0.03693000 1.17835000 0.18292000
v -0.03614600 1.17835000 0.18215000
v -0.03614600 1.17835000 0.18215000
v -0.03565000 1.17835000 0.18143300
v -0.03565000 1.17835000 0.18143300
v -0.03529400 1.17835000 0.18066000
v -0.03529400 1.17835000 0.18066000
v -0.03509100 1.17835000 0.17992400
v -0.03509100 1.17835000 0.17992400
v 0.03504300 1.17835000 0.09964800
v 0.03504300 1.17835000 0.09964800
v 0.03522000 1.17835000 0.10043900
v 0.03522000 1.17835000 0.10043900
v 0.03553700 1.17835000 0.10122100
v 0.03553700 1.17835000 0.10122100
v 0.03605700 1.17835000 0.10204600
v 0.03605700 1.17835000 0.10204600
v 0.03674400 1.17835000 0.10275800
v 0.03674400 1.17835000 0.10275800
v 0.03745400 1.17835000 0.10326500
v 0.03745400 1.17835000 0.10326500
v 0.03822400 1.17835000 0.10363500
v 0.03822400 1.17835000 0.10363500
v 0.03901500 1.17835000 0.10386300
v 0.03901500 1.17835000 0.10386300
v 0.03979600 1.17835000 0.10395600
v 0.03979600 1.17835000 0.10395600
v 0.04056900 1.17835000 0.10392800
v 0.04056900 1.17835000 0.10392800
v 0.04135800 1.17835000 0.10377300
v 0.04135800 1.17835000 0.10377300
v 0.04214400 1.17835000 0.10347900
v 0.04214400 1.17835000 0.10347900
v 0.04307000 1.17835000 0.10292000
v 0.04307000 1.17835000 0.10292000
v 0.04385400 1.17835000 0.10215000
v 0.04385400 1.17835000 0.10215000
v 0.04435000 1.17835000 0.10143300
v 0.04435000 1.17835000 0.10143300
v 0.04470600 1.17835000 0.10066000
v 0.04470600 1.17835000 0.10066000
v 0.04493300 1.17835000 0.09981000
v 0.04493300 1.17835000 0.09981000
v 0.03502200 1.17835000 0.17946800
v 0.03502200 1.17835000 0.17946800
v 0.03516300 1.17835000 0.18024100
v 0.03516300 1.17835000 0.18024100
v 0.03544400 1.17835000 0.18102900
v 0.03544400 1.17835000 0.18102900
v 0.03598700 1.17835000 0.18196100
v 0.03598700 1.17835000 0.18196100
v 0.03674400 1.17835000 0.18275800
v 0.03674400 1.17835000 0.18275800
v 0.03745400 1.17835000 0.18326500
v 0.03745400 1.17835000 0.18326500
v 0.03822300 1.17835000 0.18363500
v 0.03822300 1.17835000 0.18363500
v 0.03901500 1.17835000 0.18386300
v 0.03901500 1.17835000 0.18386300
v 0.03979600 1.17835000 0.18395600
v 0.03979600 1.17835000 0.18395600
v 0.04056900 1.17835000 0.18392800
v 0.04056900 1.17835000 0.18392800
v 0.04135800 1.17835000 0.18377300
v 0.04135800 1.17835000 0.18377300
v 0.04214400 1.17835000 0.18347900
v 0.04214400 1.17835000 0.18347900
v 0.04307000 1.17835000 0.18292000
v 0.04307000 1.17835000 0.18292000
v 0.04385400 1.17835000 0.18215000
v 0.04385400 1.17835000 0.18215000
v 0.04435000 1.17835000 0.18143300
v 0.04435000 1.17835000 0.18143300
v 0.04470600 1.17835000 0.18066000
v 0.04470600 1.17835000 0.18066000
v 0.04490900 1.17835000 0.17992400
v 0.04490900 1.17835000 0.17992400
v -0.02867000 1.24535000 0.13671300
v -0.02867000 1.24535000 0.13671300
v -0.02831100 1.24535000 0.13390200
v -0.02831100 1.24535000 0.13390200
v -0.02768300 1.24535000 0.13116800
v -0.02768300 1.24535000 0.13116800
v -0.02703200 1.24535000 0.12916600
v -0.02703200 1.24535000 0.12916600
v -0.02620000 1.24535000 0.12709700
v -0.02620000 1.24535000 0.12709700
v -0.02492300 1.24535000 0.12460700
v -0.02492300 1.24535000 0.12460700
v -0.02379900 1.24535000 0.12282600
v -0.02379900 1.24535000 0.12282600
v -0.02251300 1.24535000 0.12106200
v -0.02251300 1.24535000 0.12106200
v -0.02114300 1.24535000 0.11947400
v -0.02114300 1.24535000 0.11947400
v -0.01960500 1.24535000 0.11791500
v -0.01960500 1.24535000 0.11791500
v -0.01746600 1.24535000 0.11610900
v -0.01746600 1.24535000 0.11610900
v -0.01570900 1.24535000 0.11487700
v -0.01570900 1.24535000 0.11487700
v -0.01409700 1.24535000 0.11389400
v -0.01409700 1.24535000 0.11389400
v -0.01213900 1.24535000 0.11288700
v -0.01213900 1.24535000 0.11288700
v -0.01433800 1.19135000 0.11403300
v -0.01433800 1.19135000 0.11403300
v -0.00989300 1.24535000 0.11195300
v -0.00989300 1.24535000 0.11195300
v -0.00814800 1.24535000 0.11138200
v -0.00814800 1.24535000 0.11138200
v -0.00675800 1.24535000 0.11100700
v -0.00675800 1.24535000 0.11100700
v -0.00534100 1.24535000 0.11070400
v -0.00534100 1.24535000 0.11070400
v -0.00343900 1.24535000 0.11040400
v -0.00343900 1.24535000 0.11040400
v -0.00087000 1.24535000 0.11021000
v -0.00087000 1.24535000 0.11021000
v 0.00129900 1.24535000 0.11023100
v 0.00129900 1.24535000 0.11023100
v 0.00345000 1.24535000 0.11040500
v 0.00345000 1.24535000 0.11040500
v 0.00603500 1.24535000 0.11083700
v 0.00603500 1.24535000 0.11083700
v 0.00814000 1.24535000 0.11137800
v 0.00814000 1.24535000 0.11137800
v 0.00955700 1.24535000 0.11183900
v 0.00955700 1.24535000 0.11183900
v 0.01079800 1.24535000 0.11230900
v 0.01079800 1.24535000 0.11230900
v 0.01203800 1.24535000 0.11284700
v 0.01203800 1.24535000 0.11284700
v 0.01328800 1.24535000 0.11346100
v 0.01328800 1.24535000 0.11346100
v 0.01491100 1.24535000 0.11436800
v 0.01491100 1.24535000 0.11436800
v 0.01746400 1.24535000 0.11610400
v 0.01746400 1.24535000 0.11610400
v 0.01966600 1.24535000 0.11797300
v 0.01966600 1.24535000 0.11797300
v 0.02114300 1.24535000 0.11947400
v 0.02114300 1.24535000 0.11947400
v 0.02256700 1.24535000 0.12112900
v 0.02256700 1.24535000 0.12112900
v 0.02379900 1.24535000 0.12282600
v 0.02379900 1.24535000 0.12282600
v 0.02496400 1.24535000 0.12467900
v 0.02496400 1.24535000 0.12467900
v 0.02623400 1.24535000 0.12717600
v 0.02623400 1.24535000 0.12717600
v 0.02725600 1.24535000 0.12978200
v 0.02725600 1.24535000 0.12978200
v 0.02786900 1.24535000 0.13189400
v 0.02786900 1.24535000 0.13189400
v 0.02831600 1.24535000 0.13393200
v 0.02831600 1.24535000 0.13393200
v 0.02867700 1.24535000 0.13677300
v 0.02867700 1.24535000 0.13677300
v -0.01248100 1.19135000 0.10884700
v -0.01248100 1.19135000 0.10884700
v -0.01229700 1.19135000 0.10964400
v -0.01229700 1.19135000 0.10964400
v -0.01226300 1.19135000 0.11029700
v -0.01226300 1.19135000 0.11029700
v -0.01231500 1.19135000 0.11095600
v -0.01231500 1.19135000 0.11095600
v -0.01253500 1.19135000 0.11179700
v -0.01253500 1.19135000 0.11179700
v -0.01291300 1.19135000 0.11258100
v -0.01291300 1.19135000 0.11258100
v -0.01329500 1.19135000 0.11310900
v -0.01329500 1.19135000 0.11310900
v -0.01375000 1.19135000 0.11359200
v -0.01375000 1.19135000 0.11359200
v -0.01895200 1.19135000 0.10602000
v -0.01855500 1.19135000 0.10583600
v -0.01855500 1.19135000 0.10583600
v -0.01786600 1.19135000 0.10561500
v -0.01786600 1.19135000 0.10561500
v -0.01702900 1.19135000 0.10550500
v -0.01702900 1.19135000 0.10550500
v -0.01618900 1.19135000 0.10555200
v -0.01618900 1.19135000 0.10555200
v -0.01550400 1.19135000 0.10571500
v -0.01550400 1.19135000 0.10571500
v -0.01487300 1.19135000 0.10596400
v -0.01487300 1.19135000 0.10596400
v -0.01407300 1.19135000 0.10646300
v -0.01407300 1.19135000 0.10646300
v -0.01332900 1.19135000 0.10720400
v -0.01332900 1.19135000 0.10720400
v -0.01284400 1.19135000 0.10796900
v -0.01284400 1.19135000 0.10796900
v -0.03789200 1.24535000 0.13595900
v -0.03789200 1.24535000 0.13595900
v -0.03757900 1.24535000 0.13331200
v -0.03757900 1.24535000 0.13331200
v -0.03706100 1.24535000 0.13052900
v -0.03706100 1.24535000 0.13052900
v -0.03609800 1.24535000 0.12705100
v -0.03609800 1.24535000 0.12705100
v -0.03503800 1.24535000 0.12424600
v -0.03503800 1.24535000 0.12424600
v -0.03393000 1.24535000 0.12182200
v -0.03393000 1.24535000 0.12182200
v -0.03246500 1.24535000 0.11920600
v -0.03246500 1.24535000 0.11920600
v -0.03101000 1.24535000 0.11697300
v -0.03101000 1.24535000 0.11697300
v -0.02867600 1.24535000 0.11400500
v -0.02867600 1.24535000 0.11400500
v -0.02661200 1.24535000 0.11183000
v -0.02661200 1.24535000 0.11183000
v -0.02465300 1.24535000 0.11002400
v -0.02465300 1.24535000 0.11002400
v -0.02228900 1.24535000 0.10817900
v -0.02228900 1.24535000 0.10817900
v -0.02021700 1.24535000 0.10677000
v -0.02021700 1.24535000 0.10677000
v 0.01281500 1.19135000 0.10803200
v 0.01281500 1.19135000 0.10803200
v 0.01312800 1.19135000 0.10749000
v 0.01312800 1.19135000 0.10749000
v 0.01358200 1.19135000 0.10691900
v 0.01358200 1.19135000 0.10691900
v 0.01412700 1.19135000 0.10643000
v 0.01412700 1.19135000 0.10643000
v 0.01492000 1.19135000 0.10593300
v 0.01492000 1.19135000 0.10593300
v 0.01581600 1.19135000 0.10562800
v 0.01581600 1.19135000 0.10562800
v 0.01656200 1.19135000 0.10551200
v 0.01656200 1.19135000 0.10551200
v 0.01759900 1.19135000 0.10555600
v 0.01759900 1.19135000 0.10555600
v 0.01864000 1.19135000 0.10586600
v 0.01864000 1.19135000 0.10586600
v 0.01229000 1.19135000 0.10968800
v 0.01229000 1.19135000 0.10968800
v 0.01248700 1.19135000 0.10882900
v 0.01248700 1.19135000 0.10882900
v 0.01997700 1.24535000 0.10661300
v 0.01997700 1.24535000 0.10661300
v 0.01670300 1.24535000 0.10481200
v 0.01670300 1.24535000 0.10481200
v -0.01217900 1.24535000 0.10295000
v -0.01217900 1.24535000 0.10295000
v -0.01506500 1.24535000 0.10406400
v -0.01506500 1.24535000 0.10406400
v -0.01762900 1.24535000 0.10528500
v -0.01762900 1.24535000 0.10528500
v -0.01266200 1.19135000 0.11313600
v -0.01266200 1.19135000 0.11313600
v -0.01073200 1.19135000 0.11228400
v -0.01073200 1.19135000 0.11228400
v -0.00890300 1.19135000 0.11161200
v -0.00890300 1.19135000 0.11161200
v -0.00652500 1.19135000 0.11094900
v -0.00652500 1.19135000 0.11094900
v -0.00413800 1.19135000 0.11049800
v -0.00413800 1.19135000 0.11049800
v -0.00169700 1.19135000 0.11024900
v -0.00169700 1.19135000 0.11024900
v 0.00002300 1.19135000 0.11020600
v 0.00002300 1.19135000 0.11020600
v 0.00242800 1.19135000 0.11029400
v 0.00242800 1.19135000 0.11029400
v 0.00536600 1.19135000 0.11070400
v 0.00536600 1.19135000 0.11070400
v 0.00765400 1.19135000 0.11123800
v 0.00765400 1.19135000 0.11123800
v 0.00977000 1.19135000 0.11191000
v 0.00977000 1.19135000 0.11191000
v 0.01200100 1.19135000 0.11282300
v 0.01200100 1.19135000 0.11282300
v -0.01758000 1.19135000 0.10526700
v -0.01758000 1.19135000 0.10526700
v -0.01513300 1.19135000 0.10408500
v -0.01513300 1.19135000 0.10408500
v -0.01167300 1.19135000 0.10278200
v -0.01167300 1.19135000 0.10278200
v -0.00892100 1.24535000 0.10200700
v -0.00892100 1.24535000 0.10200700
v -0.00816300 1.19135000 0.10183200
v -0.00816300 1.19135000 0.10183200
v -0.00552000 1.24535000 0.10134800
v -0.00552000 1.24535000 0.10134800
v -0.00453800 1.19135000 0.10121600
v -0.00453800 1.19135000 0.10121600
v -0.00202200 1.24535000 0.10099900
v -0.00202200 1.24535000 0.10099900
v -0.00084000 1.19135000 0.10095400
v -0.00084000 1.19135000 0.10095400
v 0.00152900 1.24535000 0.10097600
v 0.00152900 1.24535000 0.10097600
v 0.00287900 1.19135000 0.10105400
v 0.00287900 1.19135000 0.10105400
v 0.00492600 1.24535000 0.10127000
v 0.00492600 1.24535000 0.10127000
v 0.00579800 1.19135000 0.10140000
v 0.00579800 1.19135000 0.10140000
v 0.00755300 1.24535000 0.10171400
v 0.00755300 1.24535000 0.10171400
v 0.00867400 1.19135000 0.10194800
v 0.00867400 1.19135000 0.10194800
v 0.01002200 1.24535000 0.10229000
v 0.01002200 1.24535000 0.10229000
v 0.01220600 1.19135000 0.10295800
v 0.01220600 1.19135000 0.10295800
v 0.01343300 1.24535000 0.10339800
v 0.01343300 1.24535000 0.10339800
v 0.01555900 1.19135000 0.10427600
v 0.01555900 1.19135000 0.10427600
v 0.01773600 1.19135000 0.10534800
v 0.01773600 1.19135000 0.10534800
v 0.03954800 1.17835900 0.12579100
v 0.03734300 1.17835600 0.12033000
v 0.04130400 1.17835300 0.13185300
v 0.03438600 1.17835200 0.11512600
v 0.02974900 1.17835200 0.10949500
v 0.02497300 1.17835200 0.10533300
v 0.02067700 1.17836100 0.10279400
v 0.01794600 1.17835200 0.10111400
v 0.01449600 1.17835400 0.09967100
v 0.00949800 1.17835900 0.09832000
v 0.00436600 1.17835300 0.09730600
v -0.02928600 1.17835300 0.10914100
v -0.03073000 1.17835300 0.11063100
v -0.02774500 1.17835600 0.10784700
v -0.03210100 1.17835300 0.11219000
v -0.02616800 1.17835100 0.10622400
v -0.03338700 1.17835300 0.11381800
v -0.02447200 1.17835600 0.10513400
v -0.03459600 1.17835300 0.11550400
v -0.02275300 1.17835800 0.10400900
v -0.03570200 1.17835400 0.11726400
v -0.02032500 1.17835200 0.10228900
v -0.03666000 1.17835700 0.11913700
v -0.03768000 1.17835400 0.12090300
v -0.03842700 1.17835900 0.12286500
v -0.03925300 1.17835700 0.12473600
v -0.03981100 1.17836200 0.12674900
v -0.04103600 1.17835700 0.13115800
v -0.01542900 1.17836000 0.10019800
v -0.01311400 1.17836600 0.09945900
v -0.01107000 1.17835900 0.09872100
v -0.00566500 1.17835400 0.09748000
v -0.00096000 1.17835900 0.09724100
v -0.04099200 1.17844900 0.13587900
v -0.03997800 1.17886400 0.13698200
v -0.04119800 1.17837900 0.13377100
v -0.03941200 1.17925600 0.13699900
v -0.03891800 1.17973400 0.13702500
v -0.04017900 1.17868800 0.13497200
v -0.03846700 1.18037600 0.13704500
v -0.03959000 1.17901400 0.13498600
v -0.03812000 1.18117100 0.13703500
v -0.03913700 1.17936700 0.13505300
v -0.04059400 1.17843200 0.13191700
v -0.04021600 1.17852200 0.13183600
v -0.03872900 1.17979200 0.13509400
v -0.03974600 1.17878000 0.13303800
v -0.03796100 1.18201000 0.13705300
v -0.03838900 1.18027100 0.13512800
v -0.03924800 1.17908300 0.13304800
v -0.03804300 1.18098700 0.13519200
v -0.03879700 1.17945900 0.13316000
v -0.03782200 1.18192800 0.13514400
v -0.03822500 1.18013300 0.13318600
v -0.03949400 1.17873100 0.13100200
v -0.03898800 1.17902900 0.13113100
v -0.03780000 1.18101500 0.13330700
v -0.03846700 1.17944800 0.13121400
v -0.03951100 1.17846700 0.12786500
v -0.03922500 1.17865100 0.12900600
v -0.03758600 1.18192800 0.13327000
v -0.03802200 1.17996500 0.13130000
v -0.03863200 1.17897400 0.12919800
v -0.03762100 1.18063600 0.13138200
v -0.03803600 1.17944800 0.12931300
v -0.03736700 1.18137800 0.13143100
v -0.03859800 1.17869500 0.12715500
v -0.03764700 1.17989300 0.12939600
v -0.03725400 1.18202100 0.13142100
v -0.03733300 1.18037600 0.12948600
v -0.03786800 1.17913000 0.12733400
v -0.03815500 1.17844700 0.12364900
v -0.03700000 1.18115800 0.12957000
v -0.03802200 1.17854200 0.12423300
v -0.03718600 1.17979500 0.12749900
v -0.03787900 1.17873200 0.12523500
v -0.03684100 1.18201800 0.12961000
v -0.03677200 1.18046300 0.12765700
v -0.03724000 1.17912100 0.12541700
v -0.03647200 1.18121500 0.12774900
v -0.03665000 1.17971300 0.12566900
v -0.03633500 1.18203600 0.12780500
v -0.03699000 1.17881900 0.12343600
v -0.03622100 1.18035200 0.12582400
v -0.03643200 1.17920000 0.12362900
v -0.03667700 1.17842500 0.12012700
v -0.03589100 1.18117300 0.12597500
v -0.03673400 1.17854100 0.12129100
v -0.03597500 1.17968100 0.12385200
v -0.03573200 1.18202100 0.12600000
v -0.03560700 1.18022000 0.12403300
v -0.03618800 1.17880800 0.12160100
v -0.03567200 1.17918400 0.12189000
v -0.03531600 1.18081800 0.12413000
v -0.03514500 1.18137700 0.12420100
v -0.03519700 1.17966200 0.12208000
v -0.03537900 1.17852500 0.11856700
v -0.03542100 1.17873200 0.11976100
v -0.03504500 1.18202100 0.12424100
v -0.03481700 1.18019400 0.12223400
v -0.03496700 1.17901400 0.11997000
v -0.03451000 1.18088200 0.12240600
v -0.03437600 1.17845300 0.11645700
v -0.03451200 1.17942900 0.12024300
v -0.03435500 1.18146600 0.12248900
v -0.03415800 1.17988200 0.12044700
v -0.03449800 1.17869300 0.11797500
v -0.03427000 1.18202100 0.12251900
v -0.03378500 1.18046000 0.12057000
v -0.03401300 1.17896500 0.11817600
v -0.03361000 1.17840900 0.11491300
v -0.03360500 1.17937400 0.11853400
v -0.03354100 1.18126700 0.12079200
v -0.03325100 1.17979200 0.11872800
v -0.03342900 1.17869500 0.11633900
v -0.03342000 1.18201000 0.12085100
v -0.03299400 1.18020900 0.11888400
v -0.03289400 1.17902700 0.11660600
v -0.03276000 1.18074100 0.11905200
v -0.03251400 1.17940000 0.11689100
v -0.03265800 1.17851600 0.11441800
v -0.03255400 1.18138800 0.11913400
v -0.03209000 1.17996200 0.11718000
v -0.03201700 1.17880700 0.11477200
v -0.03247800 1.18203600 0.11921400
v -0.03175900 1.18063800 0.11740400
v -0.03152600 1.17924000 0.11519200
v -0.03108900 1.17840800 0.11172400
v -0.03157800 1.18121200 0.11752700
v -0.03078700 1.17849400 0.11196500
v -0.03113200 1.17971300 0.11549000
v -0.03102100 1.17869500 0.11313400
v -0.03146400 1.18194300 0.11762600
v -0.03084000 1.18020900 0.11571000
v -0.03035300 1.17913000 0.11350500
v -0.03062400 1.18074100 0.11590100
v -0.03043900 1.18137700 0.11601300
v -0.02992300 1.17974300 0.11400900
v -0.02969100 1.17867700 0.11155700
v -0.03035100 1.18202100 0.11607600
v -0.02955600 1.18040000 0.11428300
v -0.02924700 1.17900800 0.11196600
v -0.02780500 1.17845100 0.10869300
v -0.02929800 1.18118700 0.11449900
v -0.02890400 1.17936700 0.11228300
v -0.02857900 1.17855100 0.10993400
v -0.02851200 1.17993800 0.11264500
v -0.02918800 1.18201000 0.11460900
v -0.02800000 1.17887000 0.11036800
v -0.02821500 1.18061600 0.11291900
v -0.02762200 1.17927100 0.11080100
v -0.02805600 1.18116500 0.11306600
v -0.02726200 1.17974600 0.11112800
v -0.02679300 1.17873400 0.10889200
v -0.02795000 1.18191500 0.11318900
v -0.02705000 1.18021500 0.11139700
v -0.02686100 1.18074100 0.11160900
v -0.02625700 1.17919200 0.10939900
v -0.02587600 1.17840400 0.10672000
v -0.02550800 1.17854700 0.10718200
v -0.02667700 1.18147200 0.11176600
v -0.02591200 1.17965200 0.10975000
v -0.02569600 1.18011700 0.11004800
v -0.02506000 1.17890300 0.10784100
v -0.02661600 1.18211300 0.11182700
v -0.02544600 1.18071200 0.11027000
v -0.02457000 1.17944800 0.10836200
v -0.02333500 1.17844700 0.10508100
v -0.02529700 1.18144500 0.11046900
v -0.02309200 1.17857800 0.10547500
v -0.02428300 1.17996500 0.10871300
v -0.02350600 1.17887200 0.10657500
v -0.02524300 1.18210400 0.11054500
v -0.02405600 1.18054900 0.10899600
v -0.02303700 1.17936800 0.10709000
v -0.02388200 1.18119800 0.10918500
v -0.02381200 1.18194300 0.10932500
v -0.02279700 1.17988200 0.10749700
v -0.02196700 1.17878000 0.10530700
v -0.02257800 1.18036200 0.10774300
v -0.02157700 1.17919200 0.10582800
v -0.02043800 1.17838900 0.10292700
v -0.02239000 1.18115800 0.10804000
v -0.02033100 1.17849400 0.10342400
v -0.02126400 1.17973400 0.10630300
v -0.01977500 1.17865000 0.10363500
v -0.01867200 1.17837900 0.10187100
v -0.02230600 1.18201000 0.10818000
v -0.02097500 1.18037600 0.10665300
v -0.01924900 1.17888100 0.10387100
v -0.01952800 1.17907900 0.10438800
v -0.01813200 1.17857900 0.10256200
v -0.02084200 1.18119900 0.10699100
v -0.01954500 1.17938200 0.10484000
v -0.01761000 1.17844700 0.10178200
v -0.01948800 1.17988300 0.10535200
v -0.02074900 1.18203600 0.10711100
v -0.01888900 1.18043800 0.10542000
v -0.01820600 1.17966000 0.10442000
v -0.01787600 1.17931900 0.10385400
v -0.01711500 1.17877600 0.10257700
v -0.01753000 1.17911600 0.10339500
v -0.01921400 1.18079100 0.10580700
v -0.01488100 1.17842000 0.10047700
v -0.01638500 1.17902200 0.10270400
v -0.01792900 1.18004900 0.10462400
v -0.01608700 1.17849500 0.10131200
v -0.01636800 1.17861600 0.10183600
v -0.01894300 1.18128300 0.10584300
v -0.01838300 1.18090800 0.10539000
v -0.01870500 1.18169100 0.10581000
v -0.01888300 1.18206000 0.10596500
v -0.01667800 1.17974500 0.10373800
v -0.01694300 1.18037200 0.10435500
v -0.01487300 1.17869200 0.10140700
v -0.01686400 1.18072900 0.10451700
v -0.01511800 1.17886900 0.10188900
v -0.01586600 1.17993800 0.10353300
v -0.01411800 1.17855200 0.10073000
v -0.01604900 1.17938700 0.10306600
v -0.01752400 1.18126900 0.10507400
v -0.01632600 1.18118500 0.10444900
v -0.01715900 1.18196900 0.10503100
v -0.01424800 1.17958100 0.10252300
v -0.01416400 1.17903400 0.10180000
v -0.01535500 1.18029200 0.10357600
v -0.01644400 1.18162600 0.10462300
v -0.01401300 1.17932000 0.10214100
v -0.01332500 1.17877800 0.10102600
v -0.01149100 1.17840900 0.09926100
v -0.01532100 1.18089600 0.10388700
v -0.01605200 1.18206200 0.10450100
v -0.01381500 1.17988800 0.10264500
v -0.01501700 1.18202400 0.10403300
v -0.01375900 1.18021000 0.10286600
v -0.01507500 1.18156900 0.10399100
v -0.01217800 1.17861600 0.10026000
v -0.01040300 1.17849700 0.09936000
v -0.01365900 1.18054700 0.10303200
v -0.01210200 1.17882300 0.10071500
v -0.01400400 1.18112800 0.10342200
v -0.01216600 1.17908000 0.10116700
v -0.01352200 1.18091600 0.10315700
v -0.01196200 1.17938200 0.10150100
v -0.01355000 1.18147400 0.10334600
v -0.00998300 1.17881600 0.10008800
v -0.01179700 1.17972800 0.10180000
v -0.01345600 1.18199900 0.10340100
v -0.00971600 1.17861700 0.09956500
v -0.01219100 1.18004500 0.10219300
v -0.01155600 1.18050700 0.10228000
v -0.01004900 1.17897300 0.10038400
v -0.01051900 1.17919400 0.10083600
v -0.01236300 1.18128300 0.10287000
v -0.01264400 1.18182800 0.10308200
v -0.01196200 1.18090800 0.10260300
v -0.00735600 1.17842800 0.09840000
v -0.01018600 1.17952100 0.10113400
v -0.00683500 1.17837900 0.09799500
v -0.01105900 1.18012800 0.10189900
v -0.00960600 1.18006500 0.10144600
v -0.01166500 1.18155700 0.10270700
v -0.00726800 1.17855100 0.09885900
v -0.00947500 1.17975700 0.10116800
v -0.01056600 1.18150800 0.10236500
v -0.00885800 1.17919700 0.10042100
v -0.01065700 1.18098700 0.10223300
v -0.00838700 1.17944300 0.10060500
v -0.00714400 1.17886900 0.09956100
v -0.00968900 1.18045900 0.10172100
v -0.00697500 1.17869500 0.09918300
v -0.01056600 1.18208200 0.10244100
v -0.00763500 1.17913400 0.10007900
v -0.00955000 1.18091000 0.10189700
v -0.00905400 1.18165000 0.10198300
v -0.00521000 1.17849600 0.09835700
v -0.00747300 1.17981100 0.10077100
v -0.00804500 1.18026700 0.10121800
v -0.00371700 1.17836000 0.09740300
v -0.00880400 1.18131700 0.10184800
v -0.00841900 1.18072600 0.10155300
v -0.00626600 1.17945300 0.10021300
v -0.00554700 1.17919700 0.09980000
v -0.00648800 1.18025100 0.10090500
v -0.00392800 1.17861400 0.09856500
v -0.00867600 1.18205600 0.10194600
v -0.00311800 1.17842300 0.09783800
v -0.00418400 1.17877100 0.09895300
v -0.00727500 1.18090700 0.10139000
v -0.00521500 1.17897100 0.09943500
v -0.00597900 1.17988700 0.10057700
v -0.00689900 1.18146700 0.10148400
v -0.00572500 1.18064600 0.10100200
v -0.00413200 1.17953600 0.10001400
v -0.00694500 1.18198000 0.10157800
v -0.00611000 1.18091100 0.10117800
v -0.00203400 1.17854900 0.09824900
v -0.00418900 1.17988800 0.10033000
v -0.00273600 1.17902600 0.09927300
v -0.00025500 1.17844500 0.09780500
v -0.00560200 1.18128300 0.10122300
v -0.00607800 1.18186000 0.10141300
v -0.00296800 1.17932000 0.09967600
v -0.00196200 1.17877700 0.09880000
v -0.00459200 1.18020500 0.10060600
v -0.00414500 1.18055000 0.10075100
v -0.00486200 1.18167500 0.10120800
v -0.00452800 1.18090700 0.10095500
v -0.00288600 1.18027800 0.10048500
v -0.00070700 1.17861300 0.09838600
v -0.00387900 1.18128800 0.10100700
v -0.00192600 1.17952000 0.09983000
v 0.00211600 1.17837900 0.09747900
v -0.00424000 1.18207100 0.10118100
v 0.00025800 1.17878100 0.09875600
v -0.00101300 1.17918600 0.09942000
v -0.00196900 1.17982700 0.10010800
v -0.00287900 1.18091000 0.10079300
v -0.00342800 1.18157100 0.10103000
v 0.00081900 1.17858000 0.09830700
v 0.00013600 1.17896900 0.09909100
v -0.00236200 1.18053900 0.10059300
v -0.00274000 1.18198900 0.10103800
v -0.00089300 1.18012200 0.10028700
v -0.00211300 1.18146200 0.10091900
v 0.00085300 1.17920500 0.09943200
v -0.00026200 1.17967000 0.09992900
v -0.00086300 1.18054300 0.10053300
v 0.00367100 1.17844600 0.09798700
v -0.00112200 1.18091100 0.10070300
v 0.00335200 1.17855100 0.09833900
v 0.00294100 1.17869300 0.09868000
v 0.00114700 1.17952000 0.09980000
v 0.00231100 1.17891800 0.09907900
v -0.00045700 1.18135200 0.10083000
v 0.00067400 1.18049000 0.10050200
v 0.00665300 1.17836300 0.09782300
v 0.00104600 1.17996400 0.10018200
v 0.00127200 1.18030300 0.10041100
v -0.00096700 1.18196600 0.10095000
v 0.00056500 1.18090000 0.10068600
v 0.00256000 1.17932000 0.09965000
v 0.00325300 1.17902100 0.09931100
v 0.00051900 1.18166900 0.10089900
v 0.00498700 1.17869400 0.09888600
v 0.00298100 1.17966400 0.10003200
v 0.00240500 1.18004700 0.10030000
v 0.00045700 1.18207800 0.10094900
v 0.00746900 1.17840300 0.09826400
v 0.00212300 1.18073300 0.10067000
v 0.00521700 1.17887200 0.09927000
v 0.00111100 1.18129200 0.10082900
v 0.00424200 1.17932200 0.09979600
v 0.00508600 1.17907900 0.09958000
v 0.00642600 1.17851900 0.09861600
v 0.00316400 1.18038200 0.10056500
v 0.00166400 1.18207300 0.10098100
v 0.00213700 1.18112400 0.10082200
v 0.00474700 1.17958600 0.10013500
v 0.00417000 1.17996100 0.10038800
v 0.00217600 1.18157400 0.10094300
v 0.00750600 1.17869300 0.09927300
v 0.00395900 1.18110900 0.10095900
v 0.00899000 1.17844800 0.09882400
v 0.00412700 1.18072500 0.10083000
v 0.00627600 1.17932000 0.10006700
v 0.00463800 1.18028900 0.10066600
v 0.00730300 1.17890700 0.09966700
v 0.00314900 1.18197100 0.10106900
v 0.00650900 1.17959100 0.10039400
v 0.00409800 1.18146900 0.10107600
v 0.00981200 1.17855400 0.09940200
v 0.00620800 1.17988800 0.10060500
v 0.00741200 1.17919400 0.10011200
v 0.00644900 1.18027800 0.10092000
v 0.00612600 1.18060400 0.10104700
v 0.00467900 1.18170500 0.10118900
v 0.00840800 1.17896900 0.09998800
v 0.01205600 1.17838100 0.09923300
v 0.00517300 1.18207700 0.10129800
v 0.00600400 1.18109400 0.10122600
v 0.00790600 1.17951500 0.10058600
v 0.00972400 1.17873300 0.09985900
v 0.00615900 1.18157100 0.10138100
v 0.00819900 1.17988500 0.10097900
v 0.00950400 1.17919300 0.10056700
v 0.01194600 1.17844600 0.09959500
v 0.00814700 1.18029100 0.10125500
v 0.00935800 1.17951400 0.10091100
v 0.01069900 1.17896700 0.10054800
v 0.00760600 1.18079300 0.10140200
v 0.01135900 1.17872800 0.10029100
v 0.00735200 1.18137800 0.10155300
v 0.00701400 1.18212200 0.10159800
v 0.00756200 1.18186500 0.10168300
v 0.01292100 1.17855000 0.10030300
v 0.00831900 1.18109500 0.10167000
v 0.00939700 1.18074800 0.10178600
v 0.01034400 1.17995600 0.10156200
v 0.01187700 1.17919700 0.10123700
v 0.00999500 1.18030000 0.10170600
v 0.01269500 1.17877800 0.10081100
v 0.01061400 1.17951900 0.10125000
v 0.01522100 1.17837800 0.10031500
v 0.00877900 1.18157000 0.10190600
v 0.01507000 1.17846700 0.10078300
v 0.01331700 1.17897600 0.10138800
v 0.00978400 1.18109700 0.10202700
v 0.01202100 1.17945200 0.10159900
v 0.00872000 1.18206400 0.10195900
v 0.00989100 1.18158400 0.10219000
v 0.01193000 1.17980100 0.10191300
v 0.01023800 1.18206400 0.10234700
v 0.01228800 1.18014800 0.10229600
v 0.01441000 1.17861300 0.10101700
v 0.01454500 1.17877700 0.10147700
v 0.01407000 1.17919700 0.10200200
v 0.01137500 1.18090500 0.10241300
v 0.01148700 1.18057700 0.10229700
v 0.01373600 1.17945200 0.10219300
v 0.01095100 1.18135800 0.10243600
v 0.01362400 1.17973800 0.10244100
v 0.01155300 1.18193600 0.10273300
v 0.01783600 1.17837600 0.10143500
v 0.01713200 1.17854800 0.10197000
v 0.01317800 1.18038400 0.10275900
v 0.01810300 1.17844800 0.10202800
v 0.01558900 1.17907900 0.10244400
v 0.01264000 1.18139900 0.10299700
v 0.01627000 1.17881400 0.10227000
v 0.01317200 1.18073100 0.10294500
v 0.01791600 1.17873200 0.10286100
v 0.01441000 1.18003900 0.10299800
v 0.01337700 1.18117400 0.10319900
v 0.01551600 1.17931900 0.10275100
v 0.01557200 1.17958600 0.10307800
v 0.01540100 1.17994400 0.10333900
v 0.01282400 1.18186000 0.10315300
v 0.01743500 1.17897200 0.10311000
v 0.01497100 1.18043200 0.10349500
v 0.01454600 1.18083100 0.10352700
v 0.01964400 1.17855100 0.10325100
v 0.01731100 1.17954500 0.10384200
v 0.01714900 1.17919300 0.10332200
v 0.01429500 1.18171000 0.10369000
v 0.01417100 1.18206300 0.10368300
v 0.01684700 1.17989100 0.10395100
v 0.01491400 1.18128300 0.10384700
v 0.02022900 1.17844800 0.10315600
v 0.01795800 1.17936700 0.10395900
v 0.01649900 1.18029100 0.10409400
v 0.01987300 1.17873100 0.10390600
v 0.01636700 1.18101200 0.10440000
v 0.01945400 1.17896600 0.10415300
v 0.01929900 1.17920600 0.10445500
v 0.01587000 1.18138400 0.10429900
v 0.01709100 1.18072900 0.10462900
v 0.01597900 1.18187000 0.10444400
v 0.01831800 1.17996000 0.10476200
v 0.01742400 1.18038600 0.10460600
v 0.01926200 1.17986200 0.10520300
v 0.01943800 1.17945400 0.10486700
v 0.02455300 1.17838400 0.10550800
v 0.02323500 1.17842900 0.10492200
v 0.01736100 1.18159400 0.10507200
v 0.02300300 1.17855900 0.10535300
v 0.01893500 1.18037900 0.10540900
v 0.01718800 1.18206900 0.10505400
v 0.01796000 1.18119300 0.10527400
v 0.01882900 1.18073400 0.10555400
v 0.02185000 1.17873200 0.10510800
v 0.02156700 1.17906600 0.10561700
v 0.01892200 1.18117000 0.10579900
v 0.01808100 1.18197200 0.10551400
v 0.01893100 1.18172400 0.10595200
v 0.02125100 1.17951900 0.10605200
v 0.02105300 1.17997600 0.10639100
v 0.02340400 1.17883100 0.10640400
v 0.02084800 1.18054900 0.10668200
v 0.02306600 1.17921000 0.10687300
v 0.02068400 1.18118800 0.10687600
v 0.02639500 1.17847200 0.10755600
v 0.02273600 1.17975500 0.10733200
v 0.02524600 1.17864300 0.10729900
v 0.02065600 1.18165900 0.10699000
v 0.02244500 1.18048600 0.10773700
v 0.02488500 1.17891000 0.10770000
v 0.02827200 1.17837900 0.10854500
v 0.02460000 1.17925600 0.10810200
v 0.02226400 1.18128200 0.10798800
v 0.02428300 1.17979500 0.10855200
v 0.02676200 1.17866200 0.10863200
v 0.02637400 1.17896600 0.10907000
v 0.02390600 1.18062300 0.10892900
v 0.02594500 1.17943900 0.10950700
v 0.02950400 1.17842800 0.11018300
v 0.02376200 1.18152400 0.10920100
v 0.02900200 1.17858100 0.11045400
v 0.02569100 1.17996500 0.10989900
v 0.02787000 1.17892600 0.11038200
v 0.02540300 1.18056000 0.11013800
v 0.02736800 1.17945900 0.11085200
v 0.02523700 1.18128200 0.11035900
v 0.02701300 1.18013300 0.11130100
v 0.02954800 1.17872200 0.11153800
v 0.02911400 1.17905900 0.11194200
v 0.03246400 1.17837900 0.11307200
v 0.02670900 1.18093400 0.11157200
v 0.03228500 1.17846400 0.11360600
v 0.02877500 1.17944000 0.11225600
v 0.03121300 1.17854700 0.11276500
v 0.02659700 1.18149000 0.11168600
v 0.02848600 1.17986400 0.11252500
v 0.03074500 1.17880800 0.11315700
v 0.02811400 1.18062300 0.11282700
v 0.03040900 1.17907800 0.11343900
v 0.03003000 1.17945900 0.11371700
v 0.02793900 1.18145700 0.11305800
v 0.03225000 1.17865200 0.11451100
v 0.02968700 1.18003000 0.11407500
v 0.03180100 1.17895700 0.11490500
v 0.02935700 1.18071500 0.11429100
v 0.03471300 1.17843000 0.11676400
v 0.03139700 1.17931900 0.11517300
v 0.03370200 1.17854100 0.11603000
v 0.02920600 1.18147200 0.11450300
v 0.03104700 1.17975500 0.11543800
v 0.03305300 1.17885700 0.11636100
v 0.03070200 1.18037600 0.11570000
v 0.03585300 1.17839100 0.11819700
v 0.03248800 1.17938700 0.11684600
v 0.03040600 1.18117300 0.11588800
v 0.03538200 1.17851900 0.11853000
v 0.03203400 1.17998500 0.11711500
v 0.03418100 1.17882200 0.11799500
v 0.03177600 1.18048400 0.11729100
v 0.03367500 1.17926200 0.11840200
v 0.03155200 1.18112000 0.11744400
v 0.03329300 1.17968100 0.11861100
v 0.03548900 1.17868300 0.11967200
v 0.03140200 1.18192300 0.11752800
v 0.03298300 1.18013800 0.11878000
v 0.03477200 1.17912100 0.11996100
v 0.03271200 1.18072600 0.11896300
v 0.03744000 1.17846800 0.12215200
v 0.03250200 1.18147200 0.11909300
v 0.03424200 1.17972300 0.12033500
v 0.03664800 1.17857200 0.12130700
v 0.03621900 1.17877600 0.12151300
v 0.03383600 1.18035200 0.12052900
v 0.03581900 1.17903500 0.12170600
v 0.03810100 1.17839300 0.12275800
v 0.03355300 1.18106700 0.12068400
v 0.03533500 1.17946700 0.12193900
v 0.03723300 1.17868300 0.12330200
v 0.03337900 1.18189600 0.12075700
v 0.03487600 1.18006600 0.12216000
v 0.03667200 1.17900800 0.12349700
v 0.03452600 1.18074100 0.12230400
v 0.03622300 1.17937600 0.12366000
v 0.03898100 1.17844700 0.12582600
v 0.03431900 1.18147200 0.12242700
v 0.03859700 1.17857000 0.12604600
v 0.03575500 1.17994900 0.12391400
v 0.03765700 1.17882200 0.12518300
v 0.03541600 1.18053500 0.12402600
v 0.03708000 1.17926200 0.12548200
v 0.03520500 1.18106700 0.12411500
v 0.03653700 1.17983000 0.12565700
v 0.03502400 1.18189800 0.12417000
v 0.03824400 1.17885700 0.12710700
v 0.03604500 1.18065000 0.12580500
v 0.04020100 1.17840400 0.12940700
v 0.03772400 1.17924700 0.12734000
v 0.03580500 1.18145700 0.12594400
v 0.03725300 1.17971300 0.12746500
v 0.03927500 1.17861900 0.12888800
v 0.03690400 1.18020300 0.12756100
v 0.03878800 1.17887200 0.12909500
v 0.03663400 1.18072600 0.12765300
v 0.03831000 1.17920200 0.12923700
v 0.04049900 1.17844800 0.13180300
v 0.03640200 1.18148400 0.12774800
v 0.03774700 1.17974300 0.12931900
v 0.04004400 1.17858200 0.13189500
v 0.03931600 1.17881900 0.13099800
v 0.03727600 1.18046100 0.12946400
v 0.03874700 1.17920000 0.13115200
v 0.04120500 1.17837900 0.13379100
v 0.03699600 1.18116500 0.12953500
v 0.03824300 1.17968100 0.13122400
v 0.03684400 1.18191200 0.12959500
v 0.03789200 1.18014600 0.13129600
v 0.03975200 1.17877600 0.13296400
v 0.03931200 1.17903500 0.13303000
v 0.03761000 1.18066100 0.13135300
v 0.03878500 1.17945900 0.13307900
v 0.04072100 1.17849200 0.13492700
v 0.03737500 1.18129700 0.13137900
v 0.03834800 1.17997300 0.13319300
v 0.03998000 1.17878000 0.13490500
v 0.03726100 1.18202100 0.13145700
v 0.03793600 1.18065000 0.13320800
v 0.03941100 1.17914200 0.13503400
v 0.03881500 1.17968000 0.13507200
v 0.04079500 1.17851600 0.13685800
v 0.03769700 1.18136400 0.13328800
v 0.04007700 1.17880700 0.13699600
v 0.03758700 1.18201000 0.13330700
v 0.03832400 1.18037600 0.13512000
v 0.03941800 1.17924900 0.13696200
v 0.03804900 1.18097800 0.13514800
v 0.03893000 1.17972300 0.13703600
v 0.03790600 1.18147300 0.13516200
v 0.03782000 1.18203600 0.13518600
v 0.03857600 1.18020300 0.13704000
v 0.03829600 1.18071200 0.13702400
v 0.03807600 1.18135400 0.13705500
v 0.03796200 1.18201000 0.13707600
vn 0.99460000 0.10360000 -0.00100000
vn 0.03820000 0.99930000 0.00270000
vn 0.15210000 0.98830000 0.00860000
vn 0.22870000 0.97350000 -0.00960000
vn 0.31980000 0.94740000 0.01510000
vn 0.31800000 0.94810000 0.00020000
vn 0.47410000 0.88050000 -0.00070000
vn 0.50390000 0.86340000 0.02580000
vn 0.62120000 0.78360000 0.00050000
vn 0.17810000 0.98370000 0.02560000
vn 0.65060000 0.75870000 0.03320000
vn 0.31410000 0.94890000 0.03120000
vn 0.75920000 0.65090000 -0.00100000
vn 0.76000000 0.64860000 0.04050000
vn 0.46510000 0.88410000 0.04490000
vn 0.87210000 0.48930000 -0.00270000
vn 0.87670000 0.47900000 0.04420000
vn 0.61480000 0.78630000 0.06180000
vn 0.95240000 0.30470000 -0.00260000
vn 0.95520000 0.29160000 0.05000000
vn 0.76640000 0.63760000 0.07740000
vn 0.33460000 0.94070000 0.05560000
vn 0.99320000 0.10320000 0.05360000
vn 0.48930000 0.86870000 0.07670000
vn 0.89580000 0.43550000 0.08900000
vn 0.07580000 0.99690000 0.01960000
vn 0.64210000 0.76030000 0.09780000
vn 0.27080000 0.96120000 0.05240000
vn 0.96810000 0.23090000 0.09770000
vn 0.76230000 0.63700000 0.11450000
vn 0.42060000 0.90340000 0.08400000
vn 0.99280000 0.06660000 0.09950000
vn 0.86090000 0.49250000 0.12770000
vn 0.57050000 0.81320000 0.11480000
vn 0.94630000 0.29080000 0.14110000
vn 0.21140000 0.97550000 0.06080000
vn 0.72540000 0.67210000 0.14890000
vn 0.33910000 0.93720000 0.08170000
vn 0.98490000 0.09050000 0.14730000
vn 0.47320000 0.87270000 0.12050000
vn 0.83750000 0.51920000 0.17050000
vn 0.02160000 0.99970000 0.00750000
vn 0.90620000 0.38070000 0.18410000
vn 0.60470000 0.78130000 0.15460000
vn 0.95240000 0.23560000 0.19340000
vn 0.70350000 0.68760000 0.17950000
vn 0.35170000 0.92950000 0.11150000
vn 0.79630000 0.57080000 0.20010000
vn 0.97620000 0.08230000 0.20070000
vn 0.49820000 0.85310000 0.15490000
vn 0.87550000 0.42880000 0.22280000
vn 0.13540000 0.98880000 0.06220000
vn 0.64350000 0.73940000 0.19820000
vn 0.23930000 0.96710000 0.08630000
vn 0.93010000 0.28220000 0.23490000
vn 0.40100000 0.90460000 0.14440000
vn 0.96370000 0.10210000 0.24660000
vn 0.76880000 0.59300000 0.23920000
vn 0.86450000 0.42620000 0.26660000
vn 0.57440000 0.79150000 0.20880000
vn 0.18910000 0.97800000 0.08810000
vn 0.30860000 0.94280000 0.12610000
vn 0.92610000 0.24640000 0.28570000
vn 0.72150000 0.64180000 0.26000000
vn 0.95210000 0.08210000 0.29450000
vn 0.45180000 0.87230000 0.18720000
vn 0.82570000 0.47860000 0.29860000
vn 0.06500000 0.99730000 0.03460000
vn 0.57130000 0.78430000 0.24180000
vn 0.90030000 0.29050000 0.32420000
vn 0.69150000 0.66030000 0.29300000
vn 0.30570000 0.94000000 0.15180000
vn 0.93580000 0.09100000 0.34060000
vn 0.43380000 0.87610000 0.21050000
vn 0.81190000 0.47250000 0.34290000
vn 0.54930000 0.79220000 0.26600000
vn 0.18470000 0.97650000 0.11070000
vn 0.88550000 0.27270000 0.37630000
vn 0.65360000 0.68760000 0.31620000
vn 0.28670000 0.94300000 0.16870000
vn 0.91700000 0.08940000 0.38870000
vn 0.76720000 0.52390000 0.37000000
vn 0.45040000 0.85970000 0.24110000
vn 0.03980000 0.99860000 0.03380000
vn 0.84310000 0.35320000 0.40560000
vn 0.58490000 0.74650000 0.31720000
vn 0.87940000 0.21680000 0.42390000
vn 0.69340000 0.61530000 0.37490000
vn 0.37270000 0.89860000 0.23140000
vn 0.89790000 0.07570000 0.43360000
vn 0.77590000 0.47020000 0.42060000
vn 0.48200000 0.82550000 0.29370000
vn 0.18330000 0.97490000 0.12600000
vn 0.83540000 0.30930000 0.45450000
vn 0.59150000 0.72110000 0.36080000
vn 0.28610000 0.93870000 0.19240000
vn 0.87260000 0.10820000 0.47630000
vn 0.68650000 0.59340000 0.42030000
vn 0.41940000 0.86160000 0.28580000
vn 0.75860000 0.45530000 0.46610000
vn 0.55840000 0.73690000 0.38100000
vn 0.80830000 0.32070000 0.49370000
vn 0.83700000 0.19150000 0.51260000
vn 0.31870000 0.91540000 0.24600000
vn 0.64960000 0.61810000 0.44260000
vn 0.85170000 0.05800000 0.52080000
vn 0.72270000 0.48460000 0.49280000
vn 0.42810000 0.84360000 0.32410000
vn 0.03990000 0.99840000 0.03890000
vn 0.13890000 0.98250000 0.12440000
vn 0.52070000 0.75590000 0.39700000
vn 0.79000000 0.29240000 0.53890000
vn 0.24760000 0.94730000 0.20340000
vn 0.61320000 0.63910000 0.46420000
vn 0.82250000 0.08930000 0.56170000
vn 0.34890000 0.89080000 0.29120000
vn 0.68410000 0.51250000 0.51900000
vn 0.46240000 0.79910000 0.38430000
vn 0.74180000 0.36460000 0.56290000
vn 0.56540000 0.67610000 0.47260000
vn 0.26080000 0.93070000 0.25640000
vn 0.78060000 0.20460000 0.59070000
vn 0.35480000 0.87500000 0.32940000
vn 0.63940000 0.55160000 0.53570000
vn 0.79530000 0.06400000 0.60290000
vn 0.69520000 0.42000000 0.58330000
vn 0.10540000 0.98860000 0.10750000
vn 0.46250000 0.77610000 0.42860000
vn 0.17610000 0.96660000 0.18610000
vn 0.73910000 0.26060000 0.62110000
vn 0.55140000 0.65750000 0.51350000
vn 0.76380000 0.08540000 0.63980000
vn 0.62970000 0.51650000 0.58020000
vn 0.35610000 0.85740000 0.37150000
vn 0.68470000 0.36160000 0.63280000
vn 0.44550000 0.76900000 0.45840000
vn 0.52520000 0.65370000 0.54480000
vn 0.71680000 0.21610000 0.66300000
vn 0.27170000 0.91110000 0.31000000
vn 0.73010000 0.07660000 0.67900000
vn 0.59830000 0.51430000 0.61440000
vn 0.37950000 0.81810000 0.43210000
vn 0.02720000 0.99860000 0.04630000
vn 0.65000000 0.36020000 0.66910000
vn 0.16880000 0.96150000 0.21700000
vn 0.46980000 0.70430000 0.53210000
vn 0.68290000 0.20420000 0.70130000
vn 0.54340000 0.57020000 0.61610000
vn 0.28970000 0.88610000 0.36180000
vn 0.69660000 0.06390000 0.71460000
vn 0.60850000 0.39200000 0.68990000
vn 0.40210000 0.76480000 0.50340000
vn 0.11590000 0.98120000 0.15410000
vn 0.17360000 0.95090000 0.25620000
vn 0.64420000 0.22180000 0.73200000
vn 0.48670000 0.62430000 0.61100000
vn 0.26710000 0.89300000 0.36220000
vn 0.65990000 0.07670000 0.74740000
vn 0.55020000 0.47210000 0.68880000
vn 0.33360000 0.81900000 0.46680000
vn 0.09440000 0.98370000 0.15290000
vn 0.59630000 0.29080000 0.74820000
vn 0.40870000 0.71730000 0.56440000
vn 0.48290000 0.55720000 0.67550000
vn 0.23560000 0.89710000 0.37380000
vn 0.62070000 0.09170000 0.77870000
vn 0.32440000 0.80180000 0.50180000
vn 0.07300000 0.98790000 0.13720000
vn 0.54280000 0.37410000 0.75200000
vn 0.40240000 0.66890000 0.62500000
vn 0.17070000 0.93750000 0.30330000
vn 0.57040000 0.21910000 0.79160000
vn 0.58320000 0.08090000 0.80830000
vn 0.47110000 0.50180000 0.72550000
vn 0.25870000 0.85720000 0.44530000
vn 0.52150000 0.28800000 0.80320000
vn 0.34120000 0.73270000 0.58890000
vn 0.13340000 0.95110000 0.27870000
vn 0.19040000 0.91210000 0.36300000
vn 0.39360000 0.61590000 0.68250000
vn 0.54010000 0.08810000 0.83700000
vn 0.43610000 0.48240000 0.75970000
vn 0.25150000 0.83170000 0.49500000
vn 0.01220000 0.99940000 0.03120000
vn 0.06310000 0.98850000 0.13770000
vn 0.47570000 0.29220000 0.82960000
vn 0.09440000 0.96910000 0.22810000
vn 0.32870000 0.69550000 0.63890000
vn 0.19200000 0.88080000 0.43280000
vn 0.49670000 0.08960000 0.86330000
vn 0.38470000 0.53610000 0.75140000
vn 0.42870000 0.34170000 0.83630000
vn 0.26140000 0.77700000 0.57260000
vn 0.30990000 0.65860000 0.68570000
vn 0.15370000 0.90420000 0.39860000
vn 0.45170000 0.11250000 0.88500000
vn 0.34700000 0.53560000 0.76990000
vn 0.37730000 0.39450000 0.83790000
vn 0.22060000 0.79210000 0.56910000
vn 0.04270000 0.98840000 0.14560000
vn 0.07090000 0.97000000 0.23250000
vn 0.40270000 0.21800000 0.88900000
vn 0.27750000 0.65330000 0.70440000
vn 0.10340000 0.93600000 0.33630000
vn 0.17020000 0.85510000 0.48980000
vn 0.41060000 0.06210000 0.90970000
vn 0.31990000 0.49650000 0.80700000
vn 0.34250000 0.34330000 0.87450000
vn 0.20790000 0.75610000 0.62050000
vn 0.24520000 0.64230000 0.72620000
vn 0.35690000 0.20110000 0.91220000
vn 0.12700000 0.87660000 0.46420000
vn 0.36360000 0.06480000 0.92930000
vn 0.28030000 0.47590000 0.83360000
vn 0.01750000 0.99650000 0.08190000
vn 0.16650000 0.78760000 0.59330000
vn 0.05840000 0.96900000 0.24020000
vn 0.31000000 0.27490000 0.91010000
vn 0.20520000 0.65200000 0.72990000
vn 0.09140000 0.91360000 0.39620000
vn 0.31800000 0.08710000 0.94410000
vn 0.23490000 0.47080000 0.85040000
vn 0.12690000 0.82000000 0.55810000
vn 0.04440000 0.96160000 0.27080000
vn 0.25920000 0.26820000 0.92780000
vn 0.16160000 0.67960000 0.71550000
vn 0.07980000 0.89050000 0.44800000
vn 0.26780000 0.08510000 0.95970000
vn 0.19010000 0.52080000 0.83220000
vn 0.00200000 0.99920000 0.03990000
vn 0.10990000 0.77170000 0.62640000
vn 0.21080000 0.33830000 0.91710000
vn 0.01840000 0.98790000 0.15380000
vn 0.02310000 0.96870000 0.24730000
vn 0.13800000 0.62300000 0.77000000
vn 0.05220000 0.92240000 0.38270000
vn 0.22010000 0.11250000 0.96900000
vn 0.06740000 0.85080000 0.52110000
vn 0.14960000 0.49320000 0.85690000
vn 0.16180000 0.35470000 0.92090000
vn 0.08100000 0.75760000 0.64770000
vn 0.09420000 0.64420000 0.75910000
vn 0.02310000 0.92560000 0.37770000
vn 0.16940000 0.19750000 0.96560000
vn 0.17330000 0.05890000 0.98310000
vn 0.10840000 0.46640000 0.87790000
vn 0.03700000 0.86260000 0.50450000
vn -0.00100000 0.98470000 0.17420000
vn 0.04700000 0.77810000 0.62640000
vn 0.00390000 0.96580000 0.25930000
vn 0.12140000 0.25060000 0.96050000
vn 0.05440000 0.68620000 0.72540000
vn 0.01420000 0.91530000 0.40260000
vn 0.06230000 0.55440000 0.82990000
vn 0.12420000 0.07160000 0.98970000
vn 0.01570000 0.82640000 0.56290000
vn -0.00390000 0.99950000 0.03140000
vn 0.06940000 0.38700000 0.91950000
vn -0.00970000 0.97330000 0.22950000
vn 0.01720000 0.67020000 0.74190000
vn 0.07040000 0.22060000 0.97280000
vn -0.01600000 0.90430000 0.42670000
vn 0.07420000 0.06630000 0.99500000
vn 0.02190000 0.46920000 0.88280000
vn -0.01360000 0.83210000 0.55440000
vn -0.01250000 0.99330000 0.11470000
vn -0.01880000 0.72380000 0.68970000
vn 0.02490000 0.26760000 0.96320000
vn -0.03170000 0.92940000 0.36770000
vn -0.01960000 0.55880000 0.82910000
vn 0.02460000 0.08450000 0.99610000
vn -0.03560000 0.85890000 0.51090000
vn -0.02230000 0.34540000 0.93820000
vn -0.04630000 0.76940000 0.63700000
vn -0.04020000 0.96510000 0.25870000
vn -0.05470000 0.65380000 0.75470000
vn -0.04580000 0.91780000 0.39450000
vn -0.02640000 0.11210000 0.99330000
vn -0.06480000 0.51430000 0.85520000
vn -0.06500000 0.85670000 0.51160000
vn -0.07030000 0.37810000 0.92310000
vn -0.08090000 0.76700000 0.63650000
vn -0.07400000 0.21860000 0.97300000
vn -0.09300000 0.63620000 0.76590000
vn -0.07850000 0.90050000 0.42760000
vn -0.07480000 0.06080000 0.99530000
vn -0.10960000 0.45680000 0.88280000
vn -0.10480000 0.79640000 0.59560000
vn -0.04890000 0.98110000 0.18700000
vn -0.11700000 0.28620000 0.95100000
vn -0.06700000 0.95020000 0.30440000
vn -0.13240000 0.65270000 0.74590000
vn -0.12330000 0.10250000 0.98710000
vn -0.10300000 0.88430000 0.45540000
vn -0.15110000 0.48780000 0.85980000
vn -0.02230000 0.99770000 0.06420000
vn -0.13510000 0.79080000 0.59700000
vn -0.16840000 0.28830000 0.94260000
vn -0.06910000 0.97260000 0.22200000
vn -0.16810000 0.66240000 0.73000000
vn -0.11610000 0.89960000 0.42090000
vn -0.17440000 0.08650000 0.98090000
vn -0.19010000 0.51830000 0.83380000
vn -0.17010000 0.78580000 0.59460000
vn -0.20810000 0.36530000 0.90730000
vn -0.20970000 0.63760000 0.74130000
vn -0.12480000 0.92700000 0.35380000
vn -0.21760000 0.20430000 0.95440000
vn -0.22270000 0.06390000 0.97280000
vn -0.16220000 0.85550000 0.49170000
vn -0.23690000 0.47650000 0.84660000
vn -0.21480000 0.74040000 0.63700000
vn -0.25630000 0.29480000 0.92050000
vn -0.09380000 0.97150000 0.21780000
vn -0.13250000 0.93970000 0.31520000
vn -0.25530000 0.59630000 0.76110000
vn -0.26830000 0.09300000 0.95890000
vn -0.17650000 0.86910000 0.46210000
vn -0.28310000 0.45960000 0.84180000
vn -0.01780000 0.99920000 0.03520000
vn -0.06860000 0.98910000 0.13050000
vn -0.23190000 0.77100000 0.59310000
vn -0.30650000 0.28220000 0.90910000
vn -0.28130000 0.63480000 0.71970000
vn -0.31860000 0.08660000 0.94390000
vn -0.20970000 0.86650000 0.45290000
vn -0.32140000 0.47650000 0.81830000
vn -0.26130000 0.77470000 0.57590000
vn -0.34830000 0.31000000 0.88460000
vn -0.13130000 0.95690000 0.25890000
vn -0.30930000 0.65710000 0.68740000
vn -0.36540000 0.10590000 0.92480000
vn -0.20600000 0.89190000 0.40260000
vn -0.35540000 0.50560000 0.78620000
vn -0.28420000 0.78610000 0.54890000
vn -0.38280000 0.36330000 0.84940000
vn -0.14590000 0.95820000 0.24620000
vn -0.40300000 0.21810000 0.88880000
vn -0.35060000 0.63770000 0.68580000
vn -0.19290000 0.92000000 0.34120000
vn -0.41050000 0.06320000 0.90970000
vn -0.28260000 0.82570000 0.48820000
vn -0.40490000 0.45650000 0.79220000
vn -0.02000000 0.99950000 0.02580000
vn -0.07690000 0.99070000 0.11210000
vn -0.43500000 0.28640000 0.85370000
vn -0.37070000 0.66830000 0.64490000
vn -0.45340000 0.10250000 0.88540000
vn -0.25540000 0.88300000 0.39370000
vn -0.43460000 0.48880000 0.75650000
vn -0.33990000 0.77640000 0.53070000
vn -0.47890000 0.28570000 0.83010000
vn -0.15120000 0.96890000 0.19610000
vn -0.41510000 0.64670000 0.63990000
vn -0.21630000 0.92680000 0.30710000
vn -0.49900000 0.08540000 0.86240000
vn -0.48010000 0.47300000 0.73880000
vn -0.30440000 0.85500000 0.42000000
vn -0.38340000 0.75670000 0.52950000
vn -0.51810000 0.28960000 0.80480000
vn -0.45850000 0.61940000 0.63720000
vn -0.27160000 0.90270000 0.33370000
vn -0.54050000 0.10290000 0.83510000
vn -0.51470000 0.46900000 0.71770000
vn -0.37910000 0.79080000 0.48050000
vn -0.12920000 0.98160000 0.14050000
vn -0.55950000 0.28300000 0.77900000
vn -0.21320000 0.94490000 0.24830000
vn -0.48080000 0.63790000 0.60160000
vn -0.58170000 0.08660000 0.80880000
vn -0.31670000 0.87850000 0.35750000
vn -0.55680000 0.45490000 0.69510000
vn -0.41450000 0.78220000 0.46510000
vn -0.12380000 0.98500000 0.12060000
vn -0.60060000 0.27000000 0.75260000
vn -0.50310000 0.65270000 0.56650000
vn -0.27190000 0.92160000 0.27700000
vn -0.62190000 0.08940000 0.77800000
vn -0.56650000 0.51850000 0.64050000
vn -0.38330000 0.83370000 0.39770000
vn -0.02580000 0.99950000 0.01990000
vn -0.60970000 0.38520000 0.69280000
vn -0.48100000 0.72490000 0.49300000
vn -0.21500000 0.95650000 0.19710000
vn -0.64090000 0.24390000 0.72790000
vn -0.56210000 0.59280000 0.57670000
vn -0.31940000 0.89980000 0.29710000
vn -0.65950000 0.08360000 0.74700000
vn -0.63360000 0.42470000 0.64670000
vn -0.43650000 0.80490000 0.40200000
vn -0.09850000 0.99220000 0.07640000
vn -0.22370000 0.95610000 0.18950000
vn -0.67850000 0.24190000 0.69360000
vn -0.55190000 0.65840000 0.51180000
vn -0.69620000 0.08030000 0.71330000
vn -0.35240000 0.88830000 0.29450000
vn -0.63610000 0.49090000 0.59520000
vn -0.45280000 0.80720000 0.37870000
vn -0.70020000 0.29180000 0.65160000
vn -0.19480000 0.97060000 0.14110000
vn -0.53720000 0.71230000 0.45170000
vn -0.28050000 0.93790000 0.20430000
vn -0.60720000 0.61150000 0.50740000
vn -0.73050000 0.08890000 0.67700000
vn -0.39690000 0.86510000 0.30660000
vn -0.67100000 0.48450000 0.56130000
vn -0.02770000 0.99950000 0.01440000
vn -0.13280000 0.98750000 0.08540000
vn -0.52230000 0.75500000 0.39630000
vn -0.72900000 0.31500000 0.60780000
vn -0.64130000 0.59380000 0.48590000
vn -0.76270000 0.10870000 0.63750000
vn -0.39880000 0.87740000 0.26660000
vn -0.72840000 0.40260000 0.55450000
vn -0.51280000 0.78460000 0.34840000
vn -0.21340000 0.96860000 0.12730000
vn -0.77640000 0.21850000 0.59110000
vn -0.64000000 0.63300000 0.43560000
vn -0.32800000 0.92330000 0.19970000
vn -0.79540000 0.06150000 0.60300000
vn -0.45530000 0.84550000 0.27890000
vn -0.74540000 0.43400000 0.50600000
vn -0.10310000 0.99350000 0.04780000
vn -0.57890000 0.73360000 0.35580000
vn -0.19920000 0.97420000 0.10610000
vn -0.80350000 0.23430000 0.54720000
vn -0.30490000 0.93950000 0.15640000
vn -0.66800000 0.62070000 0.41050000
vn -0.44070000 0.86340000 0.24570000
vn -0.82430000 0.06910000 0.56190000
vn -0.73450000 0.51020000 0.44750000
vn -0.79020000 0.38000000 0.48090000
vn -0.58900000 0.74250000 0.31900000
vn -0.82780000 0.24370000 0.50540000
vn -0.70420000 0.59810000 0.38280000
vn -0.85020000 0.08420000 0.51960000
vn -0.45980000 0.86110000 0.21710000
vn -0.77820000 0.46200000 0.42540000
vn -0.83600000 0.30240000 0.45780000
vn -0.58220000 0.76310000 0.28060000
vn -0.22870000 0.96880000 0.09590000
vn -0.68240000 0.65150000 0.33160000
vn -0.32500000 0.93730000 0.12570000
vn -0.87330000 0.10370000 0.47600000
vn -0.45300000 0.87000000 0.19460000
vn -0.78250000 0.49640000 0.37600000
vn -0.06010000 0.99810000 0.01600000
vn -0.58940000 0.76960000 0.24560000
vn -0.22010000 0.97220000 0.07970000
vn -0.86100000 0.29740000 0.41250000
vn -0.71570000 0.63020000 0.30090000
vn -0.42820000 0.89100000 0.15100000
vn -0.89760000 0.09250000 0.43090000
vn -0.82920000 0.43630000 0.34940000
vn -0.54230000 0.81620000 0.19940000
vn -0.66380000 0.70750000 0.24250000
vn -0.89280000 0.24520000 0.37780000
vn -0.38640000 0.91530000 0.11370000
vn -0.77200000 0.57040000 0.28060000
vn -0.91920000 0.08040000 0.38550000
vn -0.52690000 0.83440000 0.16160000
vn -0.86140000 0.40020000 0.31270000
vn -0.22020000 0.97430000 0.04760000
vn -0.65030000 0.73280000 0.20030000
vn -0.91760000 0.21810000 0.33250000
vn -0.31610000 0.94600000 0.07190000
vn -0.76520000 0.59890000 0.23620000
vn -0.46590000 0.87620000 0.12340000
vn -0.93800000 0.06260000 0.34080000
vn -0.85200000 0.45200000 0.26430000
vn -0.61410000 0.77390000 0.15490000
vn -0.91500000 0.28510000 0.28540000
vn -0.75560000 0.62620000 0.19230000
vn -0.95130000 0.09010000 0.29490000
vn -0.44460000 0.89210000 0.08050000
vn -0.85430000 0.47220000 0.21720000
vn -0.55720000 0.82210000 0.11670000
vn -0.07530000 0.99710000 0.00610000
vn -0.92800000 0.29080000 0.23310000
vn -0.67820000 0.72180000 0.13820000
vn -0.20550000 0.97830000 0.02690000
vn -0.32470000 0.94470000 0.04540000
vn -0.79140000 0.59020000 0.15920000
vn -0.96530000 0.09290000 0.24410000
vn -0.88800000 0.42250000 0.18130000
vn -0.59150000 0.80180000 0.08460000
vn -0.95090000 0.24140000 0.19380000
vn -0.72360000 0.68160000 0.10860000
vn -0.33260000 0.94280000 0.02270000
vn -0.97710000 0.08000000 0.19710000
vn -0.82060000 0.55800000 0.12340000
vn -0.49570000 0.86660000 0.05710000
vn -0.06210000 0.99810000 -0.00080000
vn -0.90180000 0.41040000 0.13580000
vn -0.66510000 0.74390000 0.06530000
vn -0.19680000 0.98040000 0.00730000
vn -0.95700000 0.25180000 0.14410000
vn -0.34980000 0.93680000 -0.00900000
vn -0.79870000 0.59590000 0.08350000
vn -0.43900000 0.89830000 0.01720000
vn -0.98540000 0.08550000 0.14720000
vn -0.48710000 0.87330000 0.00500000
vn -0.90090000 0.42460000 0.08960000
vn -0.55690000 0.83020000 0.02630000
vn -0.63670000 0.77110000 0.00200000
vn -0.67330000 0.73860000 0.03480000
vn -0.96760000 0.23240000 0.09870000
vn -0.77270000 0.63470000 -0.00050000
vn -0.78920000 0.61290000 0.03790000
vn -0.99280000 0.06750000 0.09880000
vn -0.87290000 0.48780000 0.00370000
vn -0.90000000 0.43390000 0.04110000
vn -0.95100000 0.30910000 0.00230000
vn -0.96720000 0.24970000 0.04610000
vn -0.99460000 0.10400000 0.00060000
vn -0.99540000 0.08190000 0.05020000
vn -0.53410000 -0.00060000 0.84540000
vn -0.00000000 1.00000000 0.00090000
vn -0.00000000 -1.00000000 -0.00000000
vn -0.53560000 0.00040000 0.84450000
vn -0.68850000 -0.00080000 0.72520000
vn -0.00000000 1.00000000 0.00080000
vn -0.00000000 -1.00000000 -0.00000000
vn -0.70890000 0.00110000 0.70530000
vn -0.79270000 -0.00100000 0.60970000
vn -0.00000000 1.00000000 -0.00010000
vn -0.00000000 -1.00000000 -0.00000000
vn -0.81970000 0.00140000 0.57280000
vn -0.87820000 -0.00150000 0.47830000
vn -0.00000000 1.00000000 -0.00010000
vn -0.00000000 -1.00000000 -0.00000000
vn -0.90530000 0.00170000 0.42470000
vn -0.95190000 -0.00190000 0.30640000
vn -0.00000000 1.00000000 0.00010000
vn -0.00000000 -1.00000000 -0.00000000
vn -0.96620000 0.00140000 0.25790000
vn -0.99550000 -0.00090000 0.09510000
vn -0.00000000 1.00000000 0.00010000
vn -0.00000000 -1.00000000 -0.00000000
vn -0.99720000 0.00070000 0.07540000
vn 0.49410000 -0.00010000 -0.86940000
vn 0.54510000 0.04520000 -0.83710000
vn 0.49880000 0.03660000 -0.86590000
vn 0.00680000 0.99990000 -0.00940000
vn 0.58270000 0.08500000 -0.80820000
vn -0.00000000 1.00000000 -0.00000000
vn 0.60970000 0.00070000 -0.79260000
vn 0.62490000 0.04700000 -0.77930000
vn 0.65840000 0.08790000 -0.74760000
vn -0.00000000 1.00000000 -0.00000000
vn 0.68560000 0.00060000 -0.72800000
vn 0.69670000 0.07630000 -0.71330000
vn 0.73150000 0.06690000 -0.67860000
vn -0.00000000 1.00000000 -0.00000000
vn 0.75440000 0.00060000 -0.65640000
vn 0.76480000 0.06430000 -0.64100000
vn 0.79300000 0.09000000 -0.60250000
vn -0.00000000 1.00000000 -0.00000000
vn 0.81280000 0.00040000 -0.58250000
vn 0.85170000 0.06100000 -0.52050000
vn 0.85550000 0.00040000 -0.51780000
vn -0.00000000 1.00000000 0.00010000
vn -0.00000000 1.00000000 0.00010000
vn 0.89410000 0.00070000 -0.44780000
vn 0.89930000 0.06090000 -0.43300000
vn 0.93300000 0.00060000 -0.35990000
vn -0.00000000 1.00000000 -0.00000000
vn 0.93750000 0.06590000 -0.34170000
vn 0.95400000 0.06060000 -0.29370000
vn -0.00000000 1.00000000 -0.00000000
vn 0.96410000 0.00060000 -0.26570000
vn 0.98570000 0.00060000 -0.16870000
vn -0.00000000 1.00000000 -0.00000000
vn -0.00000000 1.00000000 -0.00000000
vn 0.99750000 0.00060000 -0.07010000
vn 0.99970000 0.00040000 0.02430000
vn -0.00000000 1.00000000 -0.00000000
vn 0.99480000 0.00030000 0.10190000
vn -0.00000000 1.00000000 -0.00000000
vn -0.00000000 1.00000000 -0.00000000
vn 0.98340000 0.00050000 0.18120000
vn 0.96280000 0.00040000 0.27010000
vn -0.00000000 1.00000000 -0.00000000
vn 0.93890000 0.00030000 0.34420000
vn -0.00000000 1.00000000 -0.00000000
vn -0.00000000 1.00000000 -0.00000000
vn 0.91050000 0.00030000 0.41360000
vn -0.00000000 1.00000000 -0.00000000
vn 0.87710000 0.00030000 0.48030000
vn -0.00000000 1.00000000 -0.00000000
vn 0.83860000 0.00020000 0.54470000
vn -0.00000000 1.00000000 -0.00000000
vn 0.79570000 0.00030000 0.60560000
vn 0.74810000 0.00030000 0.66360000
vn -0.00000000 1.00000000 -0.00000000
vn -0.00000000 1.00000000 -0.00000000
vn 0.69660000 0.00030000 0.71750000
vn 0.64090000 0.00030000 0.76770000
vn -0.00000000 1.00000000 -0.00000000
vn -0.00000000 1.00000000 -0.00000000
vn 0.58190000 0.00030000 0.81330000
vn 0.51930000 0.00030000 0.85460000
vn -0.00000000 1.00000000 -0.00000000
vn -0.00000000 1.00000000 -0.00000000
vn 0.45410000 0.00030000 0.89090000
vn -0.00000000 1.00000000 -0.00000000
vn 0.38130000 0.00050000 0.92440000
vn 0.29060000 0.00060000 0.95690000
vn -0.00000000 1.00000000 -0.00000000
vn -0.00000000 1.00000000 -0.00000000
vn 0.19380000 0.00060000 0.98100000
vn 0.09520000 0.00050000 0.99550000
vn -0.00000000 1.00000000 -0.00000000
vn -0.00000000 1.00000000 -0.00000000
vn -0.00440000 0.00050000 1.00000000
vn -0.10390000 0.00050000 0.99460000
vn -0.00000000 1.00000000 -0.00000000
vn -0.00000000 1.00000000 -0.00000000
vn -0.20250000 0.00060000 0.97930000
vn -0.29890000 0.00060000 0.95430000
vn -0.00000000 1.00000000 -0.00000000
vn -0.00000000 1.00000000 -0.00000000
vn -0.39250000 0.00060000 0.91980000
vn -0.48210000 0.00060000 0.87610000
vn -0.00000000 1.00000000 -0.00000000
vn -0.00000000 1.00000000 -0.00000000
vn -0.56700000 0.00060000 0.82370000
vn -0.64620000 0.00060000 0.76320000
vn -0.00000000 1.00000000 -0.00000000
vn -0.00000000 1.00000000 -0.00000000
vn -0.71850000 0.00060000 0.69550000
vn -0.77980000 0.00050000 0.62610000
vn -0.00000000 1.00000000 -0.00000000
vn -0.00000000 1.00000000 -0.00000000
vn -0.82650000 0.00040000 0.56290000
vn -0.86990000 0.00050000 0.49330000
vn -0.00000000 1.00000000 -0.00000000
vn -0.00000000 1.00000000 -0.00000000
vn -0.91120000 0.00030000 0.41200000
vn -0.94050000 0.00030000 0.33990000
vn -0.00000000 1.00000000 -0.00000000
vn -0.00000000 1.00000000 -0.00000000
vn -0.96470000 0.00050000 0.26340000
vn -0.98470000 0.00030000 0.17440000
vn -0.00000000 1.00000000 -0.00000000
vn -0.00000000 1.00000000 -0.00000000
vn -0.99530000 0.00030000 0.09730000
vn -0.99990000 0.00050000 0.01730000
vn -0.00000000 1.00000000 -0.00000000
vn -0.99970000 0.00020000 0.02250000
vn -0.00000000 -1.00000000 -0.00000000
vn -0.00000000 -1.00000000 -0.00000000
vn -0.99890000 0.00020000 -0.04730000
vn -1.00000000 -0.00020000 -0.00120000
vn -0.00000000 1.00000000 -0.00000000
vn -0.99670000 -0.00030000 -0.08170000
vn -0.00000000 1.00000000 -0.00000000
vn -0.00000000 -1.00000000 -0.00000000
vn -0.99270000 0.00030000 -0.12080000
vn -0.98430000 -0.00040000 -0.17670000
vn -0.00000000 1.00000000 -0.00000000
vn -0.00000000 -1.00000000 -0.00000000
vn -0.97740000 0.00040000 -0.21140000
vn -0.96190000 -0.00040000 -0.27320000
vn -0.00000000 1.00000000 -0.00000000
vn -0.95280000 0.00040000 -0.30380000
vn -0.00000000 -1.00000000 -0.00000000
vn -0.00000000 1.00000000 -0.00000000
vn -0.93200000 -0.00030000 -0.36250000
vn -0.00000000 -1.00000000 -0.00000000
vn -0.92260000 0.00020000 -0.38580000
vn -0.90060000 -0.00020000 -0.43460000
vn -0.00000000 1.00000000 -0.00000000
vn -0.00000000 -1.00000000 -0.00000000
vn -0.89060000 0.00020000 -0.45490000
vn -0.00000000 1.00000000 -0.00000000
vn -0.86300000 -0.00030000 -0.50510000
vn -0.85010000 0.00030000 -0.52660000
vn -0.00000000 -1.00000000 -0.00000000
vn -0.81160000 -0.00040000 -0.58430000
vn -0.00000000 1.00000000 -0.00000000
vn -0.79430000 0.00030000 -0.60750000
vn -0.00000000 -1.00000000 -0.00000000
vn -0.00000000 1.00000000 -0.00000000
vn -0.75310000 -0.00040000 -0.65790000
vn -0.73480000 0.00030000 -0.67830000
vn -0.00000000 -1.00000000 -0.00000000
vn -0.69900000 -0.00030000 -0.71510000
vn -0.00000000 1.00000000 -0.00000000
vn -0.00000000 -1.00000000 -0.00000000
vn -0.66910000 0.00030000 -0.74320000
vn -0.64360000 -0.00030000 -0.76540000
vn -0.00000000 1.00000000 -0.00000000
vn -0.59240000 0.00030000 -0.80570000
vn -0.00000000 -1.00000000 -0.00000000
vn -0.00000000 1.00000000 -0.00000000
vn -0.58420000 -0.00010000 -0.81160000
vn -0.51690000 -0.00020000 -0.85600000
vn -0.00000000 1.00000000 -0.00000000
vn -0.00000000 -1.00000000 -0.00010000
vn -0.51980000 -0.00000000 -0.85430000
vn -0.45130000 0.00020000 -0.89230000
vn -0.00000000 -1.00000000 -0.00000000
vn -0.43630000 -0.00030000 -0.89980000
vn -0.00000000 1.00000000 -0.00000000
vn -0.00000000 -1.00000000 -0.00000000
vn -0.36730000 0.00040000 -0.93010000
vn -0.00000000 1.00000000 -0.00000000
vn -0.36450000 -0.00020000 -0.93120000
vn -0.29410000 -0.00020000 -0.95580000
vn -0.00000000 1.00000000 -0.00000000
vn -0.26520000 0.00040000 -0.96420000
vn -0.00000000 -1.00000000 -0.00000000
vn -0.00000000 1.00000000 -0.00000000
vn -0.22180000 -0.00030000 -0.97510000
vn -0.00000000 -1.00000000 -0.00000000
vn -0.17310000 0.00030000 -0.98490000
vn -0.14450000 -0.00040000 -0.98950000
vn -0.00000000 1.00000000 -0.00000000
vn -0.07920000 0.00040000 -0.99690000
vn -0.00000000 -1.00000000 0.00010000
vn -0.00000000 1.00000000 -0.00000000
vn -0.05440000 -0.00030000 -0.99850000
vn -0.00000000 -1.00000000 -0.00000000
vn 0.02840000 0.00040000 -0.99960000
vn -0.00000000 1.00000000 -0.00000000
vn 0.02420000 -0.00020000 -0.99970000
vn -0.00000000 1.00000000 -0.00000000
vn 0.09890000 -0.00030000 -0.99510000
vn -0.00000000 -1.00000000 -0.00030000
vn 0.11770000 0.00020000 -0.99300000
vn 0.17280000 -0.00020000 -0.98490000
vn -0.00000000 1.00000000 -0.00000000
vn -0.00000000 -1.00000000 0.00030000
vn 0.18680000 0.00010000 -0.98240000
vn 0.24580000 -0.00020000 -0.96930000
vn -0.00000000 1.00000000 -0.00000000
vn -0.00000000 -1.00000000 -0.00000000
vn 0.26780000 0.00030000 -0.96350000
vn -0.00000000 1.00000000 -0.00000000
vn 0.31760000 -0.00030000 -0.94820000
vn -0.00000000 -1.00000000 -0.00000000
vn 0.34740000 0.00030000 -0.93770000
vn 0.38750000 -0.00020000 -0.92190000
vn -0.00000000 1.00000000 -0.00000000
vn -0.00000000 -1.00000000 -0.00000000
vn 0.40790000 0.00010000 -0.91300000
vn -0.00000000 1.00000000 -0.00000000
vn 0.45560000 -0.00020000 -0.89020000
vn 0.46390000 -0.00000000 -0.88590000
vn -0.00000000 -1.00000000 -0.00000000
vn -0.00000000 1.00000000 -0.00000000
vn 0.52590000 -0.00020000 -0.85050000
vn -0.00000000 -1.00000000 -0.00000000
vn 0.52640000 -0.00000000 -0.85020000
vn 0.59460000 0.00010000 -0.80410000
vn -0.00000000 -1.00000000 -0.00000000
vn -0.00000000 1.00000000 -0.00000000
vn 0.60160000 -0.00020000 -0.79880000
vn -0.00000000 -1.00000000 -0.00000000
vn 0.65320000 0.00010000 -0.75720000
vn 0.66230000 -0.00020000 -0.74920000
vn -0.00000000 1.00000000 -0.00000000
vn 0.70320000 0.00020000 -0.71100000
vn -0.00000000 -1.00000000 -0.00000000
vn 0.71640000 -0.00030000 -0.69770000
vn -0.00000000 1.00000000 -0.00000000
vn -0.00000000 -1.00000000 -0.00000000
vn 0.76240000 0.00030000 -0.64710000
vn 0.76650000 -0.00020000 -0.64220000
vn -0.00000000 1.00000000 -0.00000000
vn -0.00000000 1.00000000 -0.00000000
vn 0.81460000 -0.00020000 -0.58000000
vn 0.82110000 0.00020000 -0.57070000
vn -0.00000000 -1.00000000 -0.00000000
vn -0.00000000 1.00000000 -0.00000000
vn 0.86370000 -0.00020000 -0.50400000
vn 0.86470000 0.00010000 -0.50230000
vn -0.00000000 -1.00000000 -0.00000000
vn -0.00000000 -1.00000000 -0.00000000
vn 0.90440000 0.00020000 -0.42660000
vn 0.90060000 -0.00020000 -0.43460000
vn -0.00000000 1.00000000 -0.00000000
vn -0.00000000 1.00000000 -0.00000000
vn 0.93060000 -0.00030000 -0.36600000
vn 0.93910000 0.00030000 -0.34370000
vn -0.00000000 -1.00000000 0.00020000
vn -0.00000000 1.00000000 -0.00000000
vn 0.95530000 -0.00030000 -0.29560000
vn 0.96680000 0.00030000 -0.25550000
vn -0.00000000 -1.00000000 -0.00010000
vn 0.97470000 -0.00030000 -0.22340000
vn -0.00000000 1.00000000 -0.00000000
vn -0.00000000 -1.00000000 0.00010000
vn 0.98690000 0.00020000 -0.16110000
vn 0.98870000 -0.00010000 -0.14960000
vn -0.00000000 1.00000000 -0.00000000
vn -0.00000000 1.00000000 -0.00000000
vn 0.99730000 -0.00010000 -0.07410000
vn 0.99650000 0.00010000 -0.08420000
vn -0.00000000 -1.00000000 -0.00010000
vn 0.99990000 0.00020000 -0.01630000
vn -0.00000000 -1.00000000 -0.00000000
vn -0.00000000 1.00000000 -0.00000000
vn 1.00000000 -0.00020000 0.00170000
vn -0.99940000 0.00050000 0.03600000
vn -0.00000000 1.00000000 -0.00000000
vn -0.00010000 1.00000000 -0.00010000
vn -0.99930000 0.00110000 -0.03750000
vn -0.99780000 -0.00290000 0.06590000
vn -0.00000000 -1.00000000 -0.00000000
vn -0.00000000 1.00000000 -0.00000000
vn -0.99240000 0.00240000 0.12270000
vn -0.98130000 -0.00280000 0.19270000
vn -0.00000000 -1.00000000 -0.00000000
vn -0.00000000 1.00000000 -0.00000000
vn -0.97570000 0.00180000 0.21910000
vn -0.00000000 -1.00000000 -0.00000000
vn -0.95460000 -0.00160000 0.29800000
vn -0.94910000 0.00150000 0.31500000
vn -0.00000000 1.00000000 -0.00000000
vn -0.00000000 -1.00000000 0.00010000
vn -0.92190000 -0.00150000 0.38750000
vn -0.91390000 0.00170000 0.40600000
vn -0.00000000 1.00000000 -0.00000000
vn -0.88140000 -0.00170000 0.47240000
vn -0.00000000 -1.00000000 -0.00000000
vn -0.87010000 0.00190000 0.49290000
vn -0.00000000 1.00000000 -0.00000000
vn -0.83260000 -0.00190000 0.55380000
vn -0.00000000 -1.00000000 -0.00000000
vn -0.00000000 1.00000000 -0.00000000
vn -0.81800000 0.00200000 0.57520000
vn -0.77600000 -0.00200000 0.63080000
vn -0.00000000 -1.00000000 -0.00000000
vn -0.00000000 1.00000000 -0.00000000
vn -0.75800000 0.00210000 0.65220000
vn -0.00000000 -1.00000000 -0.00000000
vn -0.71190000 -0.00210000 0.70220000
vn -0.00000000 1.00000000 -0.00000000
vn -0.69080000 0.00220000 0.72300000
vn -0.64130000 -0.00210000 0.76720000
vn -0.00000000 -1.00000000 -0.00000000
vn -0.00000000 1.00000000 -0.00000000
vn -0.61700000 0.00220000 0.78700000
vn -0.00000000 -1.00000000 -0.00000000
vn -0.56510000 -0.00220000 0.82500000
vn -0.53730000 0.00230000 0.84340000
vn -0.00000000 1.00000000 -0.00000000
vn -0.48160000 -0.00250000 0.87640000
vn -0.00000000 -1.00000000 -0.00000000
vn -0.44920000 0.00290000 0.89340000
vn -0.00000000 1.00000000 -0.00000000
vn -0.00000000 -1.00000000 -0.00000000
vn -0.38380000 -0.00330000 0.92340000
vn -0.00000000 1.00000000 -0.00000000
vn -0.33790000 0.00340000 0.94120000
vn -0.28140000 -0.00290000 0.95960000
vn -0.00000000 -1.00000000 -0.00000000
vn -0.00000000 1.00000000 -0.00000000
vn -0.22180000 0.00280000 0.97510000
vn -0.18580000 -0.00260000 0.98260000
vn -0.00000000 -1.00000000 -0.00000000
vn -0.00000000 1.00000000 -0.00000000
vn -0.12530000 0.00250000 0.99210000
vn -0.00000000 -1.00000000 -0.00000000
vn -0.06710000 -0.00230000 0.99770000
vn -0.03760000 0.00110000 0.99930000
vn -0.00010000 1.00000000 -0.00000000
vn -0.00000000 1.00000000 -0.00000000
vn 0.03600000 0.00050000 0.99940000
vn 0.06260000 -0.00240000 0.99800000
vn -0.00000000 -1.00000000 -0.00000000
vn -0.00000000 1.00000000 -0.00000000
vn 0.12280000 0.00260000 0.99240000
vn 0.17040000 -0.00250000 0.98540000
vn -0.00000000 -1.00000000 -0.00000000
vn -0.00000000 1.00000000 -0.00000000
vn 0.21880000 0.00240000 0.97580000
vn -0.00000000 -1.00000000 -0.00000000
vn 0.25790000 -0.00210000 0.96620000
vn 0.31510000 0.00230000 0.94900000
vn -0.00000000 1.00000000 -0.00000000
vn -0.00000000 -1.00000000 -0.00000000
vn 0.34440000 -0.00190000 0.93880000
vn -0.00000000 1.00000000 -0.00000000
vn 0.40610000 0.00210000 0.91380000
vn 0.43040000 -0.00180000 0.90260000
vn -0.00000000 -1.00000000 -0.00000000
vn -0.00000000 1.00000000 -0.00000000
vn 0.49290000 0.00190000 0.87010000
vn -0.00000000 -1.00000000 -0.00000000
vn 0.51370000 -0.00180000 0.85800000
vn 0.57530000 0.00180000 0.81800000
vn -0.00000000 1.00000000 -0.00000000
vn 0.59300000 -0.00170000 0.80520000
vn -0.00000000 -1.00000000 -0.00000000
vn -0.00000000 1.00000000 -0.00000000
vn 0.65220000 0.00170000 0.75800000
vn -0.00000000 -1.00000000 -0.00000000
vn 0.66740000 -0.00160000 0.74470000
vn 0.72310000 0.00160000 0.69080000
vn -0.00000000 1.00000000 -0.00000000
vn -0.00000000 -1.00000000 -0.00000000
vn 0.73570000 -0.00150000 0.67730000
vn -0.00000000 1.00000000 -0.00000000
vn 0.78700000 0.00150000 0.61690000
vn -0.00000000 -1.00000000 -0.00000000
vn 0.79720000 -0.00130000 0.60380000
vn 0.84340000 0.00130000 0.53720000
vn -0.00000000 1.00000000 -0.00000000
vn -0.00000000 -1.00000000 -0.00000000
vn 0.85110000 -0.00110000 0.52510000
vn 0.89370000 0.00130000 0.44880000
vn -0.00000000 1.00000000 -0.00000000
vn 0.89680000 0.00020000 0.44240000
vn -0.00000000 -1.00000000 -0.00000000
vn -0.00000000 1.00000000 0.00010000
vn 0.94090000 0.00230000 0.33870000
vn -0.00000000 -1.00000000 -0.00000000
vn 0.93170000 -0.00100000 0.36330000
vn 0.96060000 -0.00230000 0.27800000
vn -0.00000000 -1.00000000 -0.00000000
vn -0.00000000 1.00000000 -0.00000000
vn 0.97510000 0.00280000 0.22180000
vn -0.00000000 -1.00000000 -0.00000000
vn 0.98220000 -0.00230000 0.18770000
vn 0.99220000 0.00240000 0.12460000
vn -0.00000000 1.00000000 -0.00010000
vn 0.99630000 -0.00200000 0.08550000
vn -0.00000000 -1.00000000 -0.00010000
vn 0.99930000 0.00190000 0.03800000
vn -0.00000000 1.00000000 -0.00000000
vn 0.99990000 -0.00030000 0.01510000
vn -0.00000000 -1.00000000 -0.00010000
vn 0.99790000 -0.00240000 -0.06500000
vn -0.00000000 -1.00000000 -0.00000000
vn 0.00010000 1.00000000 -0.00000000
vn 0.99930000 0.00110000 -0.03690000
vn 0.99240000 0.00230000 -0.12330000
vn -0.00000000 1.00000000 -0.00000000
vn 0.98130000 -0.00290000 -0.19220000
vn -0.00000000 -1.00000000 -0.00000000
vn -0.00000000 1.00000000 -0.00010000
vn 0.97570000 0.00180000 -0.21910000
vn -0.00000000 -1.00000000 -0.00000000
vn 0.95460000 -0.00160000 -0.29800000
vn 0.94910000 0.00150000 -0.31500000
vn -0.00000000 1.00000000 -0.00000000
vn 0.92190000 -0.00150000 -0.38750000
vn -0.00000000 -1.00000000 -0.00000000
vn -0.00000000 1.00000000 -0.00000000
vn 0.91390000 0.00170000 -0.40600000
vn -0.00000000 -1.00000000 -0.00000000
vn 0.88140000 -0.00170000 -0.47240000
vn -0.00000000 1.00000000 -0.00000000
vn 0.87010000 0.00190000 -0.49290000
vn 0.83260000 -0.00190000 -0.55380000
vn -0.00000000 -1.00000000 -0.00000000
vn 0.81800000 0.00200000 -0.57520000
vn -0.00000000 1.00000000 -0.00000000
vn -0.00000000 -1.00000000 -0.00000000
vn 0.77600000 -0.00200000 -0.63080000
vn 0.75800000 0.00210000 -0.65220000
vn -0.00000000 1.00000000 -0.00000000
vn -0.00000000 -1.00000000 -0.00000000
vn 0.71190000 -0.00210000 -0.70220000
vn 0.69080000 0.00220000 -0.72310000
vn -0.00000000 1.00000000 -0.00000000
vn -0.00000000 -1.00000000 -0.00000000
vn 0.64130000 -0.00210000 -0.76730000
vn 0.61700000 0.00220000 -0.78700000
vn -0.00000000 1.00000000 -0.00000000
vn -0.00000000 -1.00000000 -0.00000000
vn 0.56510000 -0.00220000 -0.82500000
vn 0.53730000 0.00230000 -0.84340000
vn -0.00000000 1.00000000 -0.00000000
vn -0.00000000 -1.00000000 -0.00000000
vn 0.48160000 -0.00250000 -0.87640000
vn 0.45220000 0.00230000 -0.89190000
vn -0.00000000 1.00000000 -0.00000000
vn -0.00000000 -1.00000000 -0.00000000
vn 0.38300000 -0.00230000 -0.92370000
vn 0.36000000 0.00180000 -0.93300000
vn -0.00000000 1.00000000 -0.00000000
vn -0.00000000 -1.00000000 -0.00000000
vn 0.28200000 -0.00160000 -0.95940000
vn 0.26530000 0.00150000 -0.96420000
vn -0.00000000 1.00000000 -0.00000000
vn -0.00000000 -1.00000000 -0.00000000
vn 0.18620000 -0.00160000 -0.98250000
vn 0.16780000 0.00170000 -0.98580000
vn -0.00000000 1.00000000 -0.00000000
vn -0.00000000 -1.00000000 -0.00000000
vn 0.06820000 -0.00160000 -0.99770000
vn 0.05740000 0.00030000 -0.99840000
vn -0.00000000 1.00000000 -0.00000000
vn -0.00000000 -1.00000000 -0.00000000
vn -0.06490000 -0.00240000 -0.99790000
vn -0.03680000 0.00110000 -0.99930000
vn -0.00010000 1.00000000 -0.00000000
vn -0.00000000 1.00000000 -0.00000000
vn -0.12330000 0.00230000 -0.99240000
vn -0.19220000 -0.00290000 -0.98130000
vn -0.00000000 -1.00000000 -0.00000000
vn -0.00000000 1.00000000 -0.00000000
vn -0.21910000 0.00180000 -0.97570000
vn -0.29800000 -0.00160000 -0.95460000
vn -0.00000000 -1.00000000 -0.00000000
vn -0.00000000 1.00000000 -0.00000000
vn -0.31500000 0.00150000 -0.94910000
vn -0.38750000 -0.00150000 -0.92190000
vn -0.00000000 -1.00000000 -0.00000000
vn -0.00000000 1.00000000 -0.00000000
vn -0.40600000 0.00170000 -0.91390000
vn -0.47240000 -0.00170000 -0.88140000
vn -0.00000000 -1.00000000 -0.00000000
vn -0.00000000 1.00000000 -0.00000000
vn -0.49290000 0.00190000 -0.87010000
vn -0.55380000 -0.00190000 -0.83260000
vn -0.00000000 -1.00000000 -0.00000000
vn -0.00000000 1.00000000 -0.00000000
vn -0.57520000 0.00200000 -0.81800000
vn -0.63080000 -0.00200000 -0.77600000
vn -0.00000000 -1.00000000 -0.00000000
vn -0.00000000 1.00000000 -0.00000000
vn -0.65220000 0.00210000 -0.75800000
vn -0.00000000 -1.00000000 -0.00000000
vn -0.70220000 -0.00210000 -0.71190000
vn -0.72300000 0.00220000 -0.69080000
vn -0.00000000 1.00000000 -0.00000000
vn -0.76730000 -0.00210000 -0.64130000
vn -0.00000000 -1.00000000 -0.00000000
vn -0.00000000 1.00000000 -0.00000000
vn -0.78700000 0.00220000 -0.61700000
vn -0.82500000 -0.00220000 -0.56510000
vn -0.00000000 -1.00000000 -0.00000000
vn -0.00000000 1.00000000 -0.00000000
vn -0.84340000 0.00230000 -0.53730000
vn -0.87640000 -0.00250000 -0.48160000
vn -0.00000000 -1.00000000 -0.00000000
vn -0.00000000 1.00000000 -0.00000000
vn -0.89340000 0.00290000 -0.44920000
vn -0.92340000 -0.00330000 -0.38380000
vn -0.00000000 -1.00000000 -0.00000000
vn -0.00000000 1.00000000 -0.00000000
vn -0.94120000 0.00340000 -0.33790000
vn -0.95960000 -0.00290000 -0.28140000
vn -0.00000000 -1.00000000 -0.00000000
vn -0.97510000 0.00280000 -0.22180000
vn -0.00000000 1.00000000 -0.00000000
vn -0.00000000 -1.00000000 -0.00000000
vn -0.98260000 -0.00260000 -0.18580000
vn -0.99210000 0.00250000 -0.12530000
vn -0.00000000 1.00000000 -0.00000000
vn -0.00000000 -1.00000000 -0.00000000
vn -0.99770000 -0.00230000 -0.06710000
vn -0.99950000 -0.00250000 -0.03250000
vn -0.00000000 1.00000000 0.00010000
vn -0.99760000 0.00250000 0.06970000
vn -0.00000000 -1.00000000 0.00010000
vn -0.00000000 1.00000000 0.00010000
vn -0.99250000 -0.00180000 0.12220000
vn -0.97380000 0.00180000 0.22760000
vn -0.00000000 -1.00000000 -0.00000000
vn -0.00000000 1.00000000 0.00010000
vn -0.96310000 -0.00190000 0.26900000
vn -0.00000000 -1.00000000 -0.00010000
vn -0.92750000 0.00220000 0.37390000
vn -0.90260000 -0.00320000 0.43040000
vn -0.00000000 1.00000000 -0.00010000
vn -0.00000000 -1.00000000 -0.00000000
vn -0.85210000 0.00310000 0.52340000
vn -0.79320000 -0.00350000 0.60890000
vn -0.00000000 1.00000000 -0.00010000
vn -0.00000000 -1.00000000 0.00010000
vn -0.74530000 0.00310000 0.66670000
vn -0.00000000 1.00000000 0.00010000
vn -0.64810000 -0.00300000 0.76160000
vn -0.00000000 -1.00000000 -0.00030000
vn -0.60410000 0.00280000 0.79690000
vn -0.50030000 -0.00270000 0.86590000
vn -0.00040000 1.00000000 0.00060000
vn -0.00000000 -1.00000000 -0.00200000
vn -0.44140000 0.00290000 0.89730000
vn -0.00020000 1.00000000 0.00060000
vn -0.34650000 -0.00260000 0.93810000
vn -0.00000000 -1.00000000 -0.00000000
vn -0.28180000 0.00250000 0.95950000
vn -0.18860000 -0.00240000 0.98210000
vn -0.00010000 1.00000000 0.00040000
vn -0.00000000 -1.00000000 -0.00010000
vn -0.12400000 0.00230000 0.99230000
vn -0.03200000 -0.00230000 0.99950000
vn -0.00000000 1.00000000 0.00030000
vn 0.03200000 0.00230000 0.99950000
vn -0.00000000 -1.00000000 -0.00000000
vn 0.12400000 -0.00230000 0.99230000
vn -0.00000000 1.00000000 0.00030000
vn 0.18850000 0.00240000 0.98210000
vn -0.00000000 -1.00000000 -0.00000000
vn 0.00010000 1.00000000 0.00020000
vn 0.28180000 -0.00250000 0.95950000
vn 0.34640000 0.00260000 0.93810000
vn -0.00000000 -1.00000000 0.00010000
vn 0.44140000 -0.00290000 0.89730000
vn 0.00020000 1.00000000 0.00030000
vn -0.00000000 -1.00000000 -0.00000000
vn 0.50020000 0.00270000 0.86590000
vn 0.60410000 -0.00280000 0.79690000
vn 0.00020000 1.00000000 0.00020000
vn 0.64800000 0.00300000 0.76160000
vn -0.00000000 -1.00000000 -0.00010000
vn 0.74530000 -0.00310000 0.66670000
vn 0.00030000 1.00000000 0.00030000
vn 0.79320000 0.00350000 0.60890000
vn -0.00000000 -1.00000000 -0.00000000
vn 0.85210000 -0.00310000 0.52330000
vn 0.00030000 1.00000000 0.00020000
vn 0.90260000 0.00320000 0.43040000
vn -0.00000000 -1.00000000 -0.00000000
vn 0.92750000 -0.00220000 0.37390000
vn 0.00020000 1.00000000 0.00010000
vn 0.96610000 0.00220000 0.25800000
vn -0.00000000 -1.00000000 -0.00000000
vn 0.97430000 -0.00090000 0.22540000
vn 0.00020000 1.00000000 0.00010000
vn 0.99840000 0.00220000 0.05710000
vn -0.00000000 -1.00000000 -0.00000000
vn 0.00020000 1.00000000 -0.00000000
vn 0.99790000 -0.00080000 0.06490000
vn -0.00000000 1.00000000 -0.00000000
vn -0.99860000 -0.00250000 0.05340000
vn -0.99790000 0.00090000 0.06450000
vn -0.00000000 -1.00000000 -0.00000000
vn -0.00000000 -1.00000000 -0.00000000
vn -0.97410000 0.00080000 0.22600000
vn -0.96610000 -0.00220000 0.25800000
vn -0.00000000 1.00000000 -0.00000000
vn -0.00000000 -1.00000000 -0.00000000
vn -0.92750000 0.00220000 0.37390000
vn -0.90260000 -0.00320000 0.43040000
vn -0.00000000 1.00000000 -0.00010000
vn -0.85030000 0.00340000 0.52630000
vn -0.00000000 -1.00000000 -0.00000000
vn -0.00000000 1.00000000 -0.00010000
vn -0.79350000 -0.00400000 0.60860000
vn -0.00000000 -1.00000000 -0.00000000
vn -0.73310000 0.00380000 0.68010000
vn -0.64770000 -0.00350000 0.76190000
vn -0.00000000 1.00000000 -0.00000000
vn -0.00000000 -1.00000000 -0.00000000
vn -0.58900000 0.00300000 0.80810000
vn -0.50030000 -0.00270000 0.86590000
vn -0.00000000 1.00000000 -0.00000000
vn -0.00000000 -1.00000000 -0.00000000
vn -0.43820000 0.00270000 0.89890000
vn -0.34650000 -0.00260000 0.93810000
vn -0.00000000 1.00000000 -0.00000000
vn -0.28180000 0.00250000 0.95950000
vn -0.00000000 -1.00000000 -0.00000000
vn -0.18860000 -0.00240000 0.98210000
vn -0.00000000 1.00000000 -0.00000000
vn -0.00000000 -1.00000000 -0.00000000
vn -0.12400000 0.00230000 0.99230000
vn -0.00000000 1.00000000 -0.00000000
vn -0.03200000 -0.00230000 0.99950000
vn 0.03200000 0.00230000 0.99950000
vn -0.00000000 -1.00000000 -0.00000000
vn -0.00000000 1.00000000 -0.00000000
vn 0.12400000 -0.00230000 0.99230000
vn 0.18860000 0.00240000 0.98210000
vn -0.00000000 -1.00000000 -0.00000000
vn -0.00000000 1.00000000 -0.00000000
vn 0.28180000 -0.00250000 0.95950000
vn -0.00000000 -1.00000000 -0.00000000
vn 0.34650000 0.00260000 0.93810000
vn -0.00000000 1.00000000 -0.00000000
vn 0.44140000 -0.00290000 0.89730000
vn 0.50030000 0.00270000 0.86590000
vn -0.00000000 -1.00000000 0.00010000
vn 0.60410000 -0.00280000 0.79690000
vn -0.00000000 1.00000000 -0.00000000
vn 0.64800000 0.00300000 0.76160000
vn -0.00000000 -1.00000000 -0.00000000
vn 0.74530000 -0.00310000 0.66670000
vn 0.00010000 1.00000000 -0.00000000
vn -0.00000000 -1.00000000 -0.00000000
vn 0.79320000 0.00350000 0.60890000
vn 0.85210000 -0.00310000 0.52340000
vn 0.00010000 1.00000000 -0.00030000
vn 0.90260000 0.00320000 0.43040000
vn -0.00000000 -1.00000000 -0.00030000
vn 0.93010000 -0.00280000 0.36720000
vn 0.00030000 1.00000000 -0.00010000
vn 0.96590000 0.00340000 0.25880000
vn -0.00000000 -1.00000000 0.00030000
vn 0.00070000 1.00000000 0.00040000
vn 0.98240000 -0.00330000 0.18670000
vn 0.99840000 0.00250000 0.05570000
vn -0.00000000 -1.00000000 -0.00000000
vn 1.00000000 -0.00080000 0.00980000
vn 0.00020000 1.00000000 -0.00000000
vn -0.00010000 1.00000000 -0.00000000
vn -0.99940000 -0.00110000 -0.03350000
vn -0.00000000 -1.00000000 -0.00000000
vn -0.99710000 0.00190000 0.07670000
vn -0.99250000 -0.00180000 0.12220000
vn -0.00010000 1.00000000 0.00010000
vn -0.00000000 -1.00000000 -0.00010000
vn -0.97380000 0.00180000 0.22760000
vn -0.00010000 1.00000000 -0.00010000
vn -0.96310000 -0.00190000 0.26900000
vn -0.92750000 0.00220000 0.37390000
vn -0.00000000 -1.00000000 -0.00000000
vn -0.00010000 1.00000000 0.00010000
vn -0.90260000 -0.00320000 0.43040000
vn -0.85210000 0.00310000 0.52340000
vn -0.00000000 -1.00000000 -0.00000000
vn -0.00010000 1.00000000 0.00010000
vn -0.79320000 -0.00350000 0.60890000
vn -0.74530000 0.00310000 0.66670000
vn -0.00000000 -1.00000000 -0.00000000
vn -0.00010000 1.00000000 0.00010000
vn -0.64810000 -0.00300000 0.76160000
vn -0.60410000 0.00280000 0.79690000
vn -0.00000000 -1.00000000 -0.00000000
vn -0.00010000 1.00000000 0.00010000
vn -0.50030000 -0.00270000 0.86590000
vn -0.00000000 -1.00000000 -0.00000000
vn -0.44140000 0.00290000 0.89730000
vn -0.00000000 1.00000000 0.00010000
vn -0.34650000 -0.00260000 0.93800000
vn -0.00000000 -1.00000000 -0.00000000
vn -0.28180000 0.00250000 0.95950000
vn -0.18860000 -0.00240000 0.98210000
vn -0.00000000 1.00000000 0.00020000
vn -0.12400000 0.00230000 0.99230000
vn -0.00000000 -1.00000000 -0.00010000
vn -0.03200000 -0.00230000 0.99950000
vn -0.00000000 1.00000000 0.00020000
vn -0.00000000 -1.00000000 -0.00000000
vn 0.03200000 0.00230000 0.99950000
vn 0.12400000 -0.00230000 0.99230000
vn -0.00000000 1.00000000 0.00010000
vn 0.18850000 0.00240000 0.98210000
vn -0.00000000 -1.00000000 -0.00000000
vn 0.28180000 -0.00250000 0.95950000
vn -0.00000000 1.00000000 0.00010000
vn 0.34650000 0.00260000 0.93810000
vn -0.00000000 -1.00000000 -0.00000000
vn 0.00010000 1.00000000 0.00010000
vn 0.44140000 -0.00290000 0.89730000
vn -0.00000000 -1.00000000 -0.00000000
vn 0.50030000 0.00270000 0.86590000
vn 0.60410000 -0.00280000 0.79690000
vn 0.00010000 1.00000000 0.00010000
vn -0.00000000 -1.00000000 -0.00000000
vn 0.64800000 0.00300000 0.76160000
vn -0.00000000 1.00000000 -0.00010000
vn 0.74530000 -0.00310000 0.66670000
vn 0.79320000 0.00350000 0.60890000
vn -0.00000000 -1.00000000 0.00030000
vn -0.00000000 1.00000000 -0.00020000
vn 0.85210000 -0.00310000 0.52330000
vn -0.00000000 -1.00000000 -0.00000000
vn 0.90260000 0.00320000 0.43040000
vn 0.92750000 -0.00220000 0.37390000
vn -0.00000000 1.00000000 -0.00000000
vn -0.00000000 -1.00000000 -0.00010000
vn 0.96610000 0.00220000 0.25800000
vn 0.97430000 -0.00090000 0.22540000
vn -0.00000000 1.00000000 -0.00000000
vn -0.00000000 -1.00000000 -0.00000000
vn 0.99840000 0.00220000 0.05710000
vn -0.00000000 1.00000000 -0.00000000
vn 0.99790000 -0.00080000 0.06490000
vn -0.00070000 1.00000000 0.00010000
vn -0.99680000 -0.00140000 0.08030000
vn -0.99710000 0.00050000 0.07640000
vn -0.00000000 -1.00000000 -0.00010000
vn -0.97380000 0.00120000 0.22720000
vn -0.00000000 -1.00000000 -0.00000000
vn -0.00030000 1.00000000 -0.00000000
vn -0.96510000 -0.00210000 0.26180000
vn -0.00000000 -1.00000000 -0.00000000
vn -0.92750000 0.00220000 0.37390000
vn -0.90260000 -0.00320000 0.43040000
vn -0.00020000 1.00000000 -0.00000000
vn -0.85030000 0.00340000 0.52630000
vn -0.00000000 -1.00000000 -0.00000000
vn -0.00020000 1.00000000 -0.00000000
vn -0.79350000 -0.00400000 0.60860000
vn -0.73310000 0.00380000 0.68010000
vn -0.00000000 -1.00000000 -0.00000000
vn -0.64770000 -0.00350000 0.76190000
vn -0.00000000 1.00000000 -0.00000000
vn -0.00000000 -1.00000000 -0.00000000
vn -0.58900000 0.00300000 0.80810000
vn -0.00000000 1.00000000 -0.00000000
vn -0.50030000 -0.00270000 0.86590000
vn -0.43820000 0.00270000 0.89890000
vn -0.00000000 -1.00000000 -0.00000000
vn -0.00000000 1.00000000 -0.00000000
vn -0.34650000 -0.00260000 0.93810000
vn -0.00000000 -1.00000000 -0.00000000
vn -0.28180000 0.00250000 0.95950000
vn -0.00000000 1.00000000 -0.00000000
vn -0.18860000 -0.00240000 0.98210000
vn -0.12400000 0.00230000 0.99230000
vn -0.00000000 -1.00000000 -0.00000000
vn -0.03200000 -0.00230000 0.99950000
vn -0.00000000 1.00000000 -0.00000000
vn -0.00000000 -1.00000000 -0.00000000
vn 0.03200000 0.00230000 0.99950000
vn -0.00000000 1.00000000 -0.00000000
vn 0.12400000 -0.00230000 0.99230000
vn -0.00000000 -1.00000000 -0.00000000
vn 0.18860000 0.00240000 0.98210000
vn 0.28180000 -0.00250000 0.95950000
vn -0.00000000 1.00000000 -0.00000000
vn 0.34650000 0.00260000 0.93810000
vn -0.00000000 -1.00000000 -0.00000000
vn -0.00000000 1.00000000 -0.00000000
vn 0.44140000 -0.00290000 0.89730000
vn -0.00000000 -1.00000000 -0.00000000
vn 0.50030000 0.00270000 0.86590000
vn 0.60410000 -0.00280000 0.79690000
vn -0.00000000 1.00000000 -0.00000000
vn -0.00000000 -1.00000000 -0.00000000
vn 0.64800000 0.00300000 0.76160000
vn 0.74530000 -0.00310000 0.66670000
vn -0.00000000 1.00000000 0.00010000
vn 0.79320000 0.00350000 0.60890000
vn -0.00000000 -1.00000000 -0.00000000
vn 0.85210000 -0.00310000 0.52340000
vn -0.00000000 1.00000000 0.00010000
vn 0.90260000 0.00320000 0.43040000
vn -0.00000000 -1.00000000 -0.00000000
vn 0.93010000 -0.00280000 0.36720000
vn -0.00000000 1.00000000 -0.00000000
vn 0.96590000 0.00340000 0.25880000
vn -0.00000000 -1.00000000 -0.00010000
vn -0.00000000 1.00000000 -0.00000000
vn 0.98240000 -0.00330000 0.18670000
vn -0.00000000 -1.00000000 -0.00010000
vn 0.99840000 0.00250000 0.05570000
vn 1.00000000 -0.00080000 0.00980000
vn -0.00000000 1.00000000 -0.00000000
vn 0.44140000 -0.00100000 0.89730000
vn -0.00000000 1.00000000 -0.00000000
vn -0.00000000 1.00000000 -0.00000000
vn 0.55080000 -0.00100000 0.83460000
vn -0.00000000 1.00000000 -0.00010000
vn 0.76630000 -0.00290000 0.64250000
vn 0.89660000 -0.00270000 0.44280000
vn -0.00000000 1.00000000 -0.00000000
vn -0.47400000 0.00470000 -0.88050000
vn -0.00000000 1.00000000 0.00010000
vn -0.00000000 1.00000000 -0.00000000
vn -0.46910000 0.03340000 -0.88250000
vn 0.36410000 -0.00180000 0.93140000
vn -0.00000000 1.00000000 -0.00000000
vn -0.00000000 1.00000000 -0.00010000
vn 0.97120000 -0.00240000 0.23810000
vn -0.00000000 1.00000000 -0.00000000
vn -0.27400000 -0.00120000 -0.96170000
vn -0.00000000 1.00000000 0.00130000
vn -0.14130000 -0.00110000 -0.99000000
vn 0.99910000 -0.00150000 0.04160000
vn -0.00000000 1.00000000 -0.00000000
vn -0.00000000 1.00000000 -0.00000000
vn 0.00390000 -0.00100000 -1.00000000
vn -0.41450000 0.02200000 -0.90980000
vn -0.00000000 1.00000000 -0.00000000
vn -0.00000000 1.00000000 -0.00010000
vn 0.98890000 -0.00070000 -0.14880000
vn -0.00000000 1.00000000 0.00010000
vn 0.17330000 -0.00090000 -0.98490000
vn -0.00000000 1.00000000 -0.00000000
vn 0.25230000 -0.00370000 0.96760000
vn 0.94900000 -0.00040000 -0.31520000
vn -0.00000000 1.00000000 -0.00000000
vn 0.32790000 -0.00090000 -0.94470000
vn -0.00000000 1.00000000 0.00010000
vn -0.00000000 1.00000000 -0.00000000
vn -0.36880000 0.03160000 -0.92900000
vn 0.48300000 -0.00130000 -0.87560000
vn -0.00000000 1.00000000 -0.00000000
vn -0.00000000 1.00000000 -0.00000000
vn 0.63460000 -0.00040000 -0.77280000
vn -0.30440000 0.03480000 -0.95190000
vn -0.00000000 1.00000000 -0.00000000
vn 0.74230000 -0.00040000 -0.67000000
vn -0.00000000 1.00000000 -0.00000000
vn -0.00000000 1.00000000 -0.00000000
vn 0.82070000 0.00010000 -0.57130000
vn -0.25530000 0.00980000 -0.96680000
vn -0.00000000 1.00000000 -0.00000000
vn 0.88960000 0.00080000 -0.45680000
vn -0.00000000 1.00000000 -0.00000000
vn -0.00000000 1.00000000 -0.00000000
vn -0.20870000 0.01590000 -0.97780000
vn -0.00000000 1.00000000 -0.00000000
vn 0.13680000 -0.00360000 0.99060000
vn -0.00000000 1.00000000 -0.00000000
vn -0.14020000 0.04610000 -0.98900000
vn -0.00000000 1.00000000 -0.00000000
vn -0.08890000 0.02750000 -0.99570000
vn 0.04070000 -0.00200000 0.99920000
vn -0.00000000 1.00000000 -0.00000000
vn -0.00000000 1.00000000 -0.00000000
vn -0.04150000 0.03050000 -0.99870000
vn -0.00000000 1.00000000 -0.00000000
vn 0.00900000 0.02800000 -0.99960000
vn -0.02910000 -0.00070000 0.99960000
vn -0.00000000 1.00000000 -0.00000000
vn -0.00000000 1.00000000 -0.00010000
vn -0.43570000 -0.00110000 0.90010000
vn 0.06090000 0.02130000 -0.99790000
vn 0.00010000 1.00000000 -0.00000000
vn -0.10970000 -0.00090000 0.99400000
vn -0.00000000 1.00000000 -0.00000000
vn -0.36140000 -0.00100000 0.93240000
vn -0.00000000 1.00000000 -0.00000000
vn -0.00000000 1.00000000 -0.00000000
vn -0.99470000 -0.00060000 -0.10300000
vn -0.00000000 1.00000000 -0.00000000
vn 0.11180000 0.01670000 -0.99360000
vn -0.28220000 -0.00120000 0.95930000
vn -0.00000000 1.00000000 -0.00000000
vn -0.00000000 1.00000000 -0.00000000
vn -0.95970000 -0.00100000 -0.28090000
vn 0.16380000 -0.01390000 -0.98640000
vn -0.00000000 1.00000000 -0.00000000
vn -0.00000000 1.00000000 -0.00000000
vn -0.20130000 -0.00170000 0.97950000
vn 0.23910000 0.01250000 -0.97090000
vn -0.00000000 1.00000000 -0.00000000
vn -0.00000000 1.00000000 -0.00000000
vn -0.89490000 -0.00080000 -0.44630000
vn -0.00000000 1.00000000 -0.00000000
vn 0.29490000 0.04180000 -0.95460000
vn -0.00000000 1.00000000 0.00010000
vn -0.81680000 -0.00050000 -0.57690000
vn -0.72160000 -0.00030000 -0.69230000
vn -0.00000000 1.00000000 -0.00000000
vn -0.00000000 1.00000000 -0.00000000
vn 0.36100000 0.03200000 -0.93200000
vn -0.58290000 -0.00110000 -0.81250000
vn -0.00000000 1.00000000 -0.00000000
vn -0.00000000 1.00000000 -0.00010000
vn -0.41110000 -0.00080000 -0.91160000
vn 0.41590000 0.06160000 -0.90730000
vn -0.00000000 1.00000000 -0.00010000
vn -0.25140000 -0.00010000 -0.96790000
vn -0.00010000 1.00000000 -0.00030000
vn -0.00000000 1.00000000 -0.00020000
vn -0.08120000 -0.00070000 -0.99670000
vn 0.46620000 0.02550000 -0.88430000
vn -0.00000000 1.00000000 -0.00010000
vn -0.00000000 1.00000000 -0.00000000
vn 0.10060000 -0.00140000 -0.99490000
vn 0.25690000 -0.00120000 -0.96640000
vn -0.00000000 1.00000000 -0.00000000
vn 0.00640000 0.99990000 -0.00880000
vn 0.39300000 -0.00050000 -0.91950000
vn 0.65780000 0.00040000 -0.75320000
vn -0.00000000 -1.00000000 -0.00000000
vn 0.78980000 0.00120000 -0.61340000
vn -0.00000000 -1.00000000 -0.00000000
vn -0.00000000 -1.00000000 0.00010000
vn 0.50170000 0.00080000 -0.86500000
vn 0.88570000 0.00210000 -0.46430000
vn -0.00000000 -1.00000000 -0.00010000
vn 0.34470000 0.00070000 -0.93870000
vn -0.00000000 -1.00000000 -0.00000000
vn -0.00000000 -1.00000000 -0.00010000
vn 0.95120000 0.00230000 -0.30870000
vn -0.00000000 -1.00000000 -0.00000000
vn 0.18680000 0.00060000 -0.98240000
vn 0.98970000 0.00240000 -0.14290000
vn -0.00000000 -1.00000000 0.00010000
vn -0.00000000 -1.00000000 -0.00000000
vn 0.03020000 0.00060000 -0.99950000
vn -0.00000000 -1.00000000 -0.00000000
vn -0.12590000 0.00060000 -0.99200000
vn -0.28370000 0.00070000 -0.95890000
vn -0.00000000 -1.00000000 -0.00000000
vn -0.00000000 -1.00000000 -0.00000000
vn -0.44360000 0.00030000 -0.89620000
vn -0.60520000 0.00070000 -0.79610000
vn -0.00000000 -1.00000000 0.00020000
vn -0.00000000 -1.00000000 -0.00030000
vn -0.74690000 0.00140000 -0.66490000
vn -0.00000000 -1.00000000 0.00010000
vn -0.85290000 0.00170000 -0.52210000
vn -0.00000000 -1.00000000 -0.00000000
vn -0.00000000 -1.00000000 -0.00000000
vn -0.99780000 0.00040000 -0.06700000
vn -0.00000000 -1.00000000 0.00010000
vn -0.97830000 0.00010000 -0.20720000
vn -0.00000000 -1.00000000 -0.00000000
vn -0.92970000 0.00160000 -0.36830000
vn -0.00000000 -1.00000000 -0.00000000
vn 0.99890000 0.00020000 0.04780000
vn -0.00000000 -1.00000000 -0.00000000
vn -0.00000000 -1.00000000 -0.00000000
vn 0.99280000 0.00030000 0.11990000
vn 0.97810000 0.00040000 0.20800000
vn -0.00000000 -1.00000000 -0.00000000
vn -0.00000000 -1.00000000 -0.00000000
vn 0.95640000 0.00020000 0.29200000
vn 0.93230000 0.00020000 0.36170000
vn -0.00000000 -1.00000000 -0.00000000
vn 0.65780000 0.00040000 -0.75320000
vn -0.00000000 -1.00000000 -0.00000000
vn 0.77870000 0.00090000 -0.62740000
vn -0.00000000 -1.00000000 -0.00000000
vn 0.64380000 0.00080000 -0.76520000
vn -0.00000000 -1.00000000 -0.00000000
vn 0.78980000 0.00120000 -0.61340000
vn -0.00000000 -1.00000000 -0.00040000
vn -0.00000000 -1.00000000 -0.00000000
vn 0.50170000 0.00080000 -0.86500000
vn 0.49860000 0.00070000 -0.86680000
vn -0.00000000 -1.00000000 -0.00000000
vn -0.00000000 -1.00000000 -0.00000000
vn 0.88570000 0.00210000 -0.46430000
vn -0.00000000 -1.00000000 -0.00000000
vn 0.88400000 0.00080000 -0.46750000
vn 0.34470000 0.00070000 -0.93870000
vn -0.00000000 -1.00000000 -0.00000000
vn -0.00000000 -1.00000000 -0.00000000
vn 0.34470000 0.00070000 -0.93870000
vn -0.00000000 -1.00000000 -0.00000000
vn 0.95120000 0.00230000 -0.30870000
vn 0.95110000 0.00070000 -0.30870000
vn -0.00000000 -1.00000000 -0.00000000
vn 0.18680000 0.00060000 -0.98240000
vn -0.00000000 -1.00000000 -0.00000000
vn -0.00000000 -1.00000000 -0.00000000
vn 0.18680000 0.00060000 -0.98240000
vn 0.98970000 0.00240000 -0.14280000
vn -0.00000000 -1.00000000 -0.00000000
vn 0.98980000 0.00070000 -0.14280000
vn -0.00000000 -1.00000000 -0.00000000
vn 0.03020000 0.00060000 -0.99950000
vn -0.00000000 -1.00000000 -0.00000000
vn -0.00000000 -1.00000000 -0.00000000
vn 0.03020000 0.00060000 -0.99950000
vn 0.90690000 0.00010000 0.42130000
vn -0.00000000 -1.00000000 -0.00000000
vn -0.00000000 -1.00000000 -0.00000000
vn 0.87660000 0.00010000 0.48130000
vn -0.12590000 0.00060000 -0.99200000
vn -0.00000000 -1.00000000 -0.00000000
vn -0.12580000 0.00060000 -0.99200000
vn -0.00000000 -1.00000000 -0.00000000
vn -0.00000000 -1.00000000 -0.00000000
vn 0.82950000 0.00040000 0.55860000
vn -0.28370000 0.00070000 -0.95890000
vn -0.00000000 -1.00000000 -0.00010000
vn -0.00000000 -1.00000000 -0.00000000
vn -0.28370000 0.00070000 -0.95890000
vn -0.44360000 0.00030000 -0.89620000
vn -0.00000000 -1.00000000 -0.00010000
vn -0.00000000 -1.00000000 -0.00000000
vn -0.44660000 0.00090000 -0.89470000
vn 0.76400000 0.00040000 0.64520000
vn -0.00000000 -1.00000000 -0.00000000
vn -0.00000000 -1.00000000 -0.00000000
vn -0.61110000 0.00080000 -0.79160000
vn -0.62330000 0.00040000 -0.78200000
vn -0.00000000 -1.00000000 -0.00000000
vn -0.77500000 0.00210000 -0.63190000
vn -0.00000000 -1.00000000 -0.00000000
vn -0.00000000 -1.00000000 -0.00010000
vn -0.89150000 0.00280000 -0.45300000
vn -0.00000000 -1.00000000 -0.00000000
vn -0.00000000 -1.00000000 -0.00000000
vn 0.64340000 0.00030000 0.76550000
vn 0.70070000 0.00030000 0.71340000
vn -0.00000000 -1.00000000 -0.00000000
vn 0.58610000 0.00020000 0.81030000
vn -0.00000000 -1.00000000 -0.00000000
vn -0.95790000 0.00260000 -0.28710000
vn -0.00000000 -1.00000000 -0.00000000
vn -0.00000000 -1.00000000 -0.00000000
vn 0.53010000 0.00160000 0.84790000
vn -0.77280000 0.00050000 -0.63460000
vn -0.00000000 -1.00000000 -0.00000000
vn -0.87270000 0.00120000 -0.48820000
vn -0.00000000 -1.00000000 -0.00000000
vn 0.45330000 0.00210000 0.89130000
vn -0.00000000 -1.00000000 -0.00000000
vn -0.93710000 0.00220000 -0.34920000
vn -0.00000000 -1.00000000 -0.00000000
vn -0.00000000 -1.00000000 0.00010000
vn -0.99370000 0.00300000 -0.11170000
vn -0.00000000 -1.00000000 -0.00000000
vn -0.97890000 0.00210000 -0.20430000
vn -0.00000000 -1.00000000 0.00010000
vn -0.99790000 0.00070000 -0.06540000
vn 0.36550000 0.00080000 0.93080000
vn -0.00000000 -1.00000000 -0.00000000
vn -0.00000000 -1.00000000 -0.00000000
vn 0.28830000 0.00130000 0.95760000
vn 0.19600000 0.00330000 0.98060000
vn -0.00000000 -1.00000000 -0.00000000
vn 0.08310000 0.00330000 0.99650000
vn -0.00000000 -1.00000000 -0.00000000
vn -0.00000000 -1.00000000 -0.00000000
vn -0.02090000 0.00180000 0.99980000
vn -0.00000000 -1.00000000 -0.00010000
vn -0.99450000 0.00030000 0.10430000
vn -0.98350000 0.00010000 0.18080000
vn -0.00000000 -1.00000000 -0.00000000
vn -0.00000000 -1.00000000 -0.00000000
vn -0.96730000 0.00010000 0.25370000
vn -0.94620000 0.00010000 0.32370000
vn -0.00000000 -1.00000000 -0.00000000
vn -0.00000000 -1.00000000 -0.00000000
vn -0.92270000 0.00010000 0.38560000
vn -0.46360000 0.00220000 0.88610000
vn -0.00000000 -1.00000000 -0.00000000
vn -0.54580000 0.00090000 0.83790000
vn -0.00000000 -1.00000000 -0.00000000
vn -0.36180000 0.00210000 0.93230000
vn -0.00000000 -1.00000000 -0.00010000
vn -0.00000000 -1.00000000 -0.00000000
vn -0.00000000 -1.00000000 -0.00000000
vn -0.61960000 0.00020000 0.78490000
vn -0.00000000 -1.00000000 0.00010000
vn -0.26480000 0.00160000 0.96430000
vn -0.18580000 0.00070000 0.98260000
vn -0.00000000 -1.00000000 -0.00010000
vn -0.00000000 -1.00000000 -0.00000000
vn -0.68520000 0.00010000 0.72830000
vn -0.10900000 0.00080000 0.99400000
vn -0.00000000 -1.00000000 0.00060000
vn -0.00000000 -1.00000000 -0.00000000
vn -0.74250000 0.00020000 0.66980000
vn 0.64380000 0.00080000 -0.76520000
vn -0.00000000 -1.00000000 -0.00000000
vn -0.00000000 -1.00000000 -0.00000000
vn 0.77870000 0.00090000 -0.62740000
vn -0.00000000 -1.00000000 -0.00010000
vn 0.49860000 0.00070000 -0.86680000
vn -0.00000000 -1.00000000 -0.00000000
vn -0.80410000 0.00030000 0.59450000
vn 0.88400000 0.00080000 -0.46750000
vn -0.00000000 -1.00000000 -0.00010000
vn 0.34470000 0.00070000 -0.93870000
vn -0.00000000 -1.00000000 -0.00010000
vn -0.00000000 -1.00000000 -0.00000000
vn 0.95110000 0.00070000 -0.30870000
vn -0.00000000 -1.00000000 -0.00000000
vn -0.85460000 0.00030000 0.51930000
vn -0.00000000 -1.00000000 -0.00000000
vn 0.18680000 0.00060000 -0.98240000
vn -0.00000000 -1.00000000 0.00010000
vn 0.98980000 0.00070000 -0.14280000
vn -0.00000000 -1.00000000 -0.00000000
vn -0.89230000 0.00030000 0.45140000
vn 0.03020000 0.00060000 -0.99950000
vn -0.00000000 -1.00000000 -0.00000000
vn -0.00000000 -1.00000000 -0.00000000
vn -0.12580000 0.00060000 -0.99200000
vn -0.28370000 0.00070000 -0.95890000
vn -0.00000000 -1.00000000 -0.00000000
vn -0.00000000 -1.00000000 -0.00000000
vn -0.44660000 0.00090000 -0.89470000
vn -0.89310000 0.00260000 -0.44990000
vn -0.00000000 -1.00000000 -0.00010000
vn -0.00000000 -1.00000000 0.00010000
vn -0.78670000 0.00240000 -0.61740000
vn -0.62570000 0.00160000 -0.78010000
vn -0.00000000 -1.00000000 -0.00000000
vn -0.00000000 -1.00000000 0.00010000
vn -0.99320000 0.00200000 -0.11640000
vn -0.95760000 0.00250000 -0.28810000
vn -0.00000000 -1.00000000 -0.00000000
vn -0.00000000 1.00000000 0.00010000
vn 0.99010000 0.00070000 -0.14060000
vn 0.95470000 -0.00070000 -0.29760000
vn -0.00000000 1.00000000 0.00010000
vn -0.00000000 1.00000000 -0.00020000
vn 0.88970000 -0.00080000 -0.45650000
vn 0.78670000 -0.00090000 -0.61730000
vn -0.00000000 1.00000000 -0.00010000
vn 0.65330000 -0.00080000 -0.75710000
vn 0.00020000 1.00000000 -0.00040000
vn 0.00020000 1.00000000 -0.00030000
vn 0.50920000 -0.00080000 -0.86070000
vn 0.35590000 -0.00070000 -0.93450000
vn 0.00030000 1.00000000 -0.00050000
vn 0.19800000 -0.00070000 -0.98020000
vn 0.00010000 1.00000000 -0.00030000
vn 0.04120000 -0.00060000 -0.99920000
vn -0.00000000 1.00000000 -0.00030000
vn -0.00000000 1.00000000 -0.00030000
vn -0.11480000 -0.00060000 -0.99340000
vn -0.27250000 -0.00070000 -0.96220000
vn -0.00010000 1.00000000 -0.00030000
vn -0.43550000 -0.00080000 -0.90020000
vn -0.00020000 1.00000000 -0.00030000
vn -0.61550000 -0.00100000 -0.78810000
vn -0.00020000 1.00000000 -0.00030000
vn -0.00040000 1.00000000 -0.00020000
vn -0.77860000 -0.00150000 -0.62760000
vn -0.88950000 -0.00240000 -0.45700000
vn -0.00060000 1.00000000 -0.00040000
vn -0.00020000 1.00000000 -0.00040000
vn -0.96140000 -0.00280000 -0.27520000
vn -0.99540000 -0.00210000 -0.09620000
vn -0.00050000 1.00000000 -0.00010000
vn 0.99480000 -0.00160000 -0.10190000
vn -0.00000000 1.00000000 -0.00000000
vn 0.96600000 -0.00220000 -0.25850000
vn -0.00000000 1.00000000 0.00010000
vn 0.90690000 -0.00270000 -0.42130000
vn -0.00000000 1.00000000 0.00010000
vn -0.00000000 1.00000000 -0.00000000
vn 0.79950000 -0.00200000 -0.60060000
vn 0.65580000 -0.00060000 -0.75490000
vn -0.00000000 1.00000000 -0.00000000
vn 0.50950000 -0.00030000 -0.86050000
vn -0.00000000 1.00000000 -0.00010000
vn 0.35590000 -0.00070000 -0.93450000
vn -0.00000000 1.00000000 -0.00010000
vn -0.00000000 1.00000000 -0.00000000
vn 0.19800000 -0.00070000 -0.98020000
vn 0.04120000 -0.00060000 -0.99910000
vn -0.00000000 1.00000000 -0.00000000
vn -0.11480000 -0.00060000 -0.99340000
vn -0.00000000 1.00000000 -0.00000000
vn -0.00000000 1.00000000 -0.00000000
vn -0.27260000 -0.00070000 -0.96210000
vn -0.43560000 -0.00080000 -0.90020000
vn -0.00000000 1.00000000 -0.00000000
vn -0.00000000 1.00000000 -0.00000000
vn -0.61250000 -0.00140000 -0.79050000
vn -0.76510000 -0.00190000 -0.64390000
vn -0.00020000 1.00000000 -0.00020000
vn -0.86860000 -0.00170000 -0.49550000
vn -0.00020000 1.00000000 -0.00030000
vn -0.00010000 1.00000000 -0.00000000
vn -0.93930000 -0.00120000 -0.34310000
vn -0.00010000 1.00000000 0.00010000
vn -0.98160000 -0.00040000 -0.19120000
vn 0.00020000 1.00000000 -0.00000000
vn 0.99010000 0.00070000 -0.14060000
vn 0.95470000 -0.00070000 -0.29760000
vn 0.00030000 1.00000000 -0.00000000
vn 0.00020000 1.00000000 -0.00010000
vn 0.88970000 -0.00080000 -0.45650000
vn 0.78670000 -0.00090000 -0.61730000
vn 0.00020000 1.00000000 -0.00010000
vn 0.00010000 1.00000000 -0.00020000
vn 0.65330000 -0.00080000 -0.75710000
vn 0.50920000 -0.00080000 -0.86070000
vn 0.00010000 1.00000000 -0.00020000
vn 0.35590000 -0.00070000 -0.93450000
vn 0.00010000 1.00000000 -0.00020000
vn 0.19800000 -0.00070000 -0.98020000
vn -0.00000000 1.00000000 -0.00020000
vn -0.00000000 1.00000000 -0.00020000
vn 0.04120000 -0.00060000 -0.99920000
vn -0.11480000 -0.00060000 -0.99340000
vn -0.00000000 1.00000000 -0.00010000
vn -0.27250000 -0.00070000 -0.96220000
vn -0.00010000 1.00000000 -0.00030000
vn -0.43560000 -0.00080000 -0.90020000
vn -0.00020000 1.00000000 -0.00040000
vn -0.61270000 -0.00100000 -0.79030000
vn -0.00020000 1.00000000 -0.00040000
vn -0.76470000 -0.00170000 -0.64440000
vn -0.00000000 1.00000000 -0.00000000
vn -0.00000000 1.00000000 -0.00000000
vn -0.86860000 -0.00230000 -0.49560000
vn -0.94050000 -0.00240000 -0.33980000
vn -0.00000000 1.00000000 -0.00000000
vn -0.00000000 1.00000000 -0.00000000
vn -0.98680000 -0.00280000 -0.16180000
vn 0.00020000 1.00000000 -0.00000000
vn 0.99480000 -0.00160000 -0.10190000
vn 0.96600000 -0.00220000 -0.25850000
vn 0.00020000 1.00000000 -0.00020000
vn 0.00020000 1.00000000 -0.00010000
vn 0.90690000 -0.00270000 -0.42130000
vn 0.00010000 1.00000000 -0.00000000
vn 0.79950000 -0.00200000 -0.60060000
vn 0.65580000 -0.00060000 -0.75490000
vn -0.00000000 1.00000000 -0.00000000
vn -0.00000000 1.00000000 -0.00000000
vn 0.50940000 -0.00030000 -0.86050000
vn 0.35590000 -0.00070000 -0.93450000
vn -0.00000000 1.00000000 -0.00000000
vn 0.19800000 -0.00070000 -0.98020000
vn -0.00000000 1.00000000 -0.00000000
vn -0.00000000 1.00000000 -0.00000000
vn 0.04120000 -0.00060000 -0.99910000
vn -0.11480000 -0.00060000 -0.99340000
vn -0.00000000 1.00000000 -0.00000000
vn -0.00000000 1.00000000 -0.00000000
vn -0.27260000 -0.00070000 -0.96210000
vn -0.00000000 1.00000000 -0.00000000
vn -0.43560000 -0.00080000 -0.90020000
vn -0.00000000 1.00000000 -0.00000000
vn -0.61300000 -0.00040000 -0.79010000
vn -0.76460000 -0.00120000 -0.64450000
vn -0.00000000 1.00000000 -0.00000000
vn -0.00000000 1.00000000 -0.00010000
vn -0.86850000 -0.00210000 -0.49570000
vn -0.00000000 1.00000000 -0.00010000
vn -0.93930000 -0.00230000 -0.34320000
vn -0.98140000 -0.00250000 -0.19180000
vn -0.00000000 1.00000000 -0.00000000
vn -0.00000000 1.00000000 -0.00000000
vn 0.99670000 -0.00030000 0.08120000
vn 0.98450000 -0.00040000 0.17560000
vn -0.00000000 1.00000000 -0.00000000
vn 0.96370000 -0.00030000 0.26680000
vn -0.00000000 1.00000000 -0.00000000
vn -0.00000000 1.00000000 -0.00010000
vn 0.93990000 -0.00020000 0.34140000
vn 0.90970000 -0.00030000 0.41520000
vn -0.00000000 1.00000000 -0.00000000
vn -0.00000000 1.00000000 -0.00000000
vn 0.86860000 -0.00030000 0.49550000
vn 0.82740000 -0.00020000 0.56170000
vn -0.00000000 1.00000000 -0.00000000
vn -0.00000000 1.00000000 -0.00000000
vn 0.78330000 -0.00020000 0.62160000
vn 0.73480000 -0.00030000 0.67830000
vn -0.00000000 1.00000000 -0.00010000
vn -0.00000000 1.00000000 -0.00000000
vn 0.67910000 -0.00030000 0.73400000
vn 0.61030000 -0.00040000 0.79210000
vn -0.00000000 1.00000000 -0.00000000
vn 0.54770000 -0.00020000 0.83660000
vn -0.00000000 1.00000000 -0.00000000
vn 0.48940000 -0.00020000 0.87210000
vn -0.00000000 1.00000000 -0.00000000
vn 0.42110000 -0.00030000 0.90700000
vn -0.00000000 1.00000000 -0.00000000
vn 0.52820000 0.00050000 0.84910000
vn -0.00000000 -1.00000000 -0.00060000
vn 0.34760000 -0.00030000 0.93760000
vn -0.00000000 1.00000000 -0.00000000
vn 0.28560000 -0.00010000 0.95830000
vn -0.00000000 1.00000000 -0.00000000
vn 0.23500000 -0.00000000 0.97200000
vn -0.00000000 1.00000000 -0.00000000
vn -0.00000000 1.00000000 -0.00000000
vn 0.18260000 -0.00020000 0.98320000
vn 0.11570000 -0.00040000 0.99330000
vn -0.00000000 1.00000000 -0.00000000
vn -0.00000000 1.00000000 -0.00000000
vn 0.03280000 -0.00030000 0.99950000
vn -0.04490000 -0.00040000 0.99900000
vn -0.00000000 1.00000000 -0.00000000
vn -0.12290000 -0.00040000 0.99240000
vn -0.00000000 1.00000000 -0.00000000
vn -0.20720000 -0.00030000 0.97830000
vn -0.00000000 1.00000000 -0.00000000
vn -0.00000000 1.00000000 -0.00000000
vn -0.27920000 -0.00010000 0.96020000
vn -0.00000000 1.00000000 -0.00000000
vn -0.33190000 -0.00010000 0.94330000
vn -0.00000000 1.00000000 -0.00010000
vn -0.37630000 -0.00010000 0.92650000
vn -0.00000000 1.00000000 -0.00000000
vn -0.41940000 -0.00010000 0.90780000
vn -0.46450000 -0.00020000 0.88560000
vn -0.00000000 1.00000000 -0.00000000
vn -0.00000000 1.00000000 -0.00000000
vn -0.52560000 -0.00040000 0.85070000
vn -0.00000000 1.00000000 -0.00000000
vn -0.60560000 -0.00040000 0.79580000
vn -0.68070000 -0.00020000 0.73260000
vn -0.00000000 1.00000000 -0.00000000
vn -0.00000000 1.00000000 -0.00000000
vn -0.73590000 -0.00010000 0.67710000
vn -0.00000000 1.00000000 -0.00000000
vn -0.78420000 -0.00030000 0.62050000
vn -0.82830000 -0.00030000 0.56030000
vn -0.00000000 1.00000000 -0.00000000
vn -0.86980000 -0.00030000 0.49340000
vn -0.00000000 1.00000000 -0.00000000
vn -0.00000000 1.00000000 -0.00000000
vn -0.91230000 -0.00040000 0.40960000
vn -0.94670000 -0.00030000 0.32230000
vn -0.00000000 1.00000000 -0.00000000
vn -0.96910000 -0.00010000 0.24660000
vn -0.00000000 1.00000000 -0.00000000
vn -0.00000000 1.00000000 -0.00000000
vn -0.98540000 -0.00020000 0.17040000
vn -0.99680000 -0.00030000 0.07980000
vn -0.00000000 1.00000000 -0.00000000
vn -0.00000000 -1.00000000 -0.00000000
vn 0.95260000 0.00060000 -0.30430000
vn 0.99040000 0.00010000 -0.13810000
vn -0.00000000 -1.00000000 -0.00010000
vn 0.99990000 0.00040000 0.01240000
vn -0.00000000 -1.00000000 -0.00000000
vn -0.00000000 -1.00000000 0.00010000
vn 0.98610000 0.00170000 0.16600000
vn 0.93850000 0.00230000 0.34520000
vn -0.00000000 -1.00000000 0.00010000
vn -0.00000000 -1.00000000 -0.00010000
vn 0.85850000 0.00160000 0.51270000
vn 0.77040000 0.00100000 0.63760000
vn -0.00000000 -1.00000000 -0.00010000
vn 0.66660000 0.00160000 0.74540000
vn -0.00000000 -1.00000000 -0.00050000
vn -0.48500000 0.00010000 -0.87450000
vn -0.36330000 0.00110000 -0.93170000
vn -0.00000000 -1.00000000 -0.00000000
vn -0.00000000 -1.00000000 -0.00010000
vn -0.21920000 0.00140000 -0.97570000
vn -0.03760000 0.00140000 -0.99930000
vn -0.00000000 -1.00000000 0.00020000
vn 0.14410000 0.00110000 -0.98960000
vn -0.00000000 -1.00000000 -0.00010000
vn -0.00000000 -1.00000000 -0.00010000
vn 0.30050000 0.00080000 -0.95380000
vn -0.00000000 -1.00000000 -0.00000000
vn 0.44990000 0.00130000 -0.89310000
vn -0.00000000 -1.00000000 -0.00000000
vn 0.62130000 0.00180000 -0.78360000
vn -0.00000000 -1.00000000 -0.00000000
vn 0.78020000 0.00100000 -0.62550000
vn 0.88760000 0.00030000 -0.46060000
vn -0.00000000 -1.00000000 -0.00000000
vn -0.00000000 1.00000000 -0.00000000
vn -0.99730000 0.00040000 -0.07370000
vn -0.98860000 0.00030000 -0.15030000
vn -0.00000000 1.00000000 -0.00000000
vn -0.00000000 1.00000000 -0.00000000
vn -0.97440000 0.00050000 -0.22500000
vn -0.95050000 0.00050000 -0.31060000
vn -0.00000000 1.00000000 -0.00000000
vn -0.92290000 0.00030000 -0.38500000
vn -0.00000000 1.00000000 -0.00000000
vn -0.00000000 1.00000000 -0.00000000
vn -0.89180000 0.00030000 -0.45240000
vn -0.00000000 1.00000000 -0.00000000
vn -0.85550000 0.00030000 -0.51780000
vn -0.81280000 0.00030000 -0.58250000
vn -0.00000000 1.00000000 -0.00000000
vn -0.00000000 1.00000000 -0.00000000
vn -0.75660000 0.00060000 -0.65390000
vn -0.00000000 1.00000000 -0.00000000
vn -0.70190000 0.00030000 -0.71220000
vn -0.64720000 0.00030000 -0.76230000
vn -0.00000000 1.00000000 -0.00000000
vn -0.00000000 1.00000000 -0.00000000
vn -0.58890000 0.00030000 -0.80820000
vn -0.00000000 1.00000000 -0.00000000
vn -0.53040000 0.00030000 -0.84780000
vn -0.89730000 0.00020000 -0.44130000
vn -0.00000000 -1.00000000 -0.00000000
vn -0.82680000 0.00060000 -0.56250000
vn -0.00000000 -1.00000000 -0.00000000
vn -0.00000000 -1.00000000 -0.00000000
vn -0.72760000 0.00010000 -0.68610000
vn -0.00000000 -1.00000000 -0.00000000
vn -0.60200000 0.00070000 -0.79850000
vn -0.42940000 0.00130000 -0.90310000
vn -0.00000000 -1.00000000 -0.00000000
vn -0.00000000 -1.00000000 -0.00010000
vn -0.23890000 0.00080000 -0.97100000
vn -0.05640000 0.00120000 -0.99840000
vn -0.00000000 -1.00000000 0.00010000
vn 0.16500000 0.00210000 -0.98630000
vn -0.00000000 -1.00000000 -0.00000000
vn -0.00000000 -1.00000000 -0.00000000
vn 0.37030000 0.00110000 -0.92890000
vn -0.99250000 0.00090000 -0.12240000
vn -0.00000000 -1.00000000 -0.00000000
vn -0.95280000 0.00080000 -0.30360000
vn -0.00000000 -1.00000000 -0.00000000
vn 0.52620000 0.00060000 -0.85030000
vn -0.00000000 1.00000000 -0.00000000
vn 0.44000000 0.00060000 -0.89800000
vn -0.00000000 1.00000000 -0.00000000
vn -0.00000000 1.00000000 -0.00000000
vn -0.31930000 0.00020000 -0.94760000
vn -0.39530000 0.00010000 -0.91860000
vn -0.00000000 1.00000000 -0.00000000
vn -0.46420000 0.00030000 -0.88570000
vn -0.00000000 1.00000000 -0.00000000
vn -0.00000000 -1.00000000 -0.00020000
vn 0.43830000 0.00020000 0.89880000
vn -0.00000000 -1.00000000 -0.00000000
vn 0.37460000 0.00030000 0.92720000
vn -0.00000000 -1.00000000 -0.00000000
vn 0.30690000 0.00040000 0.95180000
vn -0.00000000 -1.00000000 -0.00000000
vn 0.22720000 0.00040000 0.97380000
vn -0.00000000 -1.00000000 -0.00000000
vn 0.14370000 0.00040000 0.98960000
vn -0.00000000 -1.00000000 -0.00000000
vn 0.06340000 0.00040000 0.99800000
vn -0.00570000 0.00040000 1.00000000
vn -0.00000000 -1.00000000 -0.00000000
vn -0.08750000 0.00050000 0.99620000
vn -0.00000000 -1.00000000 -0.00000000
vn -0.00000000 -1.00000000 -0.00000000
vn -0.18310000 0.00050000 0.98310000
vn -0.00000000 -1.00000000 -0.00000000
vn -0.26520000 0.00030000 0.96420000
vn -0.00000000 -1.00000000 -0.00010000
vn -0.34080000 0.00030000 0.94010000
vn -0.00000000 -1.00000000 -0.00000000
vn -0.41750000 0.00030000 0.90870000
vn -0.45820000 -0.00010000 -0.88880000
vn -0.00000000 -1.00000000 -0.00000000
vn -0.00000000 -1.00000000 -0.00000000
vn -0.39410000 -0.00020000 -0.91910000
vn -0.00000000 -1.00000000 -0.00000000
vn -0.30730000 -0.00040000 -0.95160000
vn -0.23450000 0.00040000 -0.97210000
vn -0.00000000 1.00000000 -0.00000000
vn -0.00000000 -1.00000000 -0.00000000
vn -0.21460000 -0.00060000 -0.97670000
vn -0.00000000 1.00000000 -0.00000000
vn -0.14500000 0.00050000 -0.98940000
vn -0.11920000 -0.00070000 -0.99290000
vn -0.00000000 -1.00000000 -0.00000000
vn -0.00000000 1.00000000 -0.00000000
vn -0.05300000 0.00060000 -0.99860000
vn -0.02200000 -0.00070000 -0.99980000
vn -0.00000000 -1.00000000 -0.00000000
vn 0.03980000 0.00070000 -0.99920000
vn -0.00000000 1.00000000 -0.00000000
vn 0.07250000 -0.00060000 -0.99740000
vn -0.00000000 -1.00000000 -0.00000000
vn 0.12660000 0.00050000 -0.99200000
vn -0.00000000 1.00000000 -0.00000000
vn -0.00000000 -1.00000000 -0.00000000
vn 0.15260000 -0.00040000 -0.98830000
vn 0.19710000 0.00040000 -0.98040000
vn -0.00000000 1.00000000 -0.00000000
vn -0.00000000 -1.00000000 -0.00000000
vn 0.23110000 -0.00060000 -0.97290000
vn 0.26830000 0.00060000 -0.96330000
vn -0.00000000 1.00000000 -0.00000000
vn -0.00000000 -1.00000000 -0.00000000
vn 0.32080000 -0.00070000 -0.94720000
vn 0.35330000 0.00070000 -0.93550000
vn -0.00000000 1.00000000 -0.00000000
vn 0.40430000 -0.00060000 -0.91460000
vn -0.00000000 -1.00000000 -0.00000000
vn -0.00000000 -1.00000000 -0.00000000
vn 0.46300000 -0.00000000 -0.88640000
vn 0.07300000 0.99710000 -0.02320000
vn 0.06050000 0.99760000 -0.03290000
vn 0.03370000 0.99940000 -0.00490000
vn 0.04140000 0.99870000 -0.03120000
vn 0.03770000 0.99850000 -0.03890000
vn 0.02370000 0.99930000 -0.03020000
vn 0.03990000 0.99680000 -0.06880000
vn 0.01540000 0.99940000 -0.03160000
vn 0.01160000 0.99950000 -0.03050000
vn 0.01220000 0.99900000 -0.04410000
vn 0.00320000 0.99970000 -0.02620000
vn -0.04550000 0.99800000 -0.04470000
vn -0.04230000 0.99840000 -0.03870000
vn -0.04870000 0.99710000 -0.05880000
vn -0.04210000 0.99850000 -0.03390000
vn -0.02700000 0.99910000 -0.03290000
vn -0.04290000 0.99850000 -0.03340000
vn -0.04110000 0.99780000 -0.05240000
vn -0.04480000 0.99860000 -0.02910000
vn -0.03550000 0.99750000 -0.06050000
vn -0.05280000 0.99820000 -0.03010000
vn -0.01680000 0.99940000 -0.03020000
vn -0.06310000 0.99740000 -0.03520000
vn -0.04920000 0.99860000 -0.02190000
vn -0.06950000 0.99710000 -0.03150000
vn -0.05620000 0.99820000 -0.01870000
vn -0.07650000 0.99670000 -0.02530000
vn -0.06300000 0.99790000 -0.01150000
vn -0.02460000 0.99820000 -0.05470000
vn -0.02100000 0.99770000 -0.06480000
vn -0.01440000 0.99820000 -0.05770000
vn -0.00430000 0.99960000 -0.02710000
vn 0.00090000 0.99860000 -0.05330000
vn -0.22980000 0.97310000 -0.01730000
vn -0.49790000 0.86670000 -0.03000000
vn -0.16790000 0.98560000 -0.01930000
vn -0.63280000 0.77370000 -0.03240000
vn -0.75850000 0.65050000 -0.03820000
vn -0.40280000 0.91430000 -0.04290000
vn -0.87010000 0.49090000 -0.04450000
vn -0.54680000 0.83550000 -0.05450000
vn -0.95420000 0.29490000 -0.04990000
vn -0.66310000 0.74560000 -0.06590000
vn -0.18560000 0.98220000 -0.02850000
vn -0.29810000 0.95290000 -0.05540000
vn -0.76500000 0.63940000 -0.07780000
vn -0.45100000 0.89030000 -0.06230000
vn -0.99450000 0.09170000 -0.04990000
vn -0.85490000 0.51170000 -0.08520000
vn -0.57150000 0.81610000 -0.08610000
vn -0.93780000 0.33550000 -0.08880000
vn -0.69100000 0.71570000 -0.10140000
vn -0.98890000 0.11140000 -0.09810000
vn -0.82520000 0.55050000 -0.12630000
vn -0.42420000 0.90110000 -0.08990000
vn -0.55000000 0.82800000 -0.10960000
vn -0.93150000 0.33460000 -0.14300000
vn -0.67530000 0.72490000 -0.13590000
vn -0.23470000 0.96990000 -0.06490000
vn -0.38160000 0.91970000 -0.09220000
vn -0.98230000 0.10990000 -0.15150000
vn -0.78770000 0.59520000 -0.15870000
vn -0.52240000 0.84230000 -0.13260000
vn -0.88570000 0.42870000 -0.17800000
vn -0.66250000 0.72950000 -0.17030000
vn -0.95030000 0.24620000 -0.19050000
vn -0.39930000 0.90830000 -0.12510000
vn -0.76490000 0.61390000 -0.19520000
vn -0.97690000 0.08200000 -0.19730000
vn -0.84800000 0.48550000 -0.21240000
vn -0.57150000 0.80240000 -0.17200000
vn -0.18920000 0.97870000 -0.07960000
vn -0.92630000 0.29630000 -0.23280000
vn -0.30890000 0.94430000 -0.11330000
vn -0.73260000 0.64270000 -0.22420000
vn -0.42010000 0.89520000 -0.14850000
vn -0.96530000 0.09260000 -0.24430000
vn -0.84350000 0.47070000 -0.25900000
vn -0.55810000 0.80390000 -0.20570000
vn -0.91700000 0.28250000 -0.28160000
vn -0.70390000 0.66260000 -0.25580000
vn -0.95240000 0.08810000 -0.29200000
vn -0.43680000 0.88020000 -0.18580000
vn -0.81580000 0.49600000 -0.29730000
vn -0.56960000 0.78640000 -0.23920000
vn -0.16450000 0.98250000 -0.08710000
vn -0.89860000 0.29390000 -0.32590000
vn -0.29430000 0.94560000 -0.13860000
vn -0.68580000 0.66850000 -0.28780000
vn -0.93620000 0.09180000 -0.33920000
vn -0.78120000 0.53270000 -0.32550000
vn -0.41930000 0.88500000 -0.20250000
vn -0.55090000 0.79110000 -0.26600000
vn -0.85060000 0.38770000 -0.35520000
vn -0.89540000 0.23770000 -0.37650000
vn -0.66620000 0.67250000 -0.32230000
vn -0.27890000 0.94620000 -0.16390000
vn -0.38000000 0.90250000 -0.20280000
vn -0.91810000 0.08460000 -0.38710000
vn -0.75960000 0.53610000 -0.36830000
vn -0.48910000 0.83140000 -0.26390000
vn -0.83580000 0.37280000 -0.40310000
vn -0.19490000 0.97260000 -0.12700000
vn -0.60010000 0.73190000 -0.32270000
vn -0.87890000 0.22170000 -0.42230000
vn -0.69370000 0.61530000 -0.37450000
vn -0.35310000 0.90960000 -0.21880000
vn -0.89850000 0.07990000 -0.43150000
vn -0.77660000 0.46680000 -0.42300000
vn -0.45780000 0.84340000 -0.28100000
vn -0.13200000 0.98700000 -0.09190000
vn -0.56800000 0.74720000 -0.34510000
vn -0.84640000 0.27360000 -0.45690000
vn -0.65460000 0.64220000 -0.39870000
vn -0.33490000 0.91380000 -0.22970000
vn -0.87580000 0.08840000 -0.47440000
vn -0.72320000 0.53240000 -0.43990000
vn -0.45810000 0.83170000 -0.31370000
vn -0.78410000 0.39920000 -0.47520000
vn -0.56150000 0.73380000 -0.38240000
vn -0.23960000 0.95370000 -0.18200000
vn -0.82840000 0.24100000 -0.50560000
vn -0.66440000 0.59560000 -0.45150000
vn -0.37190000 0.88450000 -0.28150000
vn -0.85180000 0.07970000 -0.51780000
vn -0.74550000 0.43410000 -0.50570000
vn -0.50260000 0.77840000 -0.37600000
vn -0.12440000 0.98610000 -0.11000000
vn -0.79440000 0.27980000 -0.53910000
vn -0.20210000 0.96260000 -0.18050000
vn -0.60050000 0.66210000 -0.44840000
vn -0.32500000 0.90780000 -0.26520000
vn -0.82370000 0.09980000 -0.55820000
vn -0.67440000 0.53590000 -0.50790000
vn -0.45550000 0.80300000 -0.38430000
vn -0.73170000 0.40020000 -0.55170000
vn -0.77460000 0.24290000 -0.58390000
vn -0.57930000 0.65510000 -0.48500000
vn -0.29750000 0.91250000 -0.28080000
vn -0.79610000 0.08220000 -0.59950000
vn -0.67100000 0.48570000 -0.56030000
vn -0.40050000 0.83810000 -0.37050000
vn -0.15740000 0.97290000 -0.16960000
vn -0.73510000 0.29050000 -0.61260000
vn -0.49390000 0.74090000 -0.45520000
vn -0.25140000 0.93540000 -0.24870000
vn -0.58690000 0.60190000 -0.54140000
vn -0.76510000 0.09100000 -0.63740000
vn -0.34420000 0.87030000 -0.35220000
vn -0.65950000 0.44000000 -0.60950000
vn -0.44750000 0.76980000 -0.45500000
vn -0.70210000 0.29070000 -0.65000000
vn -0.52950000 0.65450000 -0.53960000
vn -0.28440000 0.90260000 -0.32310000
vn -0.72990000 0.10560000 -0.67530000
vn -0.59410000 0.53190000 -0.60340000
vn -0.64460000 0.39650000 -0.65370000
vn -0.40380000 0.79280000 -0.45650000
vn -0.10310000 0.98660000 -0.12640000
vn -0.20180000 0.94700000 -0.25010000
vn -0.68430000 0.22460000 -0.69380000
vn -0.48750000 0.67690000 -0.55150000
vn -0.55240000 0.55540000 -0.62150000
vn -0.32210000 0.86000000 -0.39580000
vn -0.69930000 0.06510000 -0.71180000
vn -0.60500000 0.40560000 -0.68520000
vn -0.42860000 0.73020000 -0.53200000
vn -0.11810000 0.97770000 -0.17370000
vn -0.64450000 0.23070000 -0.72900000
vn -0.18850000 0.94180000 -0.27840000
vn -0.50270000 0.59700000 -0.62520000
vn -0.29630000 0.86560000 -0.40370000
vn -0.66240000 0.06800000 -0.74600000
vn -0.55960000 0.44950000 -0.69620000
vn -0.38700000 0.74830000 -0.53880000
vn -0.60050000 0.28530000 -0.74700000
vn -0.62490000 0.10060000 -0.77420000
vn -0.46050000 0.62080000 -0.63450000
vn -0.25300000 0.88220000 -0.39720000
vn -0.51330000 0.48710000 -0.70650000
vn -0.33500000 0.78910000 -0.51480000
vn -0.07120000 0.98990000 -0.12300000
vn -0.56130000 0.29750000 -0.77230000
vn -0.13450000 0.96460000 -0.22700000
vn -0.41330000 0.65320000 -0.63440000
vn -0.18880000 0.92360000 -0.33350000
vn -0.05490000 0.99260000 -0.10870000
vn -0.58450000 0.09320000 -0.80600000
vn -0.47230000 0.48970000 -0.73290000
vn -0.23270000 0.87130000 -0.43220000
vn -0.28800000 0.81490000 -0.50300000
vn -0.15280000 0.94360000 -0.29360000
vn -0.51990000 0.28950000 -0.80370000
vn -0.33940000 0.73710000 -0.58440000
vn -0.09240000 0.97410000 -0.20640000
vn -0.40040000 0.61790000 -0.67670000
vn -0.53960000 0.08870000 -0.83720000
vn -0.43100000 0.48290000 -0.76220000
vn -0.34970000 0.66950000 -0.65540000
vn -0.29540000 0.75420000 -0.58640000
vn -0.19310000 0.89490000 -0.40240000
vn -0.26510000 0.79630000 -0.54370000
vn -0.47550000 0.37960000 -0.79360000
vn -0.06810000 0.98210000 -0.17590000
vn -0.23100000 0.82600000 -0.51420000
vn -0.37470000 0.58460000 -0.71960000
vn -0.10850000 0.96040000 -0.25660000
vn -0.14310000 0.93530000 -0.32350000
vn -0.48490000 0.27300000 -0.83090000
vn -0.43970000 0.36780000 -0.81940000
vn -0.48270000 0.17110000 -0.85890000
vn -0.50720000 0.08970000 -0.85720000
vn -0.32750000 0.65730000 -0.67870000
vn -0.38660000 0.48890000 -0.78200000
vn -0.15150000 0.91220000 -0.38080000
vn -0.40480000 0.40170000 -0.82150000
vn -0.18590000 0.87720000 -0.44270000
vn -0.33000000 0.58650000 -0.73970000
vn -0.09840000 0.95310000 -0.28620000
vn -0.26480000 0.75250000 -0.60300000
vn -0.44740000 0.26030000 -0.85560000
vn -0.40460000 0.28870000 -0.86770000
vn -0.44510000 0.11880000 -0.88760000
vn -0.26800000 0.68910000 -0.67330000
vn -0.20220000 0.82510000 -0.52750000
vn -0.33770000 0.50240000 -0.79590000
vn -0.42560000 0.18310000 -0.88620000
vn -0.22520000 0.76250000 -0.60650000
vn -0.15090000 0.88880000 -0.43260000
vn -0.05010000 0.98670000 -0.15470000
vn -0.37340000 0.36270000 -0.85380000
vn -0.42260000 0.07220000 -0.90350000
vn -0.27570000 0.61450000 -0.73910000
vn -0.38950000 0.09330000 -0.91630000
vn -0.30170000 0.53570000 -0.78870000
vn -0.38650000 0.20380000 -0.89950000
vn -0.11840000 0.92180000 -0.36920000
vn -0.06820000 0.96150000 -0.26600000
vn -0.31760000 0.45070000 -0.83430000
vn -0.14030000 0.88280000 -0.44830000
vn -0.35770000 0.28470000 -0.88940000
vn -0.17960000 0.81620000 -0.54910000
vn -0.32750000 0.37260000 -0.86830000
vn -0.20490000 0.74230000 -0.63800000
vn -0.34590000 0.20280000 -0.91610000
vn -0.11590000 0.88770000 -0.44560000
vn -0.22900000 0.65640000 -0.71880000
vn -0.35030000 0.10600000 -0.93060000
vn -0.08010000 0.93160000 -0.35450000
vn -0.26870000 0.57080000 -0.77590000
vn -0.26610000 0.46230000 -0.84580000
vn -0.13760000 0.84350000 -0.51920000
vn -0.17030000 0.78380000 -0.59720000
vn -0.31480000 0.28830000 -0.90430000
vn -0.32990000 0.11490000 -0.93700000
vn -0.29630000 0.35950000 -0.88490000
vn -0.03780000 0.97830000 -0.20370000
vn -0.18250000 0.71970000 -0.66990000
vn -0.02010000 0.99250000 -0.12020000
vn -0.22930000 0.55610000 -0.79890000
vn -0.20400000 0.56960000 -0.79620000
vn -0.29920000 0.17200000 -0.93850000
vn -0.05620000 0.95190000 -0.30130000
vn -0.18470000 0.64350000 -0.74290000
vn -0.27190000 0.20650000 -0.93990000
vn -0.14160000 0.77670000 -0.61370000
vn -0.26160000 0.33920000 -0.90360000
vn -0.14880000 0.72700000 -0.67030000
vn -0.08740000 0.87050000 -0.48430000
vn -0.22150000 0.47090000 -0.85390000
vn -0.06550000 0.91360000 -0.40130000
vn -0.27780000 0.09940000 -0.95550000
vn -0.11480000 0.80520000 -0.58180000
vn -0.23350000 0.37570000 -0.89690000
vn -0.23560000 0.17800000 -0.95540000
vn -0.03820000 0.95940000 -0.27950000
vn -0.14910000 0.62990000 -0.76230000
vn -0.18600000 0.51350000 -0.83770000
vn -0.00730000 0.99810000 -0.06120000
vn -0.22070000 0.26560000 -0.93850000
vn -0.20290000 0.40150000 -0.89310000
vn -0.11220000 0.71910000 -0.68580000
vn -0.09050000 0.78560000 -0.61200000
vn -0.14420000 0.53740000 -0.83090000
vn -0.03300000 0.92740000 -0.37260000
vn -0.22430000 0.08060000 -0.97120000
vn -0.01590000 0.98270000 -0.18460000
vn -0.05080000 0.89570000 -0.44180000
vn -0.17500000 0.36030000 -0.91630000
vn -0.07090000 0.83860000 -0.54010000
vn -0.11370000 0.62290000 -0.77400000
vn -0.17340000 0.21640000 -0.96080000
vn -0.12800000 0.42710000 -0.89510000
vn -0.07260000 0.69430000 -0.71600000
vn -0.18260000 0.11800000 -0.97610000
vn -0.16080000 0.35310000 -0.92170000
vn -0.01380000 0.96000000 -0.27960000
vn -0.08550000 0.62030000 -0.77970000
vn -0.03640000 0.83190000 -0.55370000
vn -0.00630000 0.96580000 -0.25910000
vn -0.14410000 0.27690000 -0.95000000
vn -0.15620000 0.10320000 -0.98230000
vn -0.05130000 0.77020000 -0.63570000
vn -0.02010000 0.89010000 -0.45540000
vn -0.10920000 0.54170000 -0.83340000
vn -0.09350000 0.44770000 -0.88930000
vn -0.12920000 0.17520000 -0.97600000
vn -0.11500000 0.36000000 -0.92580000
vn -0.06670000 0.53010000 -0.84530000
vn -0.00590000 0.91620000 -0.40070000
vn -0.09780000 0.26690000 -0.95870000
vn -0.03710000 0.70430000 -0.70900000
vn 0.00470000 0.99110000 -0.13330000
vn -0.10700000 0.08220000 -0.99080000
vn 0.00410000 0.89500000 -0.44600000
vn -0.02060000 0.77150000 -0.63590000
vn -0.03840000 0.63110000 -0.77470000
vn -0.07390000 0.35500000 -0.93200000
vn -0.08730000 0.19150000 -0.97760000
vn 0.01300000 0.94090000 -0.33860000
vn -0.00140000 0.84800000 -0.53000000
vn -0.05270000 0.44620000 -0.89340000
vn -0.06900000 0.09700000 -0.99290000
vn -0.02010000 0.55480000 -0.83180000
vn -0.05200000 0.22710000 -0.97250000
vn 0.01140000 0.78540000 -0.61890000
vn 0.00110000 0.67340000 -0.73930000
vn -0.01710000 0.45730000 -0.88910000
vn 0.02170000 0.97540000 -0.21920000
vn -0.02910000 0.35730000 -0.93350000
vn 0.02450000 0.94990000 -0.31140000
vn 0.02880000 0.91430000 -0.40400000
vn 0.02380000 0.70480000 -0.70900000
vn 0.02900000 0.86400000 -0.50260000
vn -0.00870000 0.24360000 -0.96980000
vn 0.01470000 0.44520000 -0.89530000
vn 0.00940000 0.99770000 -0.06690000
vn 0.01690000 0.60510000 -0.79600000
vn 0.02600000 0.51280000 -0.85810000
vn -0.02610000 0.10610000 -0.99400000
vn 0.01360000 0.36590000 -0.93050000
vn 0.03560000 0.75290000 -0.65710000
vn 0.04920000 0.81050000 -0.58370000
vn 0.01220000 0.16230000 -0.98670000
vn 0.04780000 0.91260000 -0.40610000
vn 0.05790000 0.67430000 -0.73620000
vn 0.04420000 0.58040000 -0.81310000
vn 0.01070000 0.07180000 -0.99740000
vn 0.03240000 0.98580000 -0.16480000
vn 0.05170000 0.40230000 -0.91410000
vn 0.06680000 0.86870000 -0.49090000
vn 0.03390000 0.26700000 -0.96310000
vn 0.07030000 0.75770000 -0.64880000
vn 0.07360000 0.82020000 -0.56730000
vn 0.04210000 0.95740000 -0.28570000
vn 0.07000000 0.49810000 -0.86430000
vn 0.03910000 0.08710000 -0.99540000
vn 0.05450000 0.30760000 -0.95000000
vn 0.09300000 0.68730000 -0.72040000
vn 0.08580000 0.59910000 -0.79610000
vn 0.06010000 0.19440000 -0.97910000
vn 0.08000000 0.91190000 -0.40250000
vn 0.09460000 0.31440000 -0.94460000
vn 0.04940000 0.97230000 -0.22840000
vn 0.10040000 0.40520000 -0.90870000
vn 0.10660000 0.74610000 -0.65720000
vn 0.11030000 0.51270000 -0.85150000
vn 0.08990000 0.86100000 -0.50050000
vn 0.08380000 0.09820000 -0.99160000
vn 0.12630000 0.68890000 -0.71380000
vn 0.10870000 0.22370000 -0.96860000
vn 0.07810000 0.94670000 -0.31240000
vn 0.12290000 0.61370000 -0.77990000
vn 0.11120000 0.79370000 -0.59810000
vn 0.14250000 0.52150000 -0.84130000
vn 0.13960000 0.42610000 -0.89380000
vn 0.12320000 0.14030000 -0.98240000
vn 0.11240000 0.83990000 -0.53100000
vn 0.03940000 0.99010000 -0.13450000
vn 0.13400000 0.09370000 -0.98660000
vn 0.14440000 0.31760000 -0.93710000
vn 0.14110000 0.70750000 -0.69250000
vn 0.10000000 0.90750000 -0.40790000
vn 0.15810000 0.19410000 -0.96820000
vn 0.16750000 0.61620000 -0.76960000
vn 0.14950000 0.78140000 -0.60580000
vn 0.06060000 0.97750000 -0.20210000
vn 0.18460000 0.51300000 -0.83830000
vn 0.16580000 0.71210000 -0.68220000
vn 0.14080000 0.85110000 -0.50580000
vn 0.18300000 0.38790000 -0.90330000
vn 0.12380000 0.90290000 -0.41160000
vn 0.18290000 0.24840000 -0.95120000
vn 0.19280000 0.08840000 -0.97730000
vn 0.20360000 0.14250000 -0.96860000
vn 0.10240000 0.95010000 -0.29480000
vn 0.20690000 0.30580000 -0.92940000
vn 0.22240000 0.40820000 -0.88540000
vn 0.21570000 0.60990000 -0.76260000
vn 0.18810000 0.78160000 -0.59470000
vn 0.22410000 0.50920000 -0.83100000
vn 0.14300000 0.88220000 -0.44860000
vn 0.19660000 0.70030000 -0.68620000
vn 0.04660000 0.99200000 -0.11730000
vn 0.22890000 0.18920000 -0.95490000
vn 0.08900000 0.97140000 -0.22000000
vn 0.17860000 0.84580000 -0.50270000
vn 0.24800000 0.30370000 -0.91990000
vn 0.21430000 0.72430000 -0.65530000
vn 0.22230000 0.07860000 -0.97180000
vn 0.25490000 0.19250000 -0.94760000
vn 0.23070000 0.64220000 -0.73100000
vn 0.27180000 0.09260000 -0.95790000
vn 0.26580000 0.55250000 -0.79000000
vn 0.12320000 0.93510000 -0.33230000
vn 0.15990000 0.90320000 -0.39830000
vn 0.22740000 0.78110000 -0.58140000
vn 0.27540000 0.35530000 -0.89330000
vn 0.26310000 0.43960000 -0.85880000
vn 0.24090000 0.72350000 -0.64690000
vn 0.27140000 0.24920000 -0.92970000
vn 0.26520000 0.65670000 -0.70600000
vn 0.30710000 0.11080000 -0.94520000
vn 0.05140000 0.99280000 -0.10780000
vn 0.12530000 0.94980000 -0.28650000
vn 0.29940000 0.47960000 -0.82480000
vn 0.09510000 0.97700000 -0.19090000
vn 0.22130000 0.81820000 -0.53070000
vn 0.32530000 0.21990000 -0.91970000
vn 0.20430000 0.86850000 -0.45170000
vn 0.31390000 0.40370000 -0.85940000
vn 0.19240000 0.90300000 -0.38420000
vn 0.30840000 0.56190000 -0.76760000
vn 0.33370000 0.30140000 -0.89320000
vn 0.25550000 0.75930000 -0.59840000
vn 0.29060000 0.68660000 -0.66650000
vn 0.31900000 0.59850000 -0.73490000
vn 0.33340000 0.13070000 -0.93370000
vn 0.23120000 0.84850000 -0.47610000
vn 0.33920000 0.48650000 -0.80510000
vn 0.34540000 0.37830000 -0.85880000
vn 0.15280000 0.94810000 -0.27870000
vn 0.31700000 0.70150000 -0.63820000
vn 0.26370000 0.78690000 -0.55790000
vn 0.37330000 0.16520000 -0.91290000
vn 0.37810000 0.08470000 -0.92190000
vn 0.34220000 0.61600000 -0.70950000
vn 0.38320000 0.27200000 -0.88270000
vn 0.10630000 0.97760000 -0.18180000
vn 0.31220000 0.73320000 -0.60410000
vn 0.35820000 0.52550000 -0.77170000
vn 0.21570000 0.90290000 -0.37170000
vn 0.40300000 0.32750000 -0.85460000
vn 0.25940000 0.84740000 -0.46320000
vn 0.29930000 0.79000000 -0.53510000
vn 0.39880000 0.23470000 -0.88650000
vn 0.40700000 0.41070000 -0.81590000
vn 0.41760000 0.11780000 -0.90100000
vn 0.38720000 0.57950000 -0.71710000
vn 0.39640000 0.48340000 -0.78050000
vn 0.39520000 0.61950000 -0.67830000
vn 0.35130000 0.71790000 -0.60100000
vn 0.06930000 0.99280000 -0.09750000
vn 0.12240000 0.97580000 -0.18100000
vn 0.44950000 0.18800000 -0.87330000
vn 0.18090000 0.94660000 -0.26680000
vn 0.42920000 0.50220000 -0.75070000
vn 0.44420000 0.08870000 -0.89150000
vn 0.44980000 0.29150000 -0.84420000
vn 0.45340000 0.40040000 -0.79630000
vn 0.23870000 0.89590000 -0.37480000
vn 0.31140000 0.82020000 -0.47980000
vn 0.48060000 0.29180000 -0.82700000
vn 0.47910000 0.07430000 -0.87460000
vn 0.49230000 0.15280000 -0.85690000
vn 0.38120000 0.71070000 -0.59130000
vn 0.43740000 0.59090000 -0.67790000
vn 0.28230000 0.87770000 -0.38720000
vn 0.48370000 0.44830000 -0.75170000
vn 0.36220000 0.78180000 -0.50750000
vn 0.51610000 0.29910000 -0.80260000
vn 0.16450000 0.96630000 -0.19780000
vn 0.44340000 0.64610000 -0.62130000
vn 0.23760000 0.92190000 -0.30600000
vn 0.53720000 0.16040000 -0.82810000
vn 0.51600000 0.46660000 -0.71830000
vn 0.31740000 0.85990000 -0.39970000
vn 0.08770000 0.99150000 -0.09580000
vn 0.40010000 0.76900000 -0.49860000
vn 0.56240000 0.26970000 -0.78170000
vn 0.48560000 0.63220000 -0.60370000
vn 0.26570000 0.91820000 -0.29390000
vn 0.35520000 0.84300000 -0.40400000
vn 0.56100000 0.43280000 -0.70570000
vn 0.44860000 0.72930000 -0.51670000
vn 0.13810000 0.98160000 -0.13210000
vn 0.61000000 0.21160000 -0.76360000
vn 0.24240000 0.94120000 -0.23540000
vn 0.53060000 0.59800000 -0.60070000
vn 0.36420000 0.85230000 -0.37540000
vn 0.59330000 0.44570000 -0.67030000
vn 0.48460000 0.72220000 -0.49360000
vn 0.63810000 0.26840000 -0.72170000
vn 0.58290000 0.55480000 -0.59360000
vn 0.32430000 0.89770000 -0.29820000
vn 0.41610000 0.82290000 -0.38700000
vn 0.12290000 0.98720000 -0.10130000
vn 0.64980000 0.36400000 -0.66730000
vn 0.18730000 0.97110000 -0.14830000
vn 0.50150000 0.72920000 -0.46560000
vn 0.25940000 0.94040000 -0.22000000
vn 0.68180000 0.21420000 -0.69940000
vn 0.57900000 0.61280000 -0.53790000
vn 0.35270000 0.88800000 -0.29490000
vn 0.65920000 0.43060000 -0.61650000
vn 0.44420000 0.81560000 -0.37090000
vn 0.53210000 0.71940000 -0.44640000
vn 0.71210000 0.23030000 -0.66320000
vn 0.30990000 0.92210000 -0.23150000
vn 0.62620000 0.57850000 -0.52260000
vn 0.42190000 0.84820000 -0.32020000
vn 0.70070000 0.40710000 -0.58590000
vn 0.15930000 0.98220000 -0.09940000
vn 0.51880000 0.75870000 -0.39400000
vn 0.27350000 0.94290000 -0.19010000
vn 0.74990000 0.22310000 -0.62280000
vn 0.60950000 0.64430000 -0.46190000
vn 0.40570000 0.87020000 -0.27950000
vn 0.69440000 0.48940000 -0.52750000
vn 0.15600000 0.98370000 -0.08980000
vn 0.55320000 0.74320000 -0.37630000
vn 0.75990000 0.29440000 -0.57960000
vn 0.25080000 0.95790000 -0.13960000
vn 0.66250000 0.59720000 -0.45210000
vn 0.40360000 0.88050000 -0.24870000
vn 0.73350000 0.46250000 -0.49800000
vn 0.53880000 0.77570000 -0.32860000
vn 0.78870000 0.30330000 -0.53480000
vn 0.63390000 0.66830000 -0.38940000
vn 0.37330000 0.90610000 -0.19890000
vn 0.82260000 0.10400000 -0.55900000
vn 0.71180000 0.55090000 -0.43570000
vn 0.51920000 0.80590000 -0.28460000
vn 0.78130000 0.40250000 -0.47710000
vn 0.22120000 0.97020000 -0.09870000
vn 0.83170000 0.22300000 -0.50840000
vn 0.66090000 0.65990000 -0.35740000
vn 0.31380000 0.93650000 -0.15670000
vn 0.40640000 0.89270000 -0.19450000
vn 0.76080000 0.49940000 -0.41450000
vn 0.50820000 0.82570000 -0.24500000
vn 0.16550000 0.98400000 -0.06570000
vn 0.83250000 0.31850000 -0.45330000
vn 0.62650000 0.71810000 -0.30300000
vn 0.37570000 0.91410000 -0.15240000
vn 0.87270000 0.10940000 -0.47580000
vn 0.73930000 0.57110000 -0.35670000
vn 0.50520000 0.83670000 -0.21160000
vn 0.82400000 0.40310000 -0.39810000
vn 0.62030000 0.73940000 -0.26180000
vn 0.20270000 0.97670000 -0.07070000
vn 0.87830000 0.22290000 -0.42300000
vn 0.31500000 0.94300000 -0.10750000
vn 0.73630000 0.60110000 -0.31070000
vn 0.45480000 0.87370000 -0.17270000
vn 0.81750000 0.46040000 -0.34600000
vn 0.59750000 0.77160000 -0.21850000
vn 0.87580000 0.31100000 -0.36910000
vn 0.73370000 0.62500000 -0.26630000
vn 0.91570000 0.10940000 -0.38670000
vn 0.47050000 0.87100000 -0.14140000
vn 0.84840000 0.42830000 -0.31120000
vn 0.18650000 0.98140000 -0.04580000
vn 0.60360000 0.77560000 -0.18460000
vn 0.91360000 0.23050000 -0.33500000
vn 0.71570000 0.66200000 -0.22230000
vn 0.34370000 0.93470000 -0.09090000
vn 0.80510000 0.53840000 -0.24880000
vn 0.47990000 0.86880000 -0.12200000
vn 0.87780000 0.39700000 -0.26820000
vn 0.60430000 0.78180000 -0.15340000
vn 0.24700000 0.96800000 -0.04380000
vn 0.93310000 0.22160000 -0.28330000
vn 0.73610000 0.65020000 -0.18810000
vn 0.32930000 0.94260000 -0.05460000
vn 0.46910000 0.87770000 -0.09790000
vn 0.85240000 0.47560000 -0.21710000
vn 0.60580000 0.78670000 -0.11910000
vn 0.13930000 0.99010000 -0.01580000
vn 0.92500000 0.29710000 -0.23680000
vn 0.72680000 0.67140000 -0.14500000
vn 0.96360000 0.10560000 -0.24570000
vn 0.81780000 0.55110000 -0.16590000
vn 0.45380000 0.88880000 -0.06390000
vn 0.55810000 0.82550000 -0.08450000
vn 0.89020000 0.41830000 -0.18070000
vn 0.68330000 0.72270000 -0.10400000
vn 0.27800000 0.96020000 -0.02740000
vn 0.94560000 0.26150000 -0.19340000
vn 0.79840000 0.59030000 -0.11870000
vn 0.44530000 0.89410000 -0.04790000
vn 0.97670000 0.08520000 -0.19680000
vn 0.89490000 0.42550000 -0.13480000
vn 0.59780000 0.79940000 -0.05990000
vn 0.74270000 0.66530000 -0.07580000
vn 0.29750000 0.95460000 -0.01730000
vn 0.95800000 0.24920000 -0.14220000
vn 0.46610000 0.88450000 -0.02140000
vn 0.98540000 0.08550000 -0.14700000
vn 0.86130000 0.50060000 -0.08700000
vn 0.62780000 0.77770000 -0.03350000
vn 0.93300000 0.34740000 -0.09360000
vn 0.75130000 0.65900000 -0.03730000
vn 0.97140000 0.21650000 -0.09720000
vn 0.99210000 0.07690000 -0.09880000
vn 0.84100000 0.53960000 -0.04090000
vn 0.91290000 0.40560000 -0.04620000
vn 0.96730000 0.24890000 -0.04810000
vn 0.99520000 0.08460000 -0.04930000
f 4//4 3//3 2//2
f 4//4 5//5 3//3
f 6//6 5//5 4//4
f 7//7 8//8 6//6
f 6//6 8//8 5//5
f 9//9 8//8 7//7
f 3//3 10//10 2//2
f 9//9 11//11 8//8
f 5//5 12//12 3//3
f 13//13 14//14 9//9
f 9//9 14//14 11//11
f 5//5 15//15 12//12
f 8//8 15//15 5//5
f 16//16 17//17 13//13
f 13//13 17//17 14//14
f 8//8 18//18 15//15
f 19//19 17//17 16//16
f 11//11 18//18 8//8
f 19//19 20//20 17//17
f 12//12 10//10 3//3
f 11//11 21//21 18//18
f 14//14 21//21 11//11
f 12//12 22//22 10//10
f 1//1 23//23 19//19
f 19//19 23//23 20//20
f 17//17 21//21 14//14
f 12//12 24//24 22//22
f 15//15 24//24 12//12
f 17//17 25//25 21//21
f 18//18 24//24 15//15
f 10//10 26//26 2//2
f 18//18 27//27 24//24
f 10//10 28//28 26//26
f 20//20 25//25 17//17
f 21//21 27//27 18//18
f 20//20 29//29 25//25
f 22//22 28//28 10//10
f 21//21 30//30 27//27
f 23//23 29//29 20//20
f 22//22 31//31 28//28
f 24//24 31//31 22//22
f 23//23 32//32 29//29
f 21//21 33//33 30//30
f 25//25 33//33 21//21
f 24//24 34//34 31//31
f 27//27 34//34 24//24
f 25//25 35//35 33//33
f 28//28 36//36 26//26
f 27//27 37//37 34//34
f 29//29 35//35 25//25
f 30//30 37//37 27//27
f 28//28 38//38 36//36
f 31//31 38//38 28//28
f 29//29 39//39 35//35
f 32//32 39//39 29//29
f 33//33 37//37 30//30
f 31//31 40//40 38//38
f 33//33 41//41 37//37
f 34//34 40//40 31//31
f 33//33 43//43 41//41
f 34//34 44//44 40//40
f 35//35 43//43 33//33
f 37//37 44//44 34//34
f 35//35 45//45 43//43
f 37//37 46//46 44//44
f 38//38 47//47 36//36
f 37//37 48//48 46//46
f 39//39 49//49 35//35
f 35//35 49//49 45//45
f 40//40 47//47 38//38
f 41//41 48//48 37//37
f 40//40 50//50 47//47
f 41//41 51//51 48//48
f 44//44 50//50 40//40
f 26//26 52//52 42//42
f 43//43 51//51 41//41
f 44//44 53//53 50//50
f 26//26 54//54 52//52
f 36//36 54//54 26//26
f 43//43 55//55 51//51
f 46//46 53//53 44//44
f 45//45 55//55 43//43
f 47//47 54//54 36//36
f 47//47 56//56 54//54
f 45//45 57//57 55//55
f 48//48 58//58 46//46
f 46//46 58//58 53//53
f 49//49 57//57 45//45
f 50//50 56//56 47//47
f 48//48 59//59 58//58
f 51//51 59//59 48//48
f 50//50 60//60 56//56
f 53//53 60//60 50//50
f 54//54 61//61 52//52
f 55//55 59//59 51//51
f 54//54 62//62 61//61
f 55//55 63//63 59//59
f 53//53 64//64 60//60
f 56//56 62//62 54//54
f 57//57 63//63 55//55
f 58//58 64//64 53//53
f 57//57 65//65 63//63
f 56//56 66//66 62//62
f 58//58 67//67 64//64
f 59//59 67//67 58//58
f 60//60 66//66 56//56
f 42//42 52//52 68//68
f 60//60 69//69 66//66
f 59//59 70//70 67//67
f 64//64 71//71 60//60
f 60//60 71//71 69//69
f 63//63 70//70 59//59
f 62//62 72//72 61//61
f 63//63 73//73 70//70
f 65//65 73//73 63//63
f 66//66 74//74 62//62
f 62//62 74//74 72//72
f 67//67 75//75 64//64
f 64//64 75//75 71//71
f 70//70 75//75 67//67
f 66//66 76//76 74//74
f 69//69 76//76 66//66
f 52//52 77//77 68//68
f 61//61 77//77 52//52
f 70//70 78//78 75//75
f 69//69 79//79 76//76
f 71//71 79//79 69//69
f 72//72 80//80 61//61
f 61//61 80//80 77//77
f 74//74 80//80 72//72
f 70//70 81//81 78//78
f 73//73 81//81 70//70
f 71//71 82//82 79//79
f 74//74 83//83 80//80
f 75//75 82//82 71//71
f 76//76 83//83 74//74
f 75//75 85//85 82//82
f 79//79 86//86 76//76
f 76//76 86//86 83//83
f 78//78 85//85 75//75
f 78//78 87//87 85//85
f 79//79 88//88 86//86
f 81//81 87//87 78//78
f 82//82 88//88 79//79
f 83//83 89//89 80//80
f 81//81 90//90 87//87
f 82//82 91//91 88//88
f 83//83 92//92 89//89
f 85//85 91//91 82//82
f 86//86 92//92 83//83
f 68//68 93//93 84//84
f 85//85 94//94 91//91
f 86//86 95//95 92//92
f 77//77 93//93 68//68
f 77//77 96//96 93//93
f 87//87 94//94 85//85
f 80//80 96//96 77//77
f 88//88 95//95 86//86
f 87//87 97//97 94//94
f 88//88 98//98 95//95
f 89//89 96//96 80//80
f 90//90 97//97 87//87
f 89//89 99//99 96//96
f 88//88 100//100 98//98
f 91//91 100//100 88//88
f 92//92 99//99 89//89
f 94//94 100//100 91//91
f 95//95 101//101 92//92
f 92//92 101//101 99//99
f 94//94 102//102 100//100
f 94//94 103//103 102//102
f 97//97 103//103 94//94
f 96//96 104//104 93//93
f 95//95 105//105 101//101
f 98//98 105//105 95//95
f 99//99 104//104 96//96
f 97//97 106//106 103//103
f 98//98 107//107 105//105
f 100//100 107//107 98//98
f 99//99 108//108 104//104
f 101//101 111//111 99//99
f 99//99 111//111 108//108
f 93//93 110//110 84//84
f 100//100 112//112 107//107
f 102//102 112//112 100//100
f 93//93 113//113 110//110
f 103//103 112//112 102//102
f 101//101 114//114 111//111
f 105//105 114//114 101//101
f 104//104 113//113 93//93
f 103//103 115//115 112//112
f 104//104 116//116 113//113
f 106//106 115//115 103//103
f 107//107 117//117 105//105
f 105//105 117//117 114//114
f 108//108 116//116 104//104
f 108//108 118//118 116//116
f 107//107 119//119 117//117
f 111//111 118//118 108//108
f 112//112 119//119 107//107
f 114//114 120//120 111//111
f 111//111 120//120 118//118
f 113//113 121//121 110//110
f 112//112 122//122 119//119
f 113//113 123//123 121//121
f 116//116 123//123 113//113
f 115//115 122//122 112//112
f 114//114 124//124 120//120
f 115//115 125//125 122//122
f 117//117 124//124 114//114
f 118//118 123//123 116//116
f 117//117 126//126 124//124
f 84//84 127//127 109//109
f 119//119 126//126 117//117
f 118//118 128//128 123//123
f 110//110 127//127 84//84
f 110//110 129//129 127//127
f 119//119 130//130 126//126
f 122//122 130//130 119//119
f 120//120 131//131 118//118
f 118//118 131//131 128//128
f 121//121 129//129 110//110
f 122//122 132//132 130//130
f 125//125 132//132 122//122
f 124//124 131//131 120//120
f 124//124 133//133 131//131
f 123//123 134//134 121//121
f 126//126 133//133 124//124
f 128//128 134//134 123//123
f 126//126 135//135 133//133
f 128//128 136//136 134//134
f 130//130 135//135 126//126
f 128//128 137//137 136//136
f 131//131 137//137 128//128
f 130//130 138//138 135//135
f 121//121 139//139 129//129
f 132//132 138//138 130//130
f 132//132 140//140 138//138
f 133//133 137//137 131//131
f 133//133 141//141 137//137
f 134//134 139//139 121//121
f 134//134 142//142 139//139
f 133//133 144//144 141//141
f 135//135 144//144 133//133
f 136//136 142//142 134//134
f 129//129 145//145 127//127
f 127//127 145//145 109//109
f 136//136 146//146 142//142
f 137//137 146//146 136//136
f 138//138 147//147 135//135
f 135//135 147//147 144//144
f 139//139 145//145 129//129
f 137//137 148//148 146//146
f 139//139 149//149 145//145
f 140//140 147//147 138//138
f 141//141 148//148 137//137
f 140//140 150//150 147//147
f 142//142 149//149 139//139
f 141//141 151//151 148//148
f 144//144 151//151 141//141
f 142//142 152//152 149//149
f 109//109 153//153 143//143
f 145//145 153//153 109//109
f 146//146 152//152 142//142
f 145//145 154//154 153//153
f 144//144 155//155 151//151
f 147//147 155//155 144//144
f 146//146 156//156 152//152
f 149//149 154//154 145//145
f 148//148 156//156 146//146
f 149//149 157//157 154//154
f 150//150 158//158 147//147
f 147//147 158//158 155//155
f 151//151 159//159 148//148
f 148//148 159//159 156//156
f 152//152 160//160 149//149
f 149//149 160//160 157//157
f 153//153 161//161 143//143
f 151//151 162//162 159//159
f 152//152 163//163 160//160
f 153//153 154//154 161//161
f 156//156 163//163 152//152
f 155//155 162//162 151//151
f 156//156 164//164 163//163
f 157//157 165//165 154//154
f 158//158 166//166 155//155
f 155//155 166//166 162//162
f 159//159 164//164 156//156
f 157//157 167//167 165//165
f 160//160 167//167 157//157
f 159//159 169//169 164//164
f 163//163 167//167 160//160
f 161//161 168//168 143//143
f 162//162 169//169 159//159
f 163//163 170//170 167//167
f 154//154 171//171 161//161
f 162//162 172//172 169//169
f 166//166 172//172 162//162
f 164//164 170//170 163//163
f 165//165 171//171 154//154
f 166//166 173//173 172//172
f 164//164 174//174 170//170
f 165//165 175//175 171//171
f 167//167 175//175 165//165
f 169//169 174//174 164//164
f 169//169 176//176 174//174
f 167//167 177//177 175//175
f 161//161 178//178 168//168
f 172//172 176//176 169//169
f 170//170 177//177 167//167
f 171//171 178//178 161//161
f 171//171 179//179 178//178
f 173//173 176//176 172//172
f 170//170 180//180 177//177
f 173//173 181//181 176//176
f 174//174 180//180 170//170
f 175//175 179//179 171//171
f 174//174 182//182 180//180
f 175//175 183//183 179//179
f 143//143 185//185 184//184
f 168//168 185//185 143//143
f 176//176 186//186 174//174
f 174//174 186//186 182//182
f 177//177 183//183 175//175
f 168//168 187//187 185//185
f 178//178 187//187 168//168
f 177//177 188//188 183//183
f 180//180 188//188 177//177
f 179//179 189//189 178//178
f 176//176 190//190 186//186
f 181//181 190//190 176//176
f 180//180 191//191 188//188
f 182//182 191//191 180//180
f 183//183 189//189 179//179
f 182//182 192//192 191//191
f 183//183 193//193 189//189
f 186//186 192//192 182//182
f 188//188 193//193 183//183
f 188//188 194//194 193//193
f 178//178 195//195 187//187
f 186//186 196//196 192//192
f 189//189 195//195 178//178
f 190//190 196//196 186//186
f 191//191 194//194 188//188
f 191//191 197//197 194//194
f 192//192 198//198 191//191
f 191//191 198//198 197//197
f 189//189 199//199 195//195
f 193//193 199//199 189//189
f 185//185 200//200 184//184
f 187//187 200//200 185//185
f 187//187 201//201 200//200
f 192//192 202//202 198//198
f 193//193 203//203 199//199
f 194//194 203//203 193//193
f 195//195 204//204 187//187
f 187//187 204//204 201//201
f 196//196 202//202 192//192
f 197//197 203//203 194//194
f 195//195 205//205 204//204
f 196//196 206//206 202//202
f 197//197 207//207 203//203
f 198//198 207//207 197//197
f 199//199 205//205 195//195
f 198//198 208//208 207//207
f 199//199 209//209 205//205
f 203//203 209//209 199//199
f 202//202 208//208 198//198
f 203//203 210//210 209//209
f 202//202 211//211 208//208
f 205//205 212//212 204//204
f 202//202 213//213 211//211
f 206//206 213//213 202//202
f 203//203 214//214 210//210
f 207//207 214//214 203//203
f 205//205 216//216 212//212
f 200//200 215//215 184//184
f 208//208 214//214 207//207
f 209//209 216//216 205//205
f 200//200 217//217 215//215
f 201//201 217//217 200//200
f 208//208 218//218 214//214
f 211//211 218//218 208//208
f 210//210 219//219 209//209
f 209//209 219//219 216//216
f 204//204 217//217 201//201
f 204//204 220//220 217//217
f 211//211 221//221 218//218
f 213//213 221//221 211//211
f 212//212 220//220 204//204
f 214//214 222//222 210//210
f 210//210 222//222 219//219
f 212//212 223//223 220//220
f 216//216 223//223 212//212
f 218//218 222//222 214//214
f 217//217 224//224 215//215
f 218//218 225//225 222//222
f 219//219 226//226 216//216
f 216//216 226//226 223//223
f 220//220 224//224 217//217
f 220//220 227//227 224//224
f 218//218 228//228 225//225
f 221//221 228//228 218//218
f 219//219 229//229 226//226
f 222//222 229//229 219//219
f 223//223 227//227 220//220
f 223//223 231//231 227//227
f 222//222 232//232 229//229
f 215//215 233//233 230//230
f 226//226 231//231 223//223
f 224//224 233//233 215//215
f 225//225 232//232 222//222
f 224//224 234//234 233//233
f 226//226 235//235 231//231
f 224//224 236//236 234//234
f 225//225 237//237 232//232
f 227//227 236//236 224//224
f 228//228 237//237 225//225
f 229//229 235//235 226//226
f 227//227 238//238 236//236
f 229//229 239//239 235//235
f 232//232 239//239 229//229
f 231//231 238//238 227//227
f 232//232 240//240 239//239
f 231//231 241//241 238//238
f 231//231 242//242 241//241
f 237//237 244//244 232//232
f 232//232 244//244 240//240
f 235//235 242//242 231//231
f 236//236 243//243 234//234
f 238//238 243//243 236//236
f 237//237 245//245 244//244
f 235//235 246//246 242//242
f 239//239 246//246 235//235
f 238//238 247//247 243//243
f 233//233 248//248 230//230
f 240//240 246//246 239//239
f 238//238 249//249 247//247
f 241//241 249//249 238//238
f 234//234 248//248 233//233
f 234//234 250//250 248//248
f 240//240 251//251 246//246
f 241//241 252//252 249//249
f 242//242 252//252 241//241
f 243//243 250//250 234//234
f 244//244 251//251 240//240
f 243//243 253//253 250//250
f 242//242 254//254 252//252
f 247//247 253//253 243//243
f 245//245 255//255 244//244
f 244//244 255//255 251//251
f 246//246 254//254 242//242
f 247//247 256//256 253//253
f 249//249 256//256 247//247
f 230//230 248//248 257//257
f 246//246 258//258 254//254
f 250//250 259//259 248//248
f 251//251 258//258 246//246
f 249//249 260//260 256//256
f 252//252 260//260 249//249
f 251//251 261//261 258//258
f 254//254 260//260 252//252
f 253//253 262//262 250//250
f 255//255 261//261 251//251
f 255//255 263//263 261//261
f 254//254 264//264 260//260
f 256//256 262//262 253//253
f 256//256 265//265 262//262
f 258//258 264//264 254//254
f 248//248 266//266 257//257
f 259//259 266//266 248//248
f 256//256 267//267 265//265
f 258//258 268//268 264//264
f 260//260 267//267 256//256
f 261//261 268//268 258//258
f 250//250 269//269 259//259
f 262//262 269//269 250//250
f 260//260 270//270 267//267
f 263//263 271//271 261//261
f 261//261 271//271 268//268
f 264//264 270//270 260//260
f 265//265 272//272 262//262
f 262//262 272//272 269//269
f 264//264 273//273 270//270
f 265//265 274//274 272//272
f 267//267 274//274 265//265
f 259//259 275//275 266//266
f 268//268 273//273 264//264
f 267//267 276//276 274//274
f 269//269 275//275 259//259
f 270//270 276//276 267//267
f 269//269 277//277 275//275
f 268//268 278//278 273//273
f 271//271 278//278 268//268
f 272//272 277//277 269//269
f 270//270 279//279 276//276
f 272//272 280//280 277//277
f 273//273 279//279 270//270
f 273//273 281//281 279//279
f 272//272 282//282 280//280
f 274//274 282//282 272//272
f 276//276 282//282 274//274
f 273//273 283//283 281//281
f 276//276 284//284 282//282
f 278//278 283//283 273//273
f 277//277 285//285 275//275
f 279//279 284//284 276//276
f 278//278 286//286 283//283
f 280//280 285//285 277//277
f 279//279 287//287 284//284
f 280//280 288//288 285//285
f 266//266 289//289 257//257
f 281//281 287//287 279//279
f 282//282 288//288 280//280
f 275//275 289//289 266//266
f 281//281 290//290 287//287
f 284//284 288//288 282//282
f 275//275 291//291 289//289
f 283//283 290//290 281//281
f 284//284 292//292 288//288
f 283//283 293//293 290//290
f 285//285 291//291 275//275
f 285//285 294//294 291//291
f 286//286 293//293 283//283
f 287//287 295//295 284//284
f 284//284 295//295 292//292
f 288//288 294//294 285//285
f 289//289 296//296 257//257
f 288//288 297//297 294//294
f 287//287 298//298 295//295
f 290//290 298//298 287//287
f 291//291 299//299 289//289
f 288//288 300//300 297//297
f 292//292 300//300 288//288
f 291//291 301//301 299//299
f 293//293 298//298 290//290
f 294//294 301//301 291//291
f 293//293 302//302 298//298
f 292//292 303//303 300//300
f 295//295 303//303 292//292
f 297//297 301//301 294//294
f 297//297 304//304 301//301
f 295//295 305//305 303//303
f 289//289 299//299 296//296
f 298//298 305//305 295//295
f 300//300 304//304 297//297
f 300//300 306//306 304//304
f 298//298 308//308 305//305
f 301//301 307//307 299//299
f 302//302 308//308 298//298
f 303//303 306//306 300//300
f 302//302 309//309 308//308
f 301//301 310//310 307//307
f 303//303 311//311 306//306
f 304//304 310//310 301//301
f 305//305 311//311 303//303
f 304//304 312//312 310//310
f 305//305 313//313 311//311
f 299//299 314//314 296//296
f 308//308 313//313 305//305
f 306//306 312//312 304//304
f 299//299 315//315 314//314
f 307//307 315//315 299//299
f 306//306 316//316 312//312
f 308//308 317//317 313//313
f 309//309 317//317 308//308
f 310//310 318//318 307//307
f 307//307 318//318 315//315
f 311//311 316//316 306//306
f 311//311 319//319 316//316
f 296//296 321//321 320//320
f 313//313 319//319 311//311
f 312//312 322//322 310//310
f 310//310 322//322 318//318
f 313//313 323//323 319//319
f 296//296 314//314 321//321
f 312//312 324//324 322//322
f 317//317 323//323 313//313
f 316//316 324//324 312//312
f 317//317 325//325 323//323
f 318//318 326//326 315//315
f 316//316 327//327 324//324
f 319//319 327//327 316//316
f 318//318 328//328 326//326
f 322//322 328//328 318//318
f 319//319 329//329 327//327
f 323//323 329//329 319//319
f 315//315 330//330 314//314
f 314//314 330//330 321//321
f 324//324 331//331 322//322
f 322//322 331//331 328//328
f 323//323 332//332 329//329
f 315//315 333//333 330//330
f 325//325 332//332 323//323
f 326//326 333//333 315//315
f 324//324 334//334 331//331
f 327//327 334//334 324//324
f 326//326 335//335 333//333
f 328//328 335//335 326//326
f 327//327 336//336 334//334
f 329//329 336//336 327//327
f 331//331 335//335 328//328
f 330//330 337//337 321//321
f 329//329 338//338 336//336
f 331//331 339//339 335//335
f 330//330 340//340 337//337
f 332//332 338//338 329//329
f 333//333 340//340 330//330
f 334//334 339//339 331//331
f 332//332 341//341 338//338
f 333//333 342//342 340//340
f 334//334 343//343 339//339
f 335//335 342//342 333//333
f 320//320 345//345 344//344
f 321//321 345//345 320//320
f 336//336 343//343 334//334
f 321//321 337//337 345//345
f 336//336 346//346 343//343
f 339//339 347//347 335//335
f 335//335 347//347 342//342
f 338//338 346//346 336//336
f 338//338 348//348 346//346
f 340//340 349//349 337//337
f 341//341 348//348 338//338
f 339//339 350//350 347//347
f 343//343 350//350 339//339
f 342//342 349//349 340//340
f 342//342 351//351 349//349
f 343//343 352//352 350//350
f 337//337 353//353 345//345
f 346//346 352//352 343//343
f 347//347 351//351 342//342
f 347//347 354//354 351//351
f 337//337 355//355 353//353
f 348//348 352//352 346//346
f 349//349 355//355 337//337
f 348//348 356//356 352//352
f 350//350 357//357 347//347
f 347//347 357//357 354//354
f 349//349 358//358 355//355
f 351//351 359//359 349//349
f 349//349 359//359 358//358
f 352//352 357//357 350//350
f 352//352 360//360 357//357
f 354//354 359//359 351//351
f 354//354 361//361 359//359
f 355//355 362//362 353//353
f 352//352 363//363 360//360
f 356//356 363//363 352//352
f 357//357 361//361 354//354
f 358//358 362//362 355//355
f 357//357 364//364 361//361
f 358//358 365//365 362//362
f 345//345 366//366 344//344
f 359//359 365//365 358//358
f 357//357 367//367 364//364
f 353//353 366//366 345//345
f 360//360 367//367 357//357
f 353//353 368//368 366//366
f 359//359 369//369 365//365
f 362//362 368//368 353//353
f 361//361 369//369 359//359
f 363//363 367//367 360//360
f 363//363 370//370 367//367
f 362//362 371//371 368//368
f 364//364 369//369 361//361
f 364//364 372//372 369//369
f 365//365 371//371 362//362
f 365//365 373//373 371//371
f 366//366 374//374 344//344
f 367//367 372//372 364//364
f 367//367 375//375 372//372
f 369//369 373//373 365//365
f 369//369 376//376 373//373
f 368//368 377//377 366//366
f 367//367 378//378 375//375
f 370//370 378//378 367//367
f 371//371 377//377 368//368
f 369//369 379//379 376//376
f 372//372 379//379 369//369
f 371//371 380//380 377//377
f 373//373 380//380 371//371
f 344//344 374//374 381//381
f 372//372 382//382 379//379
f 375//375 382//382 372//372
f 373//373 383//383 380//380
f 366//366 384//384 374//374
f 375//375 385//385 382//382
f 376//376 383//383 373//373
f 377//377 384//384 366//366
f 378//378 385//385 375//375
f 376//376 386//386 383//383
f 377//377 387//387 384//384
f 378//378 388//388 385//385
f 379//379 386//386 376//376
f 379//379 389//389 386//386
f 380//380 390//390 377//377
f 377//377 390//390 387//387
f 382//382 389//389 379//379
f 374//374 391//391 381//381
f 383//383 390//390 380//380
f 374//374 392//392 391//391
f 385//385 389//389 382//382
f 384//384 392//392 374//374
f 385//385 393//393 389//389
f 383//383 394//394 390//390
f 387//387 392//392 384//384
f 388//388 393//393 385//385
f 386//386 394//394 383//383
f 388//388 395//395 393//393
f 387//387 396//396 392//392
f 386//386 397//397 394//394
f 389//389 397//397 386//386
f 390//390 396//396 387//387
f 390//390 398//398 396//396
f 389//389 399//399 397//397
f 392//392 400//400 391//391
f 390//390 401//401 398//398
f 394//394 401//401 390//390
f 393//393 399//399 389//389
f 392//392 402//402 400//400
f 394//394 403//403 401//401
f 396//396 402//402 392//392
f 393//393 404//404 399//399
f 395//395 404//404 393//393
f 397//397 403//403 394//394
f 396//396 405//405 402//402
f 397//397 406//406 403//403
f 398//398 405//405 396//396
f 391//391 408//408 381//381
f 398//398 409//409 405//405
f 397//397 410//410 406//406
f 399//399 410//410 397//397
f 401//401 409//409 398//398
f 391//391 400//400 408//408
f 401//401 411//411 409//409
f 399//399 412//412 410//410
f 403//403 411//411 401//401
f 404//404 412//412 399//399
f 405//405 413//413 402//402
f 406//406 411//411 403//403
f 406//406 414//414 411//411
f 405//405 415//415 413//413
f 381//381 408//408 407//407
f 409//409 415//415 405//405
f 410//410 414//414 406//406
f 400//400 416//416 408//408
f 410//410 417//417 414//414
f 409//409 418//418 415//415
f 412//412 417//417 410//410
f 411//411 418//418 409//409
f 402//402 419//419 400//400
f 400//400 419//419 416//416
f 413//413 419//419 402//402
f 412//412 420//420 417//417
f 413//413 421//421 419//419
f 411//411 422//422 418//418
f 414//414 422//422 411//411
f 415//415 421//421 413//413
f 408//408 423//423 407//407
f 416//416 423//423 408//408
f 415//415 424//424 421//421
f 416//416 425//425 423//423
f 417//417 426//426 414//414
f 414//414 426//426 422//422
f 418//418 424//424 415//415
f 416//416 427//427 425//425
f 419//419 427//427 416//416
f 418//418 428//428 424//424
f 419//419 429//429 427//427
f 420//420 430//430 417//417
f 417//417 430//430 426//426
f 418//418 431//431 428//428
f 421//421 429//429 419//419
f 422//422 431//431 418//418
f 422//422 432//432 431//431
f 421//421 433//433 429//429
f 424//424 433//433 421//421
f 426//426 432//432 422//422
f 426//426 434//434 432//432
f 428//428 433//433 424//424
f 428//428 435//435 433//433
f 426//426 436//436 434//434
f 430//430 436//436 426//426
f 429//429 437//437 427//427
f 431//431 435//435 428//428
f 431//431 438//438 435//435
f 432//432 438//438 431//431
f 433//433 437//437 429//429
f 432//432 439//439 438//438
f 433//433 440//440 437//437
f 425//425 441//441 423//423
f 434//434 439//439 432//432
f 427//427 441//441 425//425
f 433//433 442//442 440//440
f 427//427 443//443 441//441
f 436//436 444//444 434//434
f 434//434 444//444 439//439
f 435//435 442//442 433//433
f 437//437 443//443 427//427
f 437//437 445//445 443//443
f 435//435 446//446 442//442
f 438//438 446//446 435//435
f 423//423 447//447 407//407
f 437//437 448//448 445//445
f 440//440 448//448 437//437
f 441//441 449//449 423//423
f 423//423 449//449 447//447
f 438//438 450//450 446//446
f 439//439 450//450 438//438
f 442//442 448//448 440//440
f 442//442 451//451 448//448
f 441//441 443//443 449//449
f 444//444 450//450 439//439
f 445//445 452//452 443//443
f 444//444 453//453 450//450
f 446//446 451//451 442//442
f 446//446 454//454 451//451
f 445//445 455//455 452//452
f 450//450 454//454 446//446
f 448//448 455//455 445//445
f 448//448 456//456 455//455
f 450//450 457//457 454//454
f 451//451 456//456 448//448
f 443//443 458//458 449//449
f 453//453 457//457 450//450
f 451//451 459//459 456//456
f 452//452 458//458 443//443
f 453//453 460//460 457//457
f 454//454 459//459 451//451
f 452//452 461//461 458//458
f 455//455 461//461 452//452
f 454//454 462//462 459//459
f 455//455 464//464 461//461
f 449//449 463//463 447//447
f 457//457 462//462 454//454
f 456//456 464//464 455//455
f 457//457 465//465 462//462
f 449//449 466//466 463//463
f 456//456 467//467 464//464
f 458//458 466//466 449//449
f 459//459 467//467 456//456
f 460//460 465//465 457//457
f 458//458 468//468 466//466
f 460//460 469//469 465//465
f 461//461 468//468 458//458
f 459//459 470//470 467//467
f 462//462 470//470 459//459
f 461//461 471//471 468//468
f 462//462 472//472 470//470
f 464//464 471//471 461//461
f 465//465 472//472 462//462
f 464//464 473//473 471//471
f 467//467 473//473 464//464
f 465//465 474//474 472//472
f 468//468 475//475 466//466
f 469//469 474//474 465//465
f 470//470 476//476 467//467
f 467//467 476//476 473//473
f 468//468 477//477 475//475
f 471//471 477//477 468//468
f 463//463 478//478 447//447
f 472//472 479//479 470//470
f 470//470 479//479 476//476
f 471//471 480//480 477//477
f 463//463 481//481 478//478
f 463//463 482//482 481//481
f 473//473 480//480 471//471
f 466//466 482//482 463//463
f 473//473 483//483 480//480
f 472//472 484//484 479//479
f 474//474 484//484 472//472
f 466//466 475//475 482//482
f 476//476 483//483 473//473
f 476//476 485//485 483//483
f 477//477 486//486 475//475
f 479//479 485//485 476//476
f 480//480 486//486 477//477
f 479//479 487//487 485//485
f 480//480 488//488 486//486
f 482//482 489//489 481//481
f 484//484 487//487 479//479
f 483//483 488//488 480//480
f 475//475 489//489 482//482
f 484//484 490//490 487//487
f 483//483 491//491 488//488
f 475//475 492//492 489//489
f 486//486 492//492 475//475
f 485//485 491//491 483//483
f 485//485 494//494 491//491
f 486//486 495//495 492//492
f 481//481 496//496 478//478
f 478//478 496//496 493//493
f 488//488 495//495 486//486
f 481//481 489//489 496//496
f 485//485 497//497 494//494
f 487//487 497//497 485//485
f 496//496 489//489 498//498
f 488//488 499//499 495//495
f 491//491 499//499 488//488
f 492//492 500//500 489//489
f 489//489 500//500 498//498
f 487//487 501//501 497//497
f 490//490 501//501 487//487
f 498//498 500//500 502//502
f 494//494 503//503 491//491
f 491//491 503//503 499//499
f 500//500 504//504 502//502
f 492//492 504//504 500//500
f 502//502 504//504 505//505
f 495//495 504//504 492//492
f 495//495 506//506 504//504
f 504//504 506//506 505//505
f 497//497 503//503 494//494
f 497//497 507//507 503//503
f 505//505 506//506 508//508
f 495//495 509//509 506//506
f 499//499 509//509 495//495
f 506//506 509//509 508//508
f 501//501 507//507 497//497
f 501//501 510//510 507//507
f 508//508 509//509 511//511
f 509//509 512//512 511//511
f 499//499 512//512 509//509
f 503//503 512//512 499//499
f 511//511 512//512 513//513
f 507//507 512//512 503//503
f 507//507 514//514 512//512
f 512//512 514//514 513//513
f 513//513 514//514 515//515
f 514//514 516//516 515//515
f 510//510 516//516 507//507
f 507//507 516//516 514//514
f 521//521 520//520 524//524
f 521//521 517//517 520//520
f 525//525 524//524 528//528
f 525//525 521//521 524//524
f 529//529 525//525 528//528
f 529//529 528//528 532//532
f 533//533 529//529 532//532
f 533//533 532//532 536//536
f 537//537 536//536 540//540
f 537//537 533//533 536//536
f 542//542 543//543 541//541
f 542//542 541//541 1985//1985
f 545//545 1985//1985 547//547
f 545//545 542//542 1985//1985
f 548//548 545//545 547//547
f 549//549 547//547 551//551
f 549//549 548//548 547//547
f 552//552 549//549 551//551
f 553//553 551//551 555//555
f 553//553 552//552 551//551
f 556//556 553//553 555//555
f 557//557 555//555 559//559
f 557//557 556//556 555//555
f 2599//2599 557//557 559//559
f 560//560 559//559 561//561
f 560//560 2599//2599 559//559
f 2614//2614 561//561 564//564
f 2614//2614 560//560 561//561
f 565//565 2614//2614 564//564
f 2628//2628 565//565 564//564
f 2628//2628 564//564 566//566
f 568//568 2628//2628 566//566
f 569//569 568//568 566//566
f 569//569 566//566 571//571
f 2650//2650 569//569 571//571
f 2660//2660 2650//2650 571//571
f 2660//2660 571//571 572//572
f 2667//2667 2660//2660 572//572
f 2673//2673 572//572 575//575
f 2673//2673 2667//2667 572//572
f 2677//2677 2673//2673 575//575
f 1//1 2677//2677 575//575
f 1//1 575//575 576//576
f 23//23 1//1 576//576
f 32//32 576//576 578//578
f 32//32 23//23 576//576
f 39//39 578//578 581//581
f 39//39 32//32 578//578
f 49//49 39//39 581//581
f 57//57 581//581 582//582
f 57//57 49//49 581//581
f 65//65 57//57 582//582
f 73//73 582//582 584//584
f 73//73 65//65 582//582
f 81//81 584//584 587//587
f 81//81 73//73 584//584
f 90//90 81//81 587//587
f 97//97 587//587 589//589
f 97//97 90//90 587//587
f 106//106 589//589 591//591
f 106//106 97//97 589//589
f 115//115 106//106 591//591
f 125//125 591//591 593//593
f 125//125 115//115 591//591
f 132//132 593//593 594//594
f 132//132 125//125 593//593
f 140//140 132//132 594//594
f 150//150 594//594 597//597
f 150//150 140//140 594//594
f 158//158 597//597 598//598
f 158//158 150//150 597//597
f 166//166 158//158 598//598
f 173//173 166//166 598//598
f 173//173 598//598 601//601
f 181//181 173//173 601//601
f 181//181 601//601 602//602
f 190//190 181//181 602//602
f 196//196 190//190 602//602
f 196//196 602//602 605//605
f 206//206 605//605 607//607
f 206//206 196//196 605//605
f 213//213 206//206 607//607
f 221//221 607//607 608//608
f 221//221 213//213 607//607
f 228//228 221//221 608//608
f 237//237 608//608 611//611
f 237//237 228//228 608//608
f 245//245 237//237 611//611
f 255//255 611//611 612//612
f 255//255 245//245 611//611
f 263//263 255//255 612//612
f 271//271 612//612 615//615
f 271//271 263//263 612//612
f 278//278 271//271 615//615
f 286//286 615//615 616//616
f 286//286 278//278 615//615
f 293//293 286//286 616//616
f 302//302 616//616 619//619
f 302//302 293//293 616//616
f 309//309 302//302 619//619
f 317//317 619//619 620//620
f 317//317 309//309 619//619
f 325//325 317//317 620//620
f 332//332 620//620 623//623
f 332//332 325//325 620//620
f 341//341 332//332 623//623
f 348//348 623//623 624//624
f 348//348 341//341 623//623
f 356//356 348//348 624//624
f 363//363 356//356 624//624
f 363//363 624//624 627//627
f 370//370 363//363 627//627
f 378//378 370//370 627//627
f 378//378 627//627 628//628
f 388//388 378//378 628//628
f 395//395 388//388 628//628
f 395//395 628//628 631//631
f 404//404 395//395 631//631
f 412//412 404//404 631//631
f 412//412 631//631 632//632
f 420//420 412//412 632//632
f 420//420 632//632 635//635
f 430//430 420//420 635//635
f 436//436 430//430 635//635
f 436//436 635//635 636//636
f 444//444 436//436 636//636
f 453//453 444//444 636//636
f 453//453 636//636 639//639
f 460//460 453//453 639//639
f 469//469 460//460 639//639
f 469//469 639//639 640//640
f 474//474 640//640 643//643
f 474//474 469//469 640//640
f 484//484 474//474 643//643
f 490//490 643//643 644//644
f 490//490 484//484 643//643
f 501//501 490//490 644//644
f 510//510 644//644 647//647
f 510//510 501//501 644//644
f 516//516 647//647 648//648
f 516//516 510//510 647//647
f 515//515 516//516 648//648
f 650//650 653//653 654//654
f 654//654 653//653 656//656
f 653//653 659//659 656//656
f 656//656 659//659 660//660
f 659//659 663//663 660//660
f 660//660 663//663 664//664
f 663//663 666//666 664//664
f 664//664 666//666 669//669
f 666//666 671//671 669//669
f 669//669 671//671 672//672
f 671//671 675//675 672//672
f 672//672 675//675 677//677
f 675//675 678//678 677//677
f 677//677 678//678 680//680
f 678//678 682//682 680//680
f 680//680 682//682 685//685
f 682//682 686//686 685//685
f 685//685 686//686 688//688
f 686//686 691//691 688//688
f 688//688 691//691 692//692
f 692//692 694//694 697//697
f 691//691 694//694 692//692
f 697//697 694//694 698//698
f 694//694 701//701 698//698
f 698//698 702//702 704//704
f 701//701 702//702 698//698
f 702//702 707//707 704//704
f 704//704 707//707 709//709
f 709//709 707//707 710//710
f 707//707 712//712 710//710
f 710//710 712//712 715//715
f 712//712 717//717 715//715
f 715//715 717//717 718//718
f 717//717 720//720 718//718
f 718//718 720//720 723//723
f 720//720 725//725 723//723
f 723//723 725//725 727//727
f 727//727 725//725 729//729
f 725//725 731//731 729//729
f 729//729 731//731 732//732
f 731//731 735//735 732//732
f 732//732 735//735 736//736
f 735//735 739//739 736//736
f 736//736 739//739 741//741
f 741//741 743//743 744//744
f 739//739 743//743 741//741
f 743//743 747//747 744//744
f 744//744 747//747 749//749
f 747//747 750//750 749//749
f 749//749 750//750 753//753
f 750//750 755//755 753//753
f 753//753 756//756 759//759
f 755//755 756//756 753//753
f 759//759 761//761 762//762
f 756//756 761//761 759//759
f 761//761 764//764 762//762
f 762//762 764//764 766//766
f 764//764 769//769 766//766
f 766//766 769//769 770//770
f 770//770 769//769 773//773
f 769//769 774//774 773//773
f 773//773 774//774 777//777
f 774//774 778//778 777//777
f 777//777 781//781 782//782
f 778//778 781//781 777//777
f 782//782 781//781 785//785
f 781//781 786//786 785//785
f 785//785 786//786 789//789
f 786//786 790//790 789//789
f 789//789 790//790 792//792
f 792//792 795//795 796//796
f 790//790 795//795 792//792
f 796//796 795//795 799//799
f 795//795 800//800 799//799
f 800//800 802//802 799//799
f 799//799 802//802 805//805
f 806//806 809//809 1057//1057
f 806//806 1057//1057 810//810
f 813//813 806//806 810//810
f 813//813 810//810 814//814
f 817//817 813//813 814//814
f 817//817 814//814 819//819
f 820//820 817//817 819//819
f 820//820 819//819 823//823
f 824//824 820//820 823//823
f 824//824 823//823 826//826
f 828//828 824//824 826//826
f 828//828 826//826 830//830
f 833//833 828//828 830//830
f 833//833 830//830 834//834
f 837//837 833//833 834//834
f 837//837 834//834 839//839
f 841//841 837//837 839//839
f 841//841 839//839 842//842
f 845//845 841//841 842//842
f 845//845 842//842 847//847
f 848//848 845//845 847//847
f 848//848 847//847 850//850
f 852//852 848//848 850//850
f 852//852 850//850 855//855
f 857//857 852//852 855//855
f 857//857 855//855 858//858
f 861//861 858//858 862//862
f 861//861 857//857 858//858
f 865//865 862//862 867//867
f 865//865 861//861 862//862
f 868//868 865//865 867//867
f 871//871 868//868 867//867
f 871//871 867//867 872//872
f 875//875 871//871 872//872
f 875//875 872//872 876//876
f 879//879 875//875 876//876
f 879//879 876//876 881//881
f 882//882 879//879 881//881
f 882//882 881//881 885//885
f 887//887 882//882 885//885
f 887//887 885//885 888//888
f 891//891 887//887 888//888
f 891//891 888//888 893//893
f 894//894 891//891 893//893
f 894//894 893//893 896//896
f 899//899 894//894 896//896
f 899//899 896//896 901//901
f 902//902 901//901 905//905
f 902//902 899//899 901//901
f 907//907 902//902 905//905
f 907//907 905//905 909//909
f 910//910 907//907 909//909
f 910//910 909//909 913//913
f 914//914 910//910 913//913
f 914//914 913//913 916//916
f 919//919 914//914 916//916
f 919//919 916//916 921//921
f 919//919 921//921 922//922
f 925//925 922//922 927//927
f 925//925 919//919 922//922
f 928//928 927//927 930//930
f 928//928 925//925 927//927
f 932//932 928//928 930//930
f 932//932 930//930 934//934
f 936//936 932//932 934//934
f 939//939 932//932 936//936
f 940//940 939//939 936//936
f 940//940 936//936 942//942
f 945//945 940//940 942//942
f 945//945 942//942 947//947
f 948//948 945//945 947//947
f 948//948 947//947 950//950
f 953//953 948//948 950//950
f 953//953 950//950 955//955
f 957//957 953//953 955//955
f 957//957 955//955 958//958
f 960//960 957//957 958//958
f 960//960 958//958 963//963
f 964//964 960//960 963//963
f 964//964 963//963 967//967
f 968//968 964//964 967//967
f 968//968 967//967 971//971
f 972//972 968//968 971//971
f 972//972 971//971 975//975
f 976//976 972//972 975//975
f 976//976 975//975 979//979
f 980//980 976//976 979//979
f 980//980 979//979 983//983
f 984//984 980//980 983//983
f 984//984 983//983 987//987
f 988//988 984//984 987//987
f 988//988 987//987 991//991
f 992//992 988//988 991//991
f 992//992 991//991 995//995
f 996//996 992//992 995//995
f 996//996 995//995 999//999
f 996//996 999//999 1000//1000
f 1003//1003 1000//1000 999//999
f 1003//1003 999//999 1004//1004
f 1007//1007 1003//1003 1004//1004
f 1007//1007 1004//1004 1008//1008
f 1011//1011 1007//1007 1008//1008
f 1011//1011 1008//1008 1012//1012
f 1015//1015 1011//1011 1012//1012
f 1015//1015 1012//1012 1016//1016
f 1019//1019 1015//1015 1016//1016
f 1019//1019 1016//1016 1020//1020
f 1023//1023 1019//1019 1020//1020
f 1023//1023 1020//1020 1024//1024
f 1027//1027 1023//1023 1024//1024
f 1027//1027 1024//1024 1029//1029
f 1030//1030 1027//1027 1029//1029
f 1030//1030 1029//1029 1032//1032
f 1035//1035 1030//1030 1032//1032
f 1035//1035 1032//1032 1036//1036
f 1039//1039 1035//1035 1036//1036
f 1039//1039 1036//1036 1040//1040
f 1043//1043 1039//1039 1040//1040
f 1043//1043 1040//1040 1044//1044
f 1047//1047 1043//1043 1044//1044
f 1047//1047 1044//1044 1048//1048
f 1050//1050 1048//1048 1053//1053
f 1050//1050 1047//1047 1048//1048
f 1054//1054 1053//1053 1057//1057
f 1054//1054 1050//1050 1053//1053
f 809//809 1054//1054 1057//1057
f 1063//1063 1060//1060 1058//1058
f 1063//1063 1064//1064 1060//1060
f 1067//1067 1064//1064 1063//1063
f 1067//1067 1069//1069 1064//1064
f 1070//1070 1069//1069 1067//1067
f 1070//1070 1073//1073 1069//1069
f 1074//1074 1073//1073 1070//1070
f 1074//1074 1077//1077 1073//1073
f 1079//1079 1077//1077 1074//1074
f 1079//1079 1081//1081 1077//1077
f 1082//1082 1081//1081 1079//1079
f 1082//1082 1085//1085 1081//1081
f 1087//1087 1085//1085 1082//1082
f 1087//1087 1089//1089 1085//1085
f 1090//1090 1089//1089 1087//1087
f 1090//1090 1093//1093 1089//1089
f 1094//1094 1093//1093 1090//1090
f 1094//1094 1096//1096 1093//1093
f 1098//1098 1096//1096 1094//1094
f 1098//1098 1100//1100 1096//1096
f 1103//1103 1100//1100 1098//1098
f 1103//1103 1104//1104 1100//1100
f 1106//1106 1104//1104 1103//1103
f 1106//1106 1109//1109 1104//1104
f 1110//1110 1109//1109 1106//1106
f 1110//1110 1112//1112 1109//1109
f 1114//1114 1112//1112 1110//1110
f 1114//1114 1116//1116 1112//1112
f 1118//1118 1116//1116 1114//1114
f 1118//1118 1120//1120 1116//1116
f 1122//1122 1120//1120 1118//1118
f 1122//1122 1124//1124 1120//1120
f 1126//1126 1124//1124 1122//1122
f 1126//1126 1128//1128 1124//1124
f 1131//1131 1128//1128 1126//1126
f 1133//1133 1137//1137 1134//1134
f 1138//1138 1137//1137 1133//1133
f 1138//1138 1141//1141 1137//1137
f 1142//1142 1141//1141 1138//1138
f 1142//1142 1144//1144 1141//1141
f 1147//1147 1144//1144 1142//1142
f 1147//1147 1149//1149 1144//1144
f 1150//1150 1149//1149 1147//1147
f 1150//1150 1153//1153 1149//1149
f 1154//1154 1153//1153 1150//1150
f 1154//1154 1157//1157 1153//1153
f 1158//1158 1157//1157 1154//1154
f 1158//1158 1160//1160 1157//1157
f 1162//1162 1160//1160 1158//1158
f 1162//1162 1165//1165 1160//1160
f 1167//1167 1165//1165 1162//1162
f 1167//1167 1168//1168 1165//1165
f 1171//1171 1168//1168 1167//1167
f 1171//1171 1172//1172 1168//1168
f 1175//1175 1172//1172 1171//1171
f 1175//1175 1177//1177 1172//1172
f 1179//1179 1177//1177 1175//1175
f 1179//1179 1180//1180 1177//1177
f 1182//1182 1180//1180 1179//1179
f 1182//1182 1184//1184 1180//1180
f 1186//1186 1184//1184 1182//1182
f 1186//1186 1189//1189 1184//1184
f 1190//1190 1189//1189 1186//1186
f 1190//1190 1192//1192 1189//1189
f 1194//1194 1192//1192 1190//1190
f 1194//1194 1196//1196 1192//1192
f 1199//1199 1196//1196 1194//1194
f 1199//1199 1200//1200 1196//1196
f 1202//1202 1200//1200 1199//1199
f 1208//1208 1207//1207 1205//1205
f 1208//1208 1211//1211 1207//1207
f 1213//1213 1211//1211 1208//1208
f 1213//1213 1214//1214 1211//1211
f 1217//1217 1214//1214 1213//1213
f 1217//1217 1218//1218 1214//1214
f 1221//1221 1218//1218 1217//1217
f 1221//1221 1222//1222 1218//1218
f 1225//1225 1222//1222 1221//1221
f 1225//1225 1226//1226 1222//1222
f 1229//1229 1226//1226 1225//1225
f 1229//1229 1231//1231 1226//1226
f 1233//1233 1231//1231 1229//1229
f 1233//1233 1235//1235 1231//1231
f 1236//1236 1235//1235 1233//1233
f 1236//1236 1238//1238 1235//1235
f 1240//1240 1238//1238 1236//1236
f 1240//1240 1243//1243 1238//1238
f 1244//1244 1243//1243 1240//1240
f 1244//1244 1246//1246 1243//1243
f 1248//1248 1246//1246 1244//1244
f 1248//1248 1250//1250 1246//1246
f 1253//1253 1250//1250 1248//1248
f 1253//1253 1255//1255 1250//1250
f 1256//1256 1255//1255 1253//1253
f 1256//1256 1259//1259 1255//1255
f 1261//1261 1259//1259 1256//1256
f 1261//1261 1262//1262 1259//1259
f 1265//1265 1262//1262 1261//1261
f 1265//1265 1267//1267 1262//1262
f 1268//1268 1267//1267 1265//1265
f 1268//1268 1271//1271 1267//1267
f 1272//1272 1271//1271 1268//1268
f 1272//1272 1275//1275 1271//1271
f 1277//1277 1275//1275 1272//1272
f 1279//1279 1282//1282 1280//1280
f 1285//1285 1282//1282 1279//1279
f 1285//1285 1287//1287 1282//1282
f 1288//1288 1287//1287 1285//1285
f 1288//1288 1290//1290 1287//1287
f 1293//1293 1290//1290 1288//1288
f 1293//1293 1294//1294 1290//1290
f 1296//1296 1294//1294 1293//1293
f 1296//1296 1299//1299 1294//1294
f 1301//1301 1299//1299 1296//1296
f 1301//1301 1302//1302 1299//1299
f 1305//1305 1302//1302 1301//1301
f 1305//1305 1307//1307 1302//1302
f 1309//1309 1307//1307 1305//1305
f 1309//1309 1310//1310 1307//1307
f 1312//1312 1310//1310 1309//1309
f 1312//1312 1315//1315 1310//1310
f 1317//1317 1315//1315 1312//1312
f 1317//1317 1319//1319 1315//1315
f 1320//1320 1319//1319 1317//1317
f 1320//1320 1322//1322 1319//1319
f 1325//1325 1322//1322 1320//1320
f 1325//1325 1327//1327 1322//1322
f 1328//1328 1327//1327 1325//1325
f 1328//1328 1331//1331 1327//1327
f 1332//1332 1331//1331 1328//1328
f 1332//1332 1334//1334 1331//1331
f 1336//1336 1334//1334 1332//1332
f 1336//1336 1338//1338 1334//1334
f 1340//1340 1338//1338 1336//1336
f 1340//1340 1342//1342 1338//1338
f 1345//1345 1342//1342 1340//1340
f 1345//1345 1347//1347 1342//1342
f 1348//1348 1347//1347 1345//1345
f 1354//1354 1352//1352 1351//1351
f 1357//1357 1354//1354 1351//1351
f 1363//1363 1357//1357 1351//1351
f 1364//1364 1357//1357 1363//1363
f 1366//1366 1359//1359 1360//1360
f 1359//1359 1366//1366 1368//1368
f 1363//1363 1371//1371 1364//1364
f 1359//1359 1368//1368 1372//1372
f 1375//1375 1359//1359 1372//1372
f 1375//1375 1372//1372 1378//1378
f 1363//1363 1376//1376 1371//1371
f 1375//1375 1378//1378 1385//1385
f 1380//1380 1376//1376 1363//1363
f 1380//1380 1383//1383 1376//1376
f 1375//1375 1385//1385 1389//1389
f 1386//1386 1375//1375 1389//1389
f 1386//1386 1389//1389 1390//1390
f 1393//1393 1386//1386 1390//1390
f 1393//1393 1390//1390 1395//1395
f 1393//1393 1395//1395 1396//1396
f 1393//1393 1396//1396 1401//1401
f 1399//1399 1393//1393 1401//1401
f 1399//1399 1383//1383 1380//1380
f 1399//1399 1401//1401 1383//1383
f 1402//1402 1399//1399 1380//1380
f 1402//1402 1380//1380 1404//1404
f 1406//1406 1402//1402 1404//1404
f 1408//1408 1406//1406 1404//1404
f 1408//1408 1404//1404 1411//1411
f 1412//1412 1408//1408 1411//1411
f 1414//1414 1412//1412 1411//1411
f 1414//1414 1411//1411 1417//1417
f 526//526 1418//1418 522//522
f 518//518 522//522 1418//1418
f 530//530 1418//1418 526//526
f 1421//1421 1414//1414 1417//1417
f 1421//1421 1417//1417 1423//1423
f 534//534 1418//1418 530//530
f 534//534 1425//1425 1418//1418
f 538//538 1425//1425 534//534
f 1426//1426 1425//1425 538//538
f 1428//1428 1421//1421 1423//1423
f 1426//1426 1431//1431 1425//1425
f 1432//1432 1431//1431 1426//1426
f 1435//1435 1428//1428 1423//1423
f 1435//1435 1423//1423 1436//1436
f 1439//1439 1435//1435 1436//1436
f 1439//1439 1436//1436 1431//1431
f 1439//1439 1432//1432 1440//1440
f 1439//1439 1431//1431 1432//1432
f 1442//1442 1439//1439 1440//1440
f 1442//1442 1440//1440 1444//1444
f 1442//1442 1444//1444 1447//1447
f 1448//1448 1442//1442 1447//1447
f 1448//1448 1447//1447 1451//1451
f 1448//1448 1451//1451 1452//1452
f 1455//1455 1448//1448 1452//1452
f 1455//1455 1452//1452 1457//1457
f 1455//1455 1457//1457 1458//1458
f 1461//1461 1455//1455 1458//1458
f 1461//1461 1458//1458 1462//1462
f 1461//1461 1462//1462 1465//1465
f 1461//1461 1465//1465 1466//1466
f 544//544 1461//1461 1466//1466
f 1469//1469 843//843 838//838
f 1471//1471 1469//1469 838//838
f 1471//1471 838//838 835//835
f 1469//1469 846//846 843//843
f 1471//1471 835//835 831//831
f 1472//1472 846//846 1469//1469
f 1472//1472 851//851 846//846
f 1475//1475 831//831 827//827
f 1475//1475 1471//1471 831//831
f 1472//1472 854//854 851//851
f 1475//1475 827//827 822//822
f 1477//1477 854//854 1472//1472
f 1478//1478 1475//1475 822//822
f 1478//1478 822//822 818//818
f 1477//1477 859//859 854//854
f 1480//1480 863//863 859//859
f 1480//1480 859//859 1477//1477
f 1478//1478 818//818 815//815
f 1483//1483 1478//1478 815//815
f 1480//1480 866//866 863//863
f 1483//1483 815//815 811//811
f 1484//1484 866//866 1480//1480
f 1274//1274 1483//1483 811//811
f 1486//1486 866//866 1484//1484
f 1270//1270 1274//1274 811//811
f 1489//1489 866//866 1486//1486
f 1266//1266 1270//1270 811//811
f 1490//1490 866//866 1489//1489
f 1263//1263 1266//1266 811//811
f 1493//1493 866//866 1490//1490
f 1494//1494 866//866 1493//1493
f 1258//1258 1263//1263 811//811
f 1496//1496 866//866 1494//1494
f 1254//1254 1258//1258 811//811
f 1498//1498 1206//1206 1210//1210
f 1498//1498 1210//1210 1215//1215
f 1498//1498 1499//1499 1206//1206
f 1498//1498 1501//1501 1499//1499
f 1498//1498 1215//1215 1219//1219
f 1498//1498 1503//1503 1501//1501
f 1498//1498 1219//1219 1223//1223
f 866//866 1503//1503 1498//1498
f 866//866 1496//1496 1503//1503
f 1498//1498 1223//1223 1227//1227
f 768//768 765//765 1498//1498
f 760//760 1498//1498 765//765
f 768//768 1227//1227 1230//1230
f 768//768 1498//1498 1227//1227
f 757//757 1498//1498 760//760
f 775//775 768//768 1230//1230
f 775//775 1230//1230 1234//1234
f 754//754 1498//1498 757//757
f 779//779 1234//1234 1239//1239
f 779//779 775//775 1234//1234
f 751//751 1498//1498 754//754
f 780//780 779//779 1239//1239
f 780//780 1239//1239 1242//1242
f 746//746 1498//1498 751//751
f 1505//1505 1251//1251 1254//1254
f 1505//1505 1247//1247 1251//1251
f 1505//1505 1254//1254 811//811
f 1505//1505 780//780 1242//1242
f 1505//1505 1242//1242 1247//1247
f 1505//1505 787//787 780//780
f 738//738 1498//1498 742//742
f 791//791 787//787 1505//1505
f 734//734 1498//1498 738//738
f 730//730 1498//1498 734//734
f 801//801 794//794 1505//1505
f 724//724 1498//1498 730//730
f 724//724 866//866 1498//1498
f 803//803 801//801 1505//1505
f 1507//1507 803//803 1505//1505
f 1508//1508 1507//1507 1505//1505
f 1508//1508 1505//1505 1511//1511
f 1512//1512 1511//1511 1505//1505
f 1515//1515 1512//1512 1505//1505
f 873//873 716//716 713//713
f 873//873 721//721 716//716
f 873//873 724//724 721//721
f 873//873 713//713 706//706
f 873//873 866//866 724//724
f 1056//1056 1505//1505 811//811
f 703//703 1113//1113 706//706
f 700//700 1113//1113 703//703
f 695//695 1113//1113 700//700
f 1519//1519 1521//1521 1056//1056
f 1523//1523 1517//1517 873//873
f 1524//1524 873//873 1517//1517
f 1527//1527 1056//1056 1521//1521
f 1527//1527 1505//1505 1056//1056
f 1528//1528 1523//1523 873//873
f 1528//1528 873//873 706//706
f 1530//1530 1519//1519 1056//1056
f 1533//1533 873//873 1524//1524
f 1534//1534 1505//1505 1527//1527
f 1536//1536 1528//1528 706//706
f 1539//1539 1530//1530 1056//1056
f 1541//1541 873//873 1533//1533
f 1542//1542 1505//1505 1534//1534
f 1545//1545 1536//1536 706//706
f 1547//1547 1539//1539 1056//1056
f 1549//1549 873//873 1541//1541
f 1550//1550 1515//1515 1505//1505
f 1550//1550 1505//1505 1542//1542
f 1550//1550 1553//1553 1515//1515
f 1129//1129 1545//1545 706//706
f 1346//1346 1547//1547 1056//1056
f 1550//1550 1554//1554 1553//1553
f 1557//1557 873//873 1549//1549
f 1559//1559 1554//1554 1550//1550
f 1557//1557 877//877 873//873
f 1346//1346 1056//1056 1052//1052
f 1559//1559 1560//1560 1554//1554
f 1125//1125 1129//1129 706//706
f 1343//1343 1346//1346 1052//1052
f 1563//1563 880//880 877//877
f 1563//1563 877//877 1557//1557
f 1564//1564 1560//1560 1559//1559
f 690//690 1113//1113 695//695
f 1343//1343 1052//1052 1049//1049
f 1563//1563 884//884 880//880
f 1343//1343 1049//1049 1045//1045
f 1121//1121 1125//1125 706//706
f 1339//1339 1343//1343 1045//1045
f 1567//1567 884//884 1563//1563
f 1567//1567 889//889 884//884
f 1568//1568 1560//1560 1564//1564
f 1339//1339 1045//1045 1041//1041
f 1568//1568 1571//1571 1560//1560
f 1567//1567 892//892 889//889
f 1117//1117 1121//1121 706//706
f 1335//1335 1339//1339 1041//1041
f 1335//1335 1041//1041 1037//1037
f 1572//1572 892//892 1567//1567
f 1575//1575 1571//1571 1568//1568
f 1572//1572 897//897 892//892
f 1117//1117 706//706 1113//1113
f 1335//1335 1037//1037 1033//1033
f 1572//1572 900//900 897//897
f 1335//1335 1033//1033 1028//1028
f 1577//1577 900//900 1572//1572
f 1330//1330 1335//1335 1028//1028
f 904//904 900//900 1577//1577
f 687//687 1113//1113 690//690
f 1025//1025 1330//1330 1028//1028
f 908//908 904//904 1577//1577
f 683//683 1108//1108 1113//1113
f 683//683 1113//1113 687//687
f 1021//1021 1326//1326 1330//1330
f 1021//1021 1330//1330 1025//1025
f 912//912 908//908 1577//1577
f 912//912 1577//1577 1578//1578
f 1017//1017 1326//1326 1021//1021
f 683//683 1105//1105 1108//1108
f 917//917 912//912 1578//1578
f 1013//1013 1323//1323 1326//1326
f 1013//1013 1326//1326 1017//1017
f 1584//1584 1580//1580 1581//1581
f 1580//1580 1586//1586 1581//1581
f 920//920 917//917 1578//1578
f 920//920 1578//1578 1588//1588
f 1575//1575 1584//1584 1571//1571
f 679//679 1105//1105 683//683
f 679//679 1101//1101 1105//1105
f 1580//1580 1575//1575 1592//1592
f 1009//1009 1323//1323 1013//1013
f 923//923 920//920 1588//1588
f 1580//1580 1592//1592 1594//1594
f 1009//1009 1318//1318 1323//1323
f 1580//1580 1594//1594 1598//1598
f 1005//1005 1318//1318 1009//1009
f 926//926 1588//1588 1599//1599
f 926//926 923//923 1588//1588
f 1580//1580 1598//1598 1601//1601
f 674//674 1097//1097 1101//1101
f 674//674 1101//1101 679//679
f 1580//1580 1601//1601 1603//1603
f 1580//1580 1603//1603 1281//1281
f 931//931 926//926 1599//1599
f 1580//1580 1596//1596 1589//1589
f 998//998 1314//1314 1318//1318
f 998//998 1318//1318 1005//1005
f 1580//1580 1281//1281 1283//1283
f 1580//1580 1283//1283 1286//1286
f 931//931 1599//1599 1061//1061
f 670//670 1097//1097 674//674
f 670//670 1092//1092 1097//1097
f 1580//1580 1286//1286 1291//1291
f 935//935 1061//1061 1065//1065
f 935//935 1065//1065 1068//1068
f 935//935 1068//1068 1072//1072
f 935//935 1072//1072 1076//1076
f 935//935 1076//1076 1080//1080
f 935//935 931//931 1061//1061
f 998//998 1291//1291 1295//1295
f 998//998 1295//1295 1298//1298
f 998//998 1298//1298 1303//1303
f 998//998 1303//1303 1306//1306
f 998//998 1306//1306 1311//1311
f 998//998 1311//1311 1314//1314
f 1580//1580 1291//1291 998//998
f 1606//1606 1596//1596 1580//1580
f 1610//1610 1607//1607 1580//1580
f 1610//1610 1580//1580 1612//1612
f 1613//1613 1612//1612 1580//1580
f 1613//1613 1580//1580 998//998
f 935//935 658//658 652//652
f 935//935 662//662 658//658
f 935//935 652//652 651//651
f 935//935 667//667 662//662
f 667//667 1092//1092 670//670
f 935//935 651//651 1615//1615
f 667//667 1088//1088 1092//1092
f 935//935 1084//1084 1088//1088
f 935//935 1088//1088 667//667
f 935//935 1080//1080 1084//1084
f 935//935 1618//1618 1619//1619
f 935//935 1619//1619 1622//1622
f 1623//1623 935//935 1622//1622
f 1631//1631 1626//1626 1630//1630
f 1631//1631 1632//1632 1628//1628
f 1634//1634 1631//1631 1630//1630
f 1631//1631 1634//1634 1637//1637
f 1631//1631 1638//1638 1632//1632
f 1631//1631 1637//1637 1641//1641
f 1613//1613 1631//1631 1641//1641
f 1631//1631 1642//1642 1638//1638
f 1646//1646 1645//1645 1631//1631
f 1648//1648 1642//1642 1631//1631
f 1648//1648 1631//1631 1645//1645
f 1648//1648 1650//1650 1642//1642
f 1653//1653 1646//1646 1631//1631
f 1655//1655 1650//1650 1648//1648
f 1656//1656 1653//1653 1631//1631
f 1655//1655 1658//1658 1650//1650
f 1660//1660 1658//1658 1655//1655
f 1662//1662 1656//1656 1631//1631
f 1660//1660 1664//1664 1658//1658
f 1667//1667 1664//1664 1660//1660
f 1201//1201 1662//1662 1631//1631
f 1668//1668 1623//1623 1664//1664
f 1668//1668 1664//1664 1667//1667
f 1668//1668 935//935 1623//1623
f 1197//1197 1201//1201 1631//1631
f 1671//1671 935//935 1668//1668
f 1193//1193 1197//1197 1631//1631
f 1672//1672 935//935 1671//1671
f 1188//1188 1193//1193 1631//1631
f 1679//1679 935//935 1672//1672
f 937//937 1675//1675 1683//1683
f 937//937 1676//1676 1675//1675
f 937//937 1679//1679 1676//1676
f 937//937 935//935 1679//1679
f 937//937 1680//1680 1135//1135
f 937//937 1683//1683 1680//1680
f 994//994 1169//1169 1173//1173
f 994//994 1173//1173 1176//1176
f 994//994 1631//1631 1613//1613
f 994//994 1176//1176 1181//1181
f 994//994 1181//1181 1185//1185
f 994//994 1613//1613 998//998
f 994//994 1185//1185 1188//1188
f 994//994 1188//1188 1631//1631
f 994//994 1164//1164 1169//1169
f 943//943 937//937 1135//1135
f 943//943 1135//1135 1136//1136
f 990//990 1164//1164 994//994
f 990//990 1161//1161 1164//1164
f 986//986 1161//1161 990//990
f 946//946 943//943 1136//1136
f 946//946 1136//1136 1140//1140
f 982//982 1161//1161 986//986
f 982//982 1156//1156 1161//1161
f 951//951 946//946 1140//1140
f 954//954 951//951 1140//1140
f 954//954 1140//1140 1145//1145
f 978//978 1156//1156 982//982
f 978//978 1152//1152 1156//1156
f 959//959 954//954 1145//1145
f 974//974 1152//1152 978//978
f 962//962 959//959 1145//1145
f 962//962 1145//1145 1148//1148
f 970//970 1152//1152 974//974
f 970//970 1148//1148 1152//1152
f 966//966 962//962 1148//1148
f 966//966 1148//1148 970//970
f 1685//1685 1347//1347 1348//1348
f 1685//1685 1546//1546 1347//1347
f 1686//1686 1546//1546 1685//1685
f 1686//1686 1538//1538 1546//1546
f 1689//1689 1531//1531 1538//1538
f 1689//1689 1538//1538 1686//1686
f 1690//1690 1531//1531 1689//1689
f 1690//1690 1518//1518 1531//1531
f 1692//1692 1520//1520 1518//1518
f 1692//1692 1518//1518 1690//1690
f 1695//1695 1520//1520 1692//1692
f 1695//1695 1526//1526 1520//1520
f 1696//1696 1535//1535 1526//1526
f 1696//1696 1526//1526 1695//1695
f 1698//1698 1543//1543 1535//1535
f 1698//1698 1535//1535 1696//1696
f 1700//1700 1551//1551 1543//1543
f 1700//1700 1543//1543 1698//1698
f 1703//1703 1558//1558 1551//1551
f 1703//1703 1551//1551 1700//1700
f 1704//1704 1565//1565 1558//1558
f 1704//1704 1558//1558 1703//1703
f 1706//1706 1569//1569 1565//1565
f 1706//1706 1565//1565 1704//1704
f 1708//1708 1569//1569 1706//1706
f 1708//1708 1574//1574 1569//1569
f 1711//1711 1574//1574 1708//1708
f 1711//1711 1591//1591 1574//1574
f 1711//1711 1593//1593 1591//1591
f 1712//1712 1593//1593 1711//1711
f 1712//1712 1597//1597 1593//1593
f 1715//1715 1597//1597 1712//1712
f 1715//1715 1602//1602 1597//1597
f 1716//1716 1602//1602 1715//1715
f 1716//1716 1604//1604 1602//1602
f 1279//1279 1604//1604 1716//1716
f 1279//1279 1280//1280 1604//1604
f 1718//1718 1275//1275 1277//1277
f 1718//1718 1482//1482 1275//1275
f 1720//1720 1482//1482 1718//1718
f 1720//1720 1479//1479 1482//1482
f 1722//1722 1479//1479 1720//1720
f 1722//1722 1474//1474 1479//1479
f 1725//1725 1474//1474 1722//1722
f 1725//1725 1470//1470 1474//1474
f 1725//1725 1468//1468 1470//1470
f 1726//1726 1468//1468 1725//1725
f 1728//1728 1468//1468 1726//1726
f 1728//1728 1473//1473 1468//1468
f 1730//1730 1476//1476 1473//1473
f 1730//1730 1473//1473 1728//1728
f 1733//1733 1481//1481 1476//1476
f 1733//1733 1476//1476 1730//1730
f 1734//1734 1485//1485 1481//1481
f 1734//1734 1481//1481 1733//1733
f 1736//1736 1487//1487 1485//1485
f 1736//1736 1485//1485 1734//1734
f 1739//1739 1488//1488 1487//1487
f 1739//1739 1487//1487 1736//1736
f 1740//1740 1491//1491 1488//1488
f 1740//1740 1488//1488 1739//1739
f 1743//1743 1491//1491 1740//1740
f 1743//1743 1492//1492 1491//1491
f 1743//1743 1495//1495 1492//1492
f 1744//1744 1495//1495 1743//1743
f 1744//1744 1497//1497 1495//1495
f 1746//1746 1497//1497 1744//1744
f 1746//1746 1504//1504 1497//1497
f 1749//1749 1504//1504 1746//1746
f 1749//1749 1502//1502 1504//1504
f 1751//1751 1502//1502 1749//1749
f 1205//1205 1502//1502 1751//1751
f 1205//1205 1500//1500 1502//1502
f 1205//1205 1207//1207 1500//1500
f 1753//1753 1200//1200 1202//1202
f 1753//1753 1663//1663 1200//1200
f 1754//1754 1663//1663 1753//1753
f 1754//1754 1657//1657 1663//1663
f 1757//1757 1652//1652 1657//1657
f 1757//1757 1657//1657 1754//1754
f 1758//1758 1652//1652 1757//1757
f 1758//1758 1647//1647 1652//1652
f 1761//1761 1644//1644 1647//1647
f 1761//1761 1647//1647 1758//1758
f 1762//1762 1644//1644 1761//1761
f 1762//1762 1649//1649 1644//1644
f 1764//1764 1654//1654 1649//1649
f 1764//1764 1649//1649 1762//1762
f 1766//1766 1661//1661 1654//1654
f 1766//1766 1654//1654 1764//1764
f 1769//1769 1666//1666 1661//1661
f 1769//1769 1661//1661 1766//1766
f 1770//1770 1669//1669 1666//1666
f 1770//1770 1666//1666 1769//1769
f 1772//1772 1670//1670 1669//1669
f 1772//1772 1669//1669 1770//1770
f 1774//1774 1673//1673 1670//1670
f 1774//1774 1670//1670 1772//1772
f 1776//1776 1673//1673 1774//1774
f 1776//1776 1678//1678 1673//1673
f 1778//1778 1678//1678 1776//1776
f 1778//1778 1677//1677 1678//1678
f 1781//1781 1677//1677 1778//1778
f 1781//1781 1674//1674 1677//1677
f 1782//1782 1674//1674 1781//1781
f 1782//1782 1682//1682 1674//1674
f 1785//1785 1682//1682 1782//1782
f 1785//1785 1681//1681 1682//1682
f 1133//1133 1681//1681 1785//1785
f 1133//1133 1134//1134 1681//1681
f 1787//1787 1128//1128 1131//1131
f 1787//1787 1544//1544 1128//1128
f 1788//1788 1544//1544 1787//1787
f 1788//1788 1537//1537 1544//1544
f 1791//1791 1537//1537 1788//1788
f 1791//1791 1529//1529 1537//1537
f 1793//1793 1529//1529 1791//1791
f 1793//1793 1522//1522 1529//1529
f 1793//1793 1516//1516 1522//1522
f 1794//1794 1516//1516 1793//1793
f 1797//1797 1516//1516 1794//1794
f 1797//1797 1525//1525 1516//1516
f 1798//1798 1532//1532 1525//1525
f 1798//1798 1525//1525 1797//1797
f 1800//1800 1540//1540 1532//1532
f 1800//1800 1532//1532 1798//1798
f 1803//1803 1548//1548 1540//1540
f 1803//1803 1540//1540 1800//1800
f 1804//1804 1556//1556 1548//1548
f 1804//1804 1548//1548 1803//1803
f 1807//1807 1562//1562 1556//1556
f 1807//1807 1556//1556 1804//1804
f 1809//1809 1566//1566 1562//1562
f 1809//1809 1562//1562 1807//1807
f 1811//1811 1566//1566 1809//1809
f 1811//1811 1573//1573 1566//1566
f 1811//1811 1576//1576 1573//1573
f 1812//1812 1576//1576 1811//1811
f 1815//1815 1576//1576 1812//1812
f 1815//1815 1579//1579 1576//1576
f 1817//1817 1579//1579 1815//1815
f 1817//1817 1587//1587 1579//1579
f 1818//1818 1587//1587 1817//1817
f 1818//1818 1600//1600 1587//1587
f 1058//1058 1600//1600 1818//1818
f 1058//1058 1060//1060 1600//1600
f 1498//1498 746//746 742//742
f 1615//1615 1618//1618 935//935
f 1586//1586 1580//1580 1589//1589
f 1580//1580 1607//1607 1606//1606
f 1575//1575 1580//1580 1584//1584
f 1631//1631 1628//1628 1626//1626
f 791//791 1505//1505 794//794
f 802//802 1506//1506 805//805
f 805//805 1506//1506 1821//1821
f 1506//1506 1509//1509 1821//1821
f 1821//1821 1509//1509 1822//1822
f 1509//1509 1510//1510 1822//1822
f 1822//1822 1510//1510 1824//1824
f 1510//1510 1513//1513 1824//1824
f 1824//1824 1513//1513 1827//1827
f 1513//1513 1514//1514 1827//1827
f 1827//1827 1514//1514 1828//1828
f 1514//1514 1552//1552 1828//1828
f 1828//1828 1555//1555 1831//1831
f 1552//1552 1555//1555 1828//1828
f 1555//1555 1561//1561 1831//1831
f 1831//1831 1561//1561 1832//1832
f 1832//1832 1561//1561 1835//1835
f 1561//1561 1570//1570 1835//1835
f 1835//1835 1570//1570 1836//1836
f 1570//1570 1583//1583 1836//1836
f 1836//1836 1583//1583 1839//1839
f 1583//1583 1582//1582 1839//1839
f 1839//1839 1582//1582 1840//1840
f 1582//1582 1585//1585 1840//1840
f 1840//1840 1585//1585 1842//1842
f 1585//1585 1590//1590 1842//1842
f 1842//1842 1848//1848 1844//1844
f 1590//1590 1848//1848 1842//1842
f 1590//1590 1353//1353 1848//1848
f 1590//1590 1595//1595 1353//1353
f 1595//1595 1350//1350 1353//1353
f 1350//1350 1595//1595 1362//1362
f 1595//1595 1605//1605 1362//1362
f 1605//1605 1608//1608 1362//1362
f 1362//1362 1608//1608 1381//1381
f 1608//1608 1609//1609 1381//1381
f 1381//1381 1609//1609 1405//1405
f 1609//1609 1611//1611 1405//1405
f 1405//1405 1611//1611 1410//1410
f 1611//1611 1614//1614 1410//1410
f 1614//1614 1416//1416 1410//1410
f 1614//1614 1422//1422 1416//1416
f 1614//1614 1640//1640 1422//1422
f 1640//1640 1636//1636 1422//1422
f 1636//1636 1437//1437 1422//1422
f 1636//1636 1635//1635 1437//1437
f 1635//1635 1430//1430 1437//1437
f 1635//1635 1629//1629 1430//1430
f 1629//1629 1424//1424 1430//1430
f 1629//1629 1419//1419 1424//1424
f 1629//1629 1625//1625 1419//1419
f 520//520 1627//1627 1879//1879
f 1625//1625 1627//1627 517//517
f 517//517 1627//1627 520//520
f 1879//1879 1627//1627 1881//1881
f 1627//1627 1633//1633 1881//1881
f 1881//1881 1633//1633 1882//1882
f 1633//1633 1639//1639 1882//1882
f 1882//1882 1643//1643 1885//1885
f 1639//1639 1643//1643 1882//1882
f 1885//1885 1643//1643 1887//1887
f 1643//1643 1651//1651 1887//1887
f 1887//1887 1651//1651 1888//1888
f 1651//1651 1659//1659 1888//1888
f 1888//1888 1659//1659 1890//1890
f 1659//1659 1665//1665 1890//1890
f 1890//1890 1665//1665 1893//1893
f 1665//1665 1624//1624 1893//1893
f 1893//1893 1624//1624 1894//1894
f 1624//1624 1621//1621 1894//1894
f 1621//1621 1620//1620 1894//1894
f 1894//1894 1620//1620 1896//1896
f 1896//1896 1620//1620 1899//1899
f 1620//1620 1617//1617 1899//1899
f 1899//1899 1616//1616 1900//1900
f 1617//1617 1616//1616 1899//1899
f 1616//1616 650//650 1900//1900
f 1900//1900 650//650 654//654
f 517//517 1419//1419 1625//1625
f 1377//1377 1903//1903 1904//1904
f 1377//1377 1382//1382 1903//1903
f 1370//1370 1904//1904 1906//1906
f 1370//1370 1377//1377 1904//1904
f 1370//1370 1906//1906 1909//1909
f 1365//1365 1370//1370 1909//1909
f 1365//1365 1909//1909 1910//1910
f 1356//1356 1365//1365 1910//1910
f 1356//1356 1910//1910 1913//1913
f 1355//1355 1356//1356 1913//1913
f 1355//1355 1913//1913 1914//1914
f 1355//1355 1914//1914 1916//1916
f 1353//1353 1355//1355 1916//1916
f 1353//1353 1916//1916 1848//1848
f 1935//1935 1903//1903 1382//1382
f 1935//1935 1382//1382 1400//1400
f 1361//1361 1918//1918 1919//1919
f 1367//1367 1361//1361 1919//1919
f 1367//1367 1919//1919 1922//1922
f 1369//1369 1367//1367 1922//1922
f 1369//1369 1922//1922 1923//1923
f 1373//1373 1369//1369 1923//1923
f 1373//1373 1923//1923 1925//1925
f 1379//1379 1373//1373 1925//1925
f 1379//1379 1925//1925 1928//1928
f 1384//1384 1379//1379 1928//1928
f 1384//1384 1928//1928 1930//1930
f 1388//1388 1384//1384 1930//1930
f 1388//1388 1930//1930 1932//1932
f 1391//1391 1388//1388 1932//1932
f 1394//1394 1932//1932 1934//1934
f 1394//1394 1391//1391 1932//1932
f 1397//1397 1394//1394 1934//1934
f 1400//1400 1934//1934 1935//1935
f 1400//1400 1397//1397 1934//1934
f 2106//2106 515//515 648//648
f 2106//2106 648//648 1938//1938
f 2111//2111 2106//2106 1938//1938
f 2119//2119 1938//1938 1939//1939
f 2119//2119 2111//2111 1938//1938
f 2127//2127 1939//1939 1942//1942
f 2127//2127 2119//2119 1939//1939
f 2135//2135 1942//1942 1943//1943
f 2135//2135 2127//2127 1942//1942
f 2140//2140 2135//2135 1943//1943
f 2148//2148 1943//1943 1945//1945
f 2148//2148 2140//2140 1943//1943
f 2157//2157 1945//1945 1948//1948
f 2157//2157 2148//2148 1945//1945
f 2166//2166 2157//2157 1948//1948
f 2174//2174 1948//1948 1950//1950
f 2174//2174 2166//2166 1948//1948
f 2183//2183 1950//1950 1951//1951
f 2183//2183 2174//2174 1950//1950
f 2191//2191 2183//2183 1951//1951
f 2198//2198 2191//2191 1951//1951
f 2198//2198 1951//1951 1954//1954
f 2206//2206 2198//2198 1954//1954
f 2213//2213 2206//2206 1954//1954
f 2213//2213 1954//1954 1956//1956
f 2223//2223 2213//2213 1956//1956
f 2223//2223 1956//1956 1957//1957
f 2231//2231 2223//2223 1957//1957
f 2235//2235 1957//1957 1960//1960
f 2235//2235 2231//2231 1957//1957
f 2246//2246 1960//1960 1962//1962
f 2246//2246 2235//2235 1960//1960
f 2255//2255 2246//2246 1962//1962
f 1918//1918 2255//2255 1962//1962
f 1361//1361 2255//2255 1918//1918
f 1441//1441 1963//1963 1965//1965
f 1445//1445 1441//1441 1965//1965
f 1445//1445 1965//1965 1968//1968
f 1446//1446 1445//1445 1968//1968
f 1450//1450 1446//1446 1968//1968
f 1450//1450 1968//1968 1970//1970
f 1450//1450 1970//1970 1971//1971
f 1453//1453 1450//1450 1971//1971
f 1456//1456 1971//1971 1974//1974
f 1456//1456 1453//1453 1971//1971
f 1459//1459 1974//1974 1975//1975
f 1459//1459 1456//1456 1974//1974
f 1463//1463 1459//1459 1975//1975
f 1463//1463 1975//1975 1977//1977
f 1464//1464 1463//1463 1977//1977
f 1464//1464 1977//1977 1980//1980
f 1467//1467 1464//1464 1980//1980
f 1467//1467 1980//1980 541//541
f 543//543 1467//1467 541//541
f 1983//1983 1963//1963 1441//1441
f 1983//1983 1441//1441 1433//1433
f 537//537 540//540 1981//1981
f 1427//1427 537//537 1981//1981
f 1433//1433 1427//1427 1981//1981
f 1433//1433 1981//1981 1983//1983
f 596//596 689//689 599//599
f 595//595 684//684 596//596
f 596//596 684//684 689//689
f 689//689 693//693 599//599
f 599//599 693//693 600//600
f 595//595 681//681 684//684
f 592//592 681//681 595//595
f 693//693 696//696 600//600
f 600//600 696//696 603//603
f 590//590 681//681 592//592
f 696//696 699//699 603//603
f 590//590 676//676 681//681
f 603//603 699//699 604//604
f 588//588 676//676 590//590
f 604//604 705//705 606//606
f 699//699 705//705 604//604
f 588//588 673//673 676//676
f 586//586 673//673 588//588
f 586//586 668//668 673//673
f 705//705 708//708 606//606
f 606//606 708//708 609//609
f 585//585 668//668 586//586
f 708//708 711//711 609//609
f 585//585 665//665 668//668
f 583//583 665//665 585//585
f 609//609 711//711 610//610
f 711//711 714//714 610//610
f 583//583 661//661 665//665
f 580//580 661//661 583//583
f 714//714 719//719 610//610
f 610//610 719//719 613//613
f 580//580 657//657 661//661
f 577//577 657//657 579//579
f 579//579 657//657 580//580
f 719//719 722//722 613//613
f 613//613 722//722 614//614
f 577//577 655//655 657//657
f 722//722 726//726 614//614
f 614//614 726//726 617//617
f 574//574 1901//1901 577//577
f 577//577 1901//1901 655//655
f 726//726 728//728 617//617
f 617//617 728//728 618//618
f 573//573 1898//1898 574//574
f 574//574 1898//1898 1901//1901
f 728//728 733//733 618//618
f 733//733 737//737 618//618
f 618//618 737//737 621//621
f 573//573 1897//1897 1898//1898
f 570//570 1897//1897 573//573
f 570//570 1895//1895 1897//1897
f 737//737 740//740 621//621
f 621//621 740//740 622//622
f 567//567 1895//1895 570//570
f 740//740 745//745 622//622
f 567//567 1892//1892 1895//1895
f 622//622 745//745 625//625
f 563//563 1892//1892 567//567
f 745//745 748//748 625//625
f 563//563 1891//1891 1892//1892
f 748//748 752//752 625//625
f 625//625 752//752 626//626
f 562//562 1891//1891 563//563
f 558//558 1889//1889 562//562
f 562//562 1889//1889 1891//1891
f 752//752 758//758 626//626
f 758//758 629//629 626//626
f 558//558 1886//1886 1889//1889
f 554//554 1886//1886 558//558
f 758//758 763//763 629//629
f 554//554 1884//1884 1886//1886
f 629//629 767//767 630//630
f 763//763 767//767 629//629
f 554//554 1883//1883 1884//1884
f 554//554 550//550 1883//1883
f 550//550 1880//1880 1883//1883
f 771//771 633//633 767//767
f 767//767 633//633 630//630
f 550//550 546//546 1880//1880
f 772//772 633//633 771//771
f 1880//1880 546//546 1878//1878
f 772//772 634//634 633//633
f 546//546 1986//1986 1878//1878
f 772//772 637//637 634//634
f 776//776 637//637 772//772
f 1878//1878 1986//1986 1877//1877
f 1877//1877 1986//1986 1874//1874
f 776//776 638//638 637//637
f 783//783 638//638 776//776
f 784//784 638//638 783//783
f 784//784 641//641 638//638
f 793//793 642//642 788//788
f 788//788 642//642 784//784
f 784//784 642//642 641//641
f 797//797 645//645 793//793
f 793//793 645//645 642//642
f 798//798 645//645 797//797
f 798//798 646//646 645//645
f 798//798 649//649 646//646
f 1820//1820 649//649 804//804
f 804//804 649//649 798//798
f 1847//1847 1989//1989 1845//1845
f 1820//1820 1937//1937 649//649
f 1823//1823 1937//1937 1820//1820
f 1823//1823 1940//1940 1937//1937
f 1825//1825 1941//1941 1823//1823
f 1823//1823 1941//1941 1940//1940
f 1826//1826 1944//1944 1825//1825
f 1825//1825 1944//1944 1941//1941
f 1829//1829 1944//1944 1826//1826
f 1829//1829 1946//1946 1944//1944
f 1992//1992 1994//1994 1989//1989
f 1830//1830 1947//1947 1829//1829
f 1829//1829 1947//1947 1946//1946
f 1989//1989 1961//1961 1845//1845
f 1994//1994 1961//1961 1989//1989
f 1833//1833 1949//1949 1830//1830
f 1830//1830 1949//1949 1947//1947
f 1845//1845 1961//1961 1843//1843
f 1834//1834 1952//1952 1833//1833
f 1833//1833 1952//1952 1949//1949
f 1843//1843 1959//1959 1841//1841
f 1961//1961 1959//1959 1843//1843
f 1959//1959 1958//1958 1841//1841
f 1834//1834 1953//1953 1952//1952
f 1837//1837 1953//1953 1834//1834
f 1841//1841 1958//1958 1838//1838
f 1838//1838 1953//1953 1837//1837
f 1838//1838 1955//1955 1953//1953
f 1958//1958 1955//1955 1838//1838
f 1996//1996 1844//1844 1848//1848
f 1996//1996 1846//1846 1844//1844
f 1998//1998 1846//1846 1996//1996
f 1998//1998 1850//1850 1846//1846
f 2000//2000 1850//1850 1998//1998
f 2000//2000 1852//1852 1850//1850
f 2002//2002 1852//1852 2000//2000
f 2002//2002 1854//1854 1852//1852
f 2002//2002 1857//1857 1854//1854
f 2004//2004 1858//1858 1857//1857
f 2004//2004 1857//1857 2002//2002
f 2006//2006 1861//1861 1858//1858
f 2006//2006 1858//1858 2004//2004
f 2007//2007 1862//1862 1861//1861
f 2007//2007 1861//1861 2006//2006
f 2009//2009 1862//1862 2007//2007
f 2009//2009 1864//1864 1862//1862
f 2012//2012 1866//1866 1864//1864
f 2012//2012 1864//1864 2009//2009
f 2014//2014 1869//1869 1866//1866
f 2014//2014 1866//1866 2012//2012
f 2016//2016 1871//1871 1869//1869
f 2016//2016 1869//1869 2014//2014
f 2016//2016 1873//1873 1871//1871
f 2018//2018 1875//1875 1873//1873
f 2018//2018 1873//1873 2016//2016
f 2018//2018 1876//1876 1875//1875
f 520//520 1876//1876 2018//2018
f 520//520 1879//1879 1876//1876
f 1918//1918 1962//1962 1993//1993
f 2019//2019 1918//1918 1993//1993
f 2022//2022 2019//2019 1993//1993
f 2022//2022 1993//1993 1991//1991
f 2022//2022 1991//1991 1990//1990
f 2024//2024 2022//2022 1990//1990
f 2024//2024 1990//1990 2025//2025
f 2028//2028 2024//2024 2025//2025
f 2028//2028 2025//2025 2030//2030
f 2031//2031 2028//2028 2030//2030
f 2031//2031 2030//2030 2034//2034
f 2035//2035 2031//2031 2034//2034
f 2035//2035 2034//2034 2037//2037
f 2039//2039 2035//2035 2037//2037
f 2039//2039 2037//2037 2041//2041
f 2044//2044 2041//2041 2045//2045
f 2044//2044 2039//2039 2041//2041
f 2048//2048 2045//2045 2049//2049
f 2048//2048 2044//2044 2045//2045
f 2052//2052 2049//2049 2053//2053
f 2052//2052 2048//2048 2049//2049
f 2055//2055 2053//2053 1987//1987
f 2055//2055 2052//2052 2053//2053
f 2058//2058 1987//1987 1985//1985
f 2058//2058 2055//2055 1987//1987
f 541//541 2058//2058 1985//1985
f 1995//1995 1849//1849 1917//1917
f 1915//1915 1995//1995 1917//1917
f 1912//1912 1995//1995 1915//1915
f 1911//1911 1995//1995 1912//1912
f 1911//1911 1997//1997 1995//1995
f 1908//1908 1997//1997 1911//1911
f 1907//1907 1997//1997 1908//1908
f 1907//1907 1999//1999 1997//1997
f 1905//1905 1999//1999 1907//1907
f 1902//1902 1999//1999 1905//1905
f 1902//1902 2001//2001 1999//1999
f 523//523 519//519 2017//2017
f 527//527 523//523 2017//2017
f 531//531 527//527 2017//2017
f 2021//2021 1926//1926 1924//1924
f 535//535 531//531 2017//2017
f 535//535 2017//2017 2015//2015
f 539//539 535//535 2015//2015
f 2021//2021 1931//1931 1929//1929
f 2021//2021 1929//1929 1927//1927
f 1982//1982 539//539 2015//2015
f 2023//2023 1931//1931 2021//2021
f 2023//2023 1933//1933 1931//1931
f 1982//1982 2015//2015 2013//2013
f 1984//1984 1982//1982 2013//2013
f 2023//2023 1936//1936 1933//1933
f 2027//2027 2003//2003 2001//2001
f 2032//2032 2003//2003 2027//2027
f 2032//2032 2005//2005 2003//2003
f 2036//2036 2008//2008 2005//2005
f 2036//2036 2005//2005 2032//2032
f 2036//2036 2010//2010 2008//2008
f 2040//2040 2010//2010 2036//2036
f 2056//2056 1976//1976 1973//1973
f 2056//2056 1978//1978 1976//1976
f 2056//2056 1973//1973 1972//1972
f 2056//2056 1972//1972 1969//1969
f 2043//2043 2011//2011 2010//2010
f 2043//2043 2010//2010 2040//2040
f 2051//2051 2056//2056 1969//1969
f 2051//2051 1969//1969 1967//1967
f 2047//2047 2011//2011 2043//2043
f 2051//2051 1967//1967 1966//1966
f 2051//2051 1966//1966 1964//1964
f 2047//2047 2013//2013 2011//2011
f 2047//2047 2051//2051 1964//1964
f 2047//2047 1984//1984 2013//2013
f 2047//2047 1964//1964 1984//1984
f 2057//2057 1978//1978 2056//2056
f 1978//1978 2057//2057 1979//1979
f 2001//2001 1936//1936 2023//2023
f 2001//2001 2023//2023 2027//2027
f 1936//1936 2001//2001 1902//1902
f 1927//1927 1926//1926 2021//2021
f 1924//1924 1921//1921 2020//2020
f 2020//2020 1921//1921 1920//1920
f 1924//1924 2020//2020 2021//2021
f 2050//2050 1988//1988 2054//2054
f 1986//1986 1988//1988 2050//2050
f 1868//1868 1986//1986 2050//2050
f 1867//1867 1868//1868 2050//2050
f 1867//1867 2050//2050 2046//2046
f 1867//1867 2046//2046 2042//2042
f 1870//1870 1986//1986 1868//1868
f 1865//1865 1867//1867 2042//2042
f 1872//1872 1986//1986 1870//1870
f 1874//1874 1986//1986 1872//1872
f 1863//1863 2042//2042 2038//2038
f 1863//1863 1865//1865 2042//2042
f 1860//1860 2038//2038 2033//2033
f 1860//1860 1863//1863 2038//2038
f 1859//1859 2033//2033 2029//2029
f 1859//1859 1860//1860 2033//2033
f 1856//1856 2029//2029 2026//2026
f 1856//1856 1859//1859 2029//2029
f 1855//1855 1856//1856 2026//2026
f 1855//1855 2026//2026 1989//1989
f 1853//1853 1989//1989 1851//1851
f 1853//1853 1855//1855 1989//1989
f 1847//1847 1851//1851 1989//1989
f 903//903 1810//1810 898//898
f 903//903 1813//1813 1810//1810
f 906//906 1813//1813 903//903
f 898//898 1810//1810 895//895
f 911//911 1813//1813 906//906
f 911//911 1814//1814 1813//1813
f 895//895 1810//1810 890//890
f 915//915 1814//1814 911//911
f 1810//1810 1808//1808 890//890
f 890//890 1808//1808 886//886
f 918//918 1816//1816 915//915
f 915//915 1816//1816 1814//1814
f 886//886 1808//1808 883//883
f 1808//1808 1806//1806 883//883
f 924//924 1816//1816 918//918
f 883//883 1806//1806 878//878
f 924//924 1819//1819 1816//1816
f 929//929 1819//1819 924//924
f 878//878 1805//1805 874//874
f 1806//1806 1805//1805 878//878
f 933//933 1059//1059 929//929
f 929//929 1059//1059 1819//1819
f 874//874 1805//1805 870//870
f 1805//1805 1802//1802 870//870
f 933//933 1062//1062 1059//1059
f 1802//1802 1801//1801 870//870
f 933//933 1066//1066 1062//1062
f 1801//1801 1799//1799 870//870
f 933//933 1071//1071 1066//1066
f 1799//1799 1796//1796 870//870
f 933//933 1075//1075 1071//1071
f 1796//1796 1795//1795 870//870
f 933//933 1078//1078 1075//1075
f 1795//1795 1792//1792 870//870
f 1115//1115 109//109 1119//1119
f 1111//1111 109//109 1115//1115
f 1107//1107 109//109 1111//1111
f 1119//1119 109//109 1123//1123
f 1102//1102 109//109 1107//1107
f 109//109 143//143 1123//1123
f 1127//1127 143//143 1130//1130
f 1123//1123 143//143 1127//1127
f 1099//1099 84//84 1102//1102
f 1102//1102 84//84 109//109
f 1130//1130 143//143 1786//1786
f 1095//1095 84//84 1099//1099
f 1091//1091 84//84 1095//1095
f 1786//1786 143//143 1789//1789
f 1086//1086 84//84 1091//1091
f 1789//1789 143//143 1790//1790
f 1083//1083 68//68 1086//1086
f 1086//1086 68//68 84//84
f 1790//1790 143//143 1792//1792
f 1078//1078 68//68 1083//1083
f 1792//1792 184//184 870//870
f 143//143 184//184 1792//1792
f 1078//1078 42//42 68//68
f 933//933 42//42 1078//1078
f 933//933 26//26 42//42
f 184//184 215//215 870//870
f 933//933 2//2 26//26
f 215//215 230//230 870//870
f 257//257 869//869 230//230
f 296//296 869//869 257//257
f 230//230 869//869 870//870
f 2059//2059 938//938 2060//2060
f 2061//2061 938//938 2059//2059
f 2//2 938//938 2061//2061
f 933//933 938//938 2//2
f 869//869 1745//1745 1742//1742
f 938//938 1779//1779 1777//1777
f 296//296 1745//1745 869//869
f 938//938 1777//1777 2060//2060
f 320//320 1747//1747 296//296
f 296//296 1747//1747 1745//1745
f 938//938 1780//1780 1779//1779
f 1742//1742 1741//1741 869//869
f 1777//1777 1775//1775 2060//2060
f 320//320 1748//1748 1747//1747
f 938//938 1783//1783 1780//1780
f 1741//1741 1738//1738 869//869
f 1775//1775 1773//1773 2060//2060
f 2060//2060 1773//1773 2062//2062
f 320//320 1750//1750 1748//1748
f 344//344 1750//1750 320//320
f 938//938 1784//1784 1783//1783
f 1738//1738 1737//1737 869//869
f 1773//1773 1771//1771 2062//2062
f 344//344 1204//1204 1750//1750
f 938//938 1132//1132 1784//1784
f 1737//1737 1735//1735 869//869
f 1771//1771 1768//1768 2062//2062
f 344//344 1209//1209 1204//1204
f 941//941 1132//1132 938//938
f 869//869 1735//1735 864//864
f 1735//1735 1732//1732 864//864
f 1768//1768 1767//1767 2062//2062
f 944//944 1132//1132 941//941
f 864//864 1732//1732 860//860
f 344//344 1212//1212 1209//1209
f 944//944 1139//1139 1132//1132
f 860//860 1732//1732 856//856
f 949//949 1139//1139 944//944
f 1732//1732 1731//1731 856//856
f 1767//1767 1765//1765 2062//2062
f 344//344 1216//1216 1212//1212
f 952//952 1143//1143 949//949
f 949//949 1143//1143 1139//1139
f 856//856 1731//1731 853//853
f 956//956 1143//1143 952//952
f 1731//1731 1729//1729 853//853
f 1765//1765 1763//1763 2062//2062
f 853//853 1729//1729 849//849
f 2062//2062 1763//1763 2063//2063
f 344//344 1220//1220 1216//1216
f 956//956 1146//1146 1143//1143
f 961//961 1146//1146 956//956
f 849//849 1729//1729 844//844
f 1729//1729 1727//1727 844//844
f 1763//1763 1760//1760 2063//2063
f 965//965 1146//1146 961//961
f 844//844 1727//1727 840//840
f 965//965 969//969 1146//1146
f 344//344 1224//1224 1220//1220
f 969//969 1151//1151 1146//1146
f 1727//1727 1724//1724 840//840
f 1759//1759 2063//2063 1760//1760
f 1724//1724 836//836 840//840
f 969//969 973//973 1151//1151
f 1224//1224 381//381 1228//1228
f 344//344 381//381 1224//1224
f 1151//1151 973//973 1155//1155
f 1724//1724 832//832 836//836
f 1756//1756 2063//2063 1759//1759
f 1755//1755 2063//2063 1756//1756
f 973//973 977//977 1155//1155
f 1724//1724 829//829 832//832
f 1723//1723 829//829 1724//1724
f 1232//1232 381//381 1237//1237
f 1228//1228 381//381 1232//1232
f 977//977 981//981 1155//1155
f 1752//1752 2063//2063 1755//1755
f 1155//1155 981//981 1159//1159
f 1723//1723 825//825 829//829
f 981//981 985//985 1159//1159
f 1237//1237 381//381 1241//1241
f 1723//1723 821//821 825//825
f 1721//1721 821//821 1723//1723
f 1752//1752 2064//2064 2063//2063
f 1203//1203 2064//2064 1752//1752
f 985//985 989//989 1159//1159
f 1159//1159 989//989 1163//1163
f 1721//1721 816//816 821//821
f 1241//1241 407//407 1245//1245
f 381//381 407//407 1241//1241
f 989//989 993//993 1163//1163
f 1719//1719 816//816 1721//1721
f 1198//1198 2064//2064 1203//1203
f 1719//1719 812//812 816//816
f 1163//1163 997//997 1166//1166
f 993//993 997//997 1163//1163
f 1245//1245 407//407 1249//1249
f 1719//1719 807//807 812//812
f 1276//1276 807//807 1719//1719
f 1183//1183 997//997 1187//1187
f 1178//1178 997//997 1183//1183
f 1174//1174 997//997 1178//1178
f 1170//1170 997//997 1174//1174
f 1166//1166 997//997 1170//1170
f 1273//1273 807//807 1276//1276
f 1269//1269 807//807 1273//1273
f 1264//1264 807//807 1269//1269
f 1260//1260 807//807 1264//1264
f 1257//1257 807//807 1260//1260
f 1195//1195 2065//2065 1198//1198
f 1198//1198 2065//2065 2064//2064
f 1249//1249 407//407 1252//1252
f 1191//1191 2066//2066 1195//1195
f 1195//1195 2066//2066 2065//2065
f 1252//1252 407//407 1257//1257
f 1187//1187 2066//2066 1191//1191
f 997//997 2066//2066 1187//1187
f 1257//1257 407//407 807//807
f 997//997 2067//2067 2066//2066
f 407//407 447//447 807//807
f 997//997 2068//2068 2067//2067
f 997//997 2395//2395 2068//2068
f 447//447 478//478 807//807
f 997//997 2069//2069 2395//2395
f 478//478 493//493 807//807
f 2070//2070 1710//1710 1709//1709
f 2070//2070 1709//1709 2071//2071
f 2072//2072 1710//1710 2070//2070
f 2072//2072 1713//1713 1710//1710
f 1709//1709 1707//1707 2071//2071
f 2071//2071 1707//1707 2073//2073
f 2074//2074 1714//1714 2072//2072
f 2072//2072 1714//1714 1713//1713
f 1707//1707 1705//1705 2073//2073
f 2073//2073 1705//1705 2075//2075
f 1705//1705 1702//1702 2075//2075
f 2076//2076 1717//1717 2074//2074
f 2074//2074 1717//1717 1714//1714
f 2075//2075 1702//1702 2077//2077
f 1702//1702 1701//1701 2077//2077
f 2076//2076 1278//1278 1717//1717
f 2078//2078 1278//1278 2076//2076
f 1701//1701 1699//1699 2077//2077
f 2077//2077 1699//1699 2079//2079
f 2078//2078 1284//1284 1278//1278
f 2080//2080 1284//1284 2078//2078
f 1699//1699 1697//1697 2079//2079
f 2079//2079 1697//1697 2081//2081
f 2080//2080 1289//1289 1284//1284
f 1697//1697 1694//1694 2081//2081
f 2081//2081 1694//1694 2082//2082
f 2080//2080 1292//1292 1289//1289
f 2082//2082 1693//1693 2083//2083
f 1694//1694 1693//1693 2082//2082
f 1693//1693 808//808 2083//2083
f 2084//2084 808//808 2085//2085
f 2083//2083 808//808 2084//2084
f 1691//1691 808//808 1693//1693
f 1688//1688 808//808 1691//1691
f 1687//1687 808//808 1688//1688
f 493//493 808//808 807//807
f 1684//1684 808//808 1687//1687
f 1349//1349 808//808 1684//1684
f 2086//2086 808//808 493//493
f 2085//2085 808//808 2086//2086
f 2087//2087 1001//1001 2080//2080
f 2088//2088 1001//1001 2087//2087
f 2089//2089 1001//1001 2088//2088
f 2090//2090 1001//1001 2089//2089
f 2080//2080 1001//1001 1292//1292
f 2337//2337 1001//1001 2090//2090
f 2091//2091 1001//1001 2337//2337
f 1308//1308 1001//1001 1313//1313
f 1304//1304 1001//1001 1308//1308
f 1300//1300 1001//1001 1304//1304
f 1297//1297 1001//1001 1300//1300
f 1292//1292 1001//1001 1297//1297
f 1313//1313 1001//1001 1316//1316
f 1344//1344 808//808 1349//1349
f 1344//1344 1055//1055 808//808
f 1001//1001 1002//1002 1316//1316
f 1344//1344 1051//1051 1055//1055
f 1002//1002 1006//1006 1316//1316
f 1316//1316 1006//1006 1321//1321
f 1344//1344 1046//1046 1051//1051
f 1341//1341 1046//1046 1344//1344
f 1006//1006 1010//1010 1321//1321
f 1321//1321 1010//1010 1324//1324
f 1010//1010 1014//1014 1324//1324
f 1341//1341 1042//1042 1046//1046
f 1337//1337 1042//1042 1341//1341
f 1014//1014 1018//1018 1324//1324
f 1337//1337 1038//1038 1042//1042
f 1324//1324 1018//1018 1329//1329
f 1018//1018 1022//1022 1329//1329
f 1337//1337 1034//1034 1038//1038
f 1333//1333 1034//1034 1337//1337
f 1022//1022 1026//1026 1329//1329
f 1333//1333 1031//1031 1034//1034
f 1329//1329 1026//1026 1333//1333
f 1026//1026 1031//1031 1333//1333
f 997//997 1001//1001 2069//2069
f 2069//2069 1001//1001 2091//2091
f 496//496 2092//2092 493//493
f 498//498 2092//2092 496//496
f 502//502 2093//2093 498//498
f 505//505 2093//2093 502//502
f 493//493 2094//2094 2086//2086
f 505//505 2095//2095 2093//2093
f 2092//2092 2094//2094 493//493
f 505//505 2096//2096 2095//2095
f 508//508 2096//2096 505//505
f 498//498 2097//2097 2092//2092
f 2093//2093 2097//2097 498//498
f 511//511 2098//2098 508//508
f 508//508 2098//2098 2096//2096
f 2093//2093 2099//2099 2097//2097
f 2095//2095 2099//2099 2093//2093
f 513//513 2100//2100 511//511
f 511//511 2100//2100 2098//2098
f 2095//2095 2101//2101 2099//2099
f 2092//2092 2102//2102 2094//2094
f 2096//2096 2101//2101 2095//2095
f 2092//2092 2103//2103 2102//2102
f 2096//2096 2104//2104 2101//2101
f 2097//2097 2103//2103 2092//2092
f 515//515 2100//2100 513//513
f 2097//2097 2105//2105 2103//2103
f 515//515 2106//2106 2100//2100
f 2098//2098 2107//2107 2096//2096
f 2096//2096 2107//2107 2104//2104
f 2099//2099 2105//2105 2097//2097
f 2099//2099 2108//2108 2105//2105
f 2098//2098 2109//2109 2107//2107
f 2101//2101 2108//2108 2099//2099
f 2094//2094 2102//2102 2086//2086
f 2100//2100 2109//2109 2098//2098
f 2101//2101 2110//2110 2108//2108
f 2104//2104 2110//2110 2101//2101
f 2100//2100 2111//2111 2109//2109
f 2106//2106 2111//2111 2100//2100
f 2104//2104 2112//2112 2110//2110
f 2105//2105 2113//2113 2103//2103
f 2107//2107 2112//2112 2104//2104
f 2105//2105 2114//2114 2113//2113
f 2109//2109 2112//2112 2107//2107
f 2108//2108 2114//2114 2105//2105
f 2109//2109 2115//2115 2112//2112
f 2110//2110 2116//2116 2108//2108
f 2108//2108 2116//2116 2114//2114
f 2102//2102 2117//2117 2086//2086
f 2103//2103 2117//2117 2102//2102
f 2103//2103 2118//2118 2117//2117
f 2113//2113 2118//2118 2103//2103
f 2111//2111 2119//2119 2109//2109
f 2109//2109 2119//2119 2115//2115
f 2110//2110 2120//2120 2116//2116
f 2112//2112 2120//2120 2110//2110
f 2113//2113 2121//2121 2118//2118
f 2112//2112 2122//2122 2120//2120
f 2114//2114 2121//2121 2113//2113
f 2115//2115 2122//2122 2112//2112
f 2117//2117 2085//2085 2086//2086
f 2116//2116 2123//2123 2114//2114
f 2114//2114 2123//2123 2121//2121
f 2115//2115 2124//2124 2122//2122
f 2118//2118 2125//2125 2117//2117
f 2119//2119 2124//2124 2115//2115
f 2120//2120 2126//2126 2116//2116
f 2116//2116 2126//2126 2123//2123
f 2119//2119 2127//2127 2124//2124
f 2120//2120 2128//2128 2126//2126
f 2121//2121 2125//2125 2118//2118
f 2122//2122 2128//2128 2120//2120
f 2121//2121 2129//2129 2125//2125
f 2085//2085 2130//2130 2084//2084
f 2122//2122 2131//2131 2128//2128
f 2123//2123 2129//2129 2121//2121
f 2117//2117 2130//2130 2085//2085
f 2117//2117 2132//2132 2130//2130
f 2124//2124 2131//2131 2122//2122
f 2123//2123 2133//2133 2129//2129
f 2125//2125 2132//2132 2117//2117
f 2126//2126 2133//2133 2123//2123
f 2125//2125 2134//2134 2132//2132
f 2127//2127 2135//2135 2124//2124
f 2124//2124 2135//2135 2131//2131
f 2128//2128 2133//2133 2126//2126
f 2128//2128 2136//2136 2133//2133
f 2129//2129 2137//2137 2125//2125
f 2125//2125 2137//2137 2134//2134
f 2131//2131 2136//2136 2128//2128
f 2130//2130 2083//2083 2084//2084
f 2131//2131 2138//2138 2136//2136
f 2129//2129 2139//2139 2137//2137
f 2133//2133 2139//2139 2129//2129
f 2135//2135 2138//2138 2131//2131
f 2135//2135 2140//2140 2138//2138
f 2134//2134 2141//2141 2132//2132
f 2133//2133 2142//2142 2139//2139
f 2136//2136 2142//2142 2133//2133
f 2137//2137 2141//2141 2134//2134
f 2137//2137 2143//2143 2141//2141
f 2083//2083 2144//2144 2082//2082
f 2138//2138 2145//2145 2136//2136
f 2136//2136 2145//2145 2142//2142
f 2130//2130 2144//2144 2083//2083
f 2139//2139 2143//2143 2137//2137
f 2130//2130 2146//2146 2144//2144
f 2139//2139 2147//2147 2143//2143
f 2132//2132 2146//2146 2130//2130
f 2138//2138 2148//2148 2145//2145
f 2140//2140 2148//2148 2138//2138
f 2139//2139 2149//2149 2147//2147
f 2142//2142 2149//2149 2139//2139
f 2132//2132 2150//2150 2146//2146
f 2141//2141 2150//2150 2132//2132
f 2143//2143 2151//2151 2141//2141
f 2141//2141 2151//2151 2150//2150
f 2145//2145 2152//2152 2142//2142
f 2142//2142 2152//2152 2149//2149
f 2144//2144 2081//2081 2082//2082
f 2145//2145 2153//2153 2152//2152
f 2147//2147 2154//2154 2143//2143
f 2143//2143 2154//2154 2151//2151
f 2146//2146 2155//2155 2144//2144
f 2146//2146 2156//2156 2155//2155
f 2150//2150 2156//2156 2146//2146
f 2148//2148 2157//2157 2145//2145
f 2145//2145 2157//2157 2153//2153
f 2147//2147 2158//2158 2154//2154
f 2149//2149 2158//2158 2147//2147
f 2151//2151 2159//2159 2150//2150
f 2150//2150 2159//2159 2156//2156
f 2152//2152 2160//2160 2149//2149
f 2149//2149 2160//2160 2158//2158
f 2081//2081 2161//2161 2079//2079
f 2151//2151 2162//2162 2159//2159
f 2144//2144 2161//2161 2081//2081
f 2144//2144 2155//2155 2161//2161
f 2153//2153 2160//2160 2152//2152
f 2154//2154 2162//2162 2151//2151
f 2153//2153 2163//2163 2160//2160
f 2154//2154 2164//2164 2162//2162
f 2156//2156 2165//2165 2155//2155
f 2153//2153 2166//2166 2163//2163
f 2157//2157 2166//2166 2153//2153
f 2158//2158 2164//2164 2154//2154
f 2158//2158 2167//2167 2164//2164
f 2156//2156 2168//2168 2165//2165
f 2159//2159 2168//2168 2156//2156
f 2160//2160 2167//2167 2158//2158
f 2162//2162 2168//2168 2159//2159
f 2161//2161 2169//2169 2079//2079
f 2079//2079 2169//2169 2077//2077
f 2162//2162 2170//2170 2168//2168
f 2160//2160 2171//2171 2167//2167
f 2163//2163 2171//2171 2160//2160
f 2164//2164 2172//2172 2162//2162
f 2162//2162 2172//2172 2170//2170
f 2155//2155 2173//2173 2161//2161
f 2165//2165 2173//2173 2155//2155
f 2163//2163 2174//2174 2171//2171
f 2166//2166 2174//2174 2163//2163
f 2164//2164 2175//2175 2172//2172
f 2167//2167 2175//2175 2164//2164
f 2168//2168 2173//2173 2165//2165
f 2168//2168 2176//2176 2173//2173
f 2167//2167 2177//2177 2175//2175
f 2170//2170 2176//2176 2168//2168
f 2077//2077 2169//2169 2075//2075
f 2171//2171 2177//2177 2167//2167
f 2170//2170 2178//2178 2176//2176
f 2161//2161 2179//2179 2169//2169
f 2171//2171 2180//2180 2177//2177
f 2172//2172 2178//2178 2170//2170
f 2172//2172 2181//2181 2178//2178
f 2173//2173 2179//2179 2161//2161
f 2174//2174 2180//2180 2171//2171
f 2173//2173 2182//2182 2179//2179
f 2174//2174 2183//2183 2180//2180
f 2175//2175 2181//2181 2172//2172
f 2176//2176 2182//2182 2173//2173
f 2175//2175 2184//2184 2181//2181
f 2177//2177 2184//2184 2175//2175
f 2176//2176 2185//2185 2182//2182
f 2075//2075 2186//2186 2073//2073
f 2169//2169 2186//2186 2075//2075
f 2178//2178 2185//2185 2176//2176
f 2179//2179 2186//2186 2169//2169
f 2177//2177 2187//2187 2184//2184
f 2179//2179 2188//2188 2186//2186
f 2180//2180 2187//2187 2177//2177
f 2178//2178 2189//2189 2185//2185
f 2181//2181 2189//2189 2178//2178
f 2179//2179 2190//2190 2188//2188
f 2180//2180 2191//2191 2187//2187
f 2182//2182 2190//2190 2179//2179
f 2183//2183 2191//2191 2180//2180
f 2181//2181 2192//2192 2189//2189
f 2184//2184 2192//2192 2181//2181
f 2182//2182 2193//2193 2190//2190
f 2184//2184 2194//2194 2192//2192
f 2185//2185 2193//2193 2182//2182
f 2073//2073 2186//2186 2071//2071
f 2187//2187 2194//2194 2184//2184
f 2189//2189 2193//2193 2185//2185
f 2187//2187 2195//2195 2194//2194
f 2189//2189 2196//2196 2193//2193
f 2190//2190 2197//2197 2188//2188
f 2191//2191 2195//2195 2187//2187
f 2191//2191 2198//2198 2195//2195
f 2192//2192 2196//2196 2189//2189
f 2192//2192 2199//2199 2196//2196
f 2193//2193 2200//2200 2190//2190
f 2190//2190 2200//2200 2197//2197
f 2194//2194 2199//2199 2192//2192
f 2186//2186 2201//2201 2071//2071
f 2071//2071 2201//2201 2070//2070
f 2194//2194 2202//2202 2199//2199
f 2193//2193 2203//2203 2200//2200
f 2188//2188 2201//2201 2186//2186
f 2196//2196 2203//2203 2193//2193
f 2188//2188 2204//2204 2201//2201
f 2195//2195 2202//2202 2194//2194
f 2197//2197 2204//2204 2188//2188
f 2196//2196 2205//2205 2203//2203
f 2198//2198 2206//2206 2195//2195
f 2195//2195 2206//2206 2202//2202
f 2197//2197 2207//2207 2204//2204
f 2199//2199 2205//2205 2196//2196
f 2200//2200 2207//2207 2197//2197
f 2199//2199 2208//2208 2205//2205
f 2203//2203 2209//2209 2200//2200
f 2200//2200 2209//2209 2207//2207
f 2201//2201 2072//2072 2070//2070
f 2202//2202 2208//2208 2199//2199
f 2202//2202 2210//2210 2208//2208
f 2205//2205 2211//2211 2203//2203
f 2203//2203 2211//2211 2209//2209
f 2204//2204 2212//2212 2201//2201
f 2202//2202 2213//2213 2210//2210
f 2206//2206 2213//2213 2202//2202
f 2207//2207 2212//2212 2204//2204
f 2205//2205 2214//2214 2211//2211
f 2208//2208 2214//2214 2205//2205
f 2208//2208 2215//2215 2214//2214
f 2207//2207 2216//2216 2212//2212
f 2209//2209 2216//2216 2207//2207
f 2072//2072 2217//2217 2074//2074
f 2210//2210 2215//2215 2208//2208
f 2201//2201 2217//2217 2072//2072
f 2201//2201 2218//2218 2217//2217
f 2210//2210 2219//2219 2215//2215
f 2211//2211 2220//2220 2209//2209
f 2209//2209 2220//2220 2216//2216
f 2213//2213 2219//2219 2210//2210
f 2212//2212 2218//2218 2201//2201
f 2214//2214 2221//2221 2211//2211
f 2211//2211 2221//2221 2220//2220
f 2212//2212 2222//2222 2218//2218
f 2213//2213 2223//2223 2219//2219
f 2215//2215 2224//2224 2214//2214
f 2214//2214 2224//2224 2221//2221
f 2216//2216 2222//2222 2212//2212
f 2217//2217 2076//2076 2074//2074
f 2216//2216 2225//2225 2222//2222
f 2217//2217 2226//2226 2076//2076
f 2218//2218 2226//2226 2217//2217
f 2215//2215 2227//2227 2224//2224
f 2219//2219 2227//2227 2215//2215
f 2220//2220 2225//2225 2216//2216
f 2218//2218 2228//2228 2226//2226
f 2221//2221 2229//2229 2220//2220
f 2220//2220 2229//2229 2225//2225
f 2222//2222 2228//2228 2218//2218
f 2222//2222 2230//2230 2228//2228
f 2223//2223 2231//2231 2219//2219
f 2219//2219 2231//2231 2227//2227
f 2221//2221 2232//2232 2229//2229
f 2224//2224 2232//2232 2221//2221
f 2222//2222 2233//2233 2230//2230
f 2226//2226 2078//2078 2076//2076
f 2225//2225 2233//2233 2222//2222
f 2224//2224 2234//2234 2232//2232
f 2227//2227 2234//2234 2224//2224
f 2227//2227 2235//2235 2234//2234
f 2225//2225 2236//2236 2233//2233
f 2229//2229 2236//2236 2225//2225
f 2231//2231 2235//2235 2227//2227
f 2230//2230 2237//2237 2228//2228
f 2229//2229 2238//2238 2236//2236
f 2232//2232 2238//2238 2229//2229
f 2230//2230 2239//2239 2237//2237
f 2078//2078 2240//2240 2080//2080
f 2233//2233 2239//2239 2230//2230
f 2232//2232 2241//2241 2238//2238
f 2226//2226 2240//2240 2078//2078
f 2234//2234 2241//2241 2232//2232
f 2228//2228 2242//2242 2226//2226
f 2226//2226 2242//2242 2240//2240
f 2233//2233 2243//2243 2239//2239
f 2236//2236 2243//2243 2233//2233
f 2228//2228 2244//2244 2242//2242
f 2240//2240 2245//2245 2080//2080
f 2235//2235 2241//2241 2234//2234
f 2237//2237 2244//2244 2228//2228
f 2235//2235 2246//2246 2241//2241
f 2236//2236 2247//2247 2243//2243
f 2238//2238 2247//2247 2236//2236
f 2237//2237 2248//2248 2244//2244
f 2237//2237 2249//2249 2248//2248
f 2239//2239 2249//2249 2237//2237
f 2242//2242 2253//2253 2240//2240
f 2241//2241 2247//2247 2238//2238
f 2242//2242 2250//2250 2253//2253
f 2241//2241 2251//2251 2247//2247
f 2239//2239 2252//2252 2249//2249
f 2240//2240 2253//2253 2245//2245
f 2242//2242 2244//2244 2250//2250
f 2243//2243 2252//2252 2239//2239
f 2243//2243 2254//2254 2252//2252
f 2246//2246 2251//2251 2241//2241
f 2246//2246 2255//2255 2251//2251
f 2247//2247 2254//2254 2243//2243
f 2247//2247 2256//2256 2254//2254
f 2252//2252 2258//2258 2249//2249
f 2244//2244 2259//2259 2250//2250
f 2254//2254 2257//2257 2252//2252
f 2249//2249 2260//2260 2248//2248
f 2251//2251 2261//2261 2247//2247
f 2247//2247 2261//2261 2256//2256
f 2245//2245 2087//2087 2080//2080
f 2244//2244 2248//2248 2259//2259
f 2258//2258 2260//2260 2249//2249
f 2252//2252 2257//2257 2258//2258
f 2245//2245 2262//2262 2087//2087
f 2254//2254 2264//2264 2257//2257
f 2250//2250 2265//2265 2253//2253
f 2245//2245 2253//2253 2262//2262
f 2248//2248 2260//2260 2263//2263
f 2250//2250 2266//2266 2265//2265
f 2251//2251 2267//2267 2261//2261
f 2254//2254 2256//2256 2264//2264
f 2248//2248 2263//2263 2259//2259
f 2267//2267 2268//2268 2261//2261
f 2251//2251 2269//2269 2267//2267
f 2255//2255 2269//2269 2251//2251
f 2261//2261 2268//2268 2256//2256
f 2255//2255 2270//2270 2269//2269
f 2250//2250 2259//2259 2266//2266
f 1358//1358 2270//2270 1361//1361
f 1361//1361 2270//2270 2255//2255
f 2256//2256 2272//2272 2264//2264
f 2257//2257 2278//2278 2258//2258
f 2257//2257 2264//2264 2271//2271
f 2259//2259 2273//2273 2266//2266
f 2257//2257 2271//2271 2278//2278
f 2258//2258 2278//2278 2260//2260
f 2256//2256 2274//2274 2272//2272
f 2268//2268 2274//2274 2256//2256
f 2259//2259 2275//2275 2273//2273
f 2267//2267 2279//2279 2268//2268
f 2253//2253 2265//2265 2262//2262
f 2259//2259 2263//2263 2275//2275
f 2264//2264 2276//2276 2271//2271
f 2260//2260 2278//2278 2263//2263
f 2268//2268 2279//2279 2274//2274
f 2272//2272 2276//2276 2264//2264
f 2267//2267 2269//2269 2279//2279
f 2266//2266 2277//2277 2265//2265
f 2266//2266 2273//2273 2277//2277
f 1358//1358 2281//2281 2270//2270
f 2270//2270 2281//2281 2269//2269
f 2277//2277 2262//2262 2265//2265
f 2269//2269 2281//2281 2279//2279
f 2262//2262 2088//2088 2087//2087
f 2271//2271 2282//2282 2278//2278
f 2279//2279 2280//2280 2274//2274
f 2263//2263 2283//2283 2275//2275
f 2271//2271 2276//2276 2282//2282
f 2278//2278 2283//2283 2263//2263
f 2272//2272 2284//2284 2276//2276
f 2279//2279 2281//2281 2285//2285
f 2285//2285 2280//2280 2279//2279
f 2278//2278 2286//2286 2283//2283
f 2275//2275 2287//2287 2273//2273
f 2262//2262 2288//2288 2088//2088
f 2274//2274 2289//2289 2272//2272
f 2272//2272 2289//2289 2284//2284
f 1374//1374 2281//2281 1358//1358
f 2278//2278 2282//2282 2286//2286
f 2280//2280 2289//2289 2274//2274
f 2275//2275 2283//2283 2287//2287
f 2281//2281 2290//2290 2285//2285
f 2276//2276 2291//2291 2282//2282
f 2273//2273 2295//2295 2277//2277
f 2285//2285 2290//2290 2292//2292
f 2273//2273 2287//2287 2295//2295
f 2276//2276 2293//2293 2291//2291
f 2284//2284 2293//2293 2276//2276
f 1374//1374 2290//2290 2281//2281
f 2262//2262 2296//2296 2288//2288
f 2285//2285 2292//2292 2294//2294
f 2283//2283 2298//2298 2287//2287
f 2285//2285 2294//2294 2280//2280
f 2280//2280 2294//2294 2289//2289
f 2295//2295 2296//2296 2277//2277
f 2277//2277 2296//2296 2262//2262
f 2284//2284 2297//2297 2293//2293
f 2287//2287 2298//2298 2295//2295
f 2283//2283 2300//2300 2298//2298
f 2289//2289 2297//2297 2284//2284
f 2286//2286 2300//2300 2283//2283
f 2289//2289 2301//2301 2297//2297
f 2088//2088 2288//2288 2089//2089
f 2286//2286 2302//2302 2300//2300
f 2289//2289 2299//2299 2301//2301
f 2282//2282 2302//2302 2286//2286
f 1374//1374 2292//2292 2290//2290
f 2294//2294 2303//2303 2289//2289
f 2289//2289 2303//2303 2299//2299
f 2298//2298 2304//2304 2295//2295
f 2282//2282 2305//2305 2302//2302
f 1387//1387 2292//2292 1374//1374
f 2291//2291 2305//2305 2282//2282
f 2294//2294 2306//2306 2303//2303
f 2292//2292 2306//2306 2294//2294
f 2304//2304 2307//2307 2295//2295
f 2291//2291 2308//2308 2305//2305
f 2293//2293 2308//2308 2291//2291
f 2295//2295 2307//2307 2296//2296
f 2297//2297 2309//2309 2293//2293
f 2293//2293 2309//2309 2308//2308
f 2300//2300 2310//2310 2298//2298
f 2298//2298 2310//2310 2304//2304
f 2302//2302 2311//2311 2300//2300
f 1387//1387 2306//2306 2292//2292
f 2299//2299 2312//2312 2301//2301
f 2300//2300 2311//2311 2310//2310
f 2306//2306 2313//2313 2303//2303
f 2297//2297 2314//2314 2309//2309
f 2301//2301 2314//2314 2297//2297
f 2288//2288 2315//2315 2089//2089
f 2308//2308 2318//2318 2305//2305
f 2299//2299 2303//2303 2312//2312
f 2312//2312 2314//2314 2301//2301
f 2302//2302 2316//2316 2311//2311
f 1392//1392 2306//2306 1387//1387
f 2315//2315 2317//2317 2089//2089
f 2288//2288 2296//2296 2315//2315
f 2309//2309 2318//2318 2308//2308
f 2305//2305 2316//2316 2302//2302
f 2303//2303 2320//2320 2312//2312
f 2089//2089 2317//2317 2090//2090
f 2303//2303 2313//2313 2320//2320
f 2318//2318 2319//2319 2305//2305
f 2296//2296 2307//2307 2321//2321
f 2306//2306 1392//1392 2313//2313
f 2319//2319 2322//2322 2305//2305
f 2305//2305 2322//2322 2316//2316
f 2312//2312 2323//2323 2314//2314
f 2311//2311 2324//2324 2310//2310
f 2314//2314 2325//2325 2309//2309
f 2312//2312 2320//2320 2323//2323
f 2311//2311 2326//2326 2324//2324
f 2316//2316 2326//2326 2311//2311
f 2314//2314 2323//2323 2325//2325
f 2309//2309 2328//2328 2318//2318
f 2318//2318 2328//2328 2319//2319
f 2304//2304 2329//2329 2307//2307
f 2309//2309 2325//2325 2328//2328
f 2296//2296 2321//2321 2315//2315
f 2313//2313 2330//2330 2320//2320
f 2316//2316 2322//2322 2326//2326
f 2304//2304 2331//2331 2327//2327
f 2324//2324 2331//2331 2310//2310
f 2310//2310 2331//2331 2304//2304
f 2329//2329 2321//2321 2307//2307
f 1392//1392 2330//2330 2313//2313
f 2304//2304 2327//2327 2329//2329
f 2330//2330 2323//2323 2320//2320
f 2325//2325 2332//2332 2328//2328
f 2323//2323 2333//2333 2325//2325
f 2321//2321 2334//2334 2315//2315
f 2322//2322 2335//2335 2326//2326
f 2324//2324 2326//2326 2331//2331
f 1398//1398 2330//2330 1392//1392
f 2317//2317 2337//2337 2090//2090
f 2319//2319 2335//2335 2322//2322
f 2325//2325 2338//2338 2332//2332
f 2328//2328 2336//2336 2319//2319
f 2333//2333 2338//2338 2325//2325
f 2328//2328 2339//2339 2336//2336
f 2319//2319 2336//2336 2335//2335
f 2326//2326 2340//2340 2331//2331
f 2332//2332 2339//2339 2328//2328
f 2323//2323 2330//2330 2333//2333
f 2315//2315 2345//2345 2317//2317
f 2331//2331 2348//2348 2327//2327
f 2336//2336 2342//2342 2335//2335
f 2329//2329 2343//2343 2321//2321
f 2321//2321 2343//2343 2334//2334
f 2331//2331 2340//2340 2341//2341
f 1398//1398 2344//2344 2330//2330
f 2332//2332 2338//2338 2339//2339
f 2315//2315 2334//2334 2345//2345
f 2331//2331 2341//2341 2348//2348
f 2317//2317 2345//2345 2337//2337
f 2330//2330 2344//2344 2333//2333
f 2327//2327 2346//2346 2329//2329
f 2329//2329 2346//2346 2343//2343
f 2326//2326 2335//2335 2340//2340
f 2339//2339 2347//2347 2336//2336
f 1403//1403 2344//2344 1398//1398
f 2327//2327 2348//2348 2346//2346
f 2335//2335 2349//2349 2340//2340
f 2338//2338 2347//2347 2339//2339
f 2342//2342 2349//2349 2335//2335
f 2338//2338 2350//2350 2347//2347
f 2336//2336 2351//2351 2342//2342
f 2340//2340 2352//2352 2341//2341
f 2336//2336 2347//2347 2351//2351
f 2333//2333 2353//2353 2338//2338
f 2338//2338 2353//2353 2350//2350
f 2344//2344 2353//2353 2333//2333
f 2343//2343 2355//2355 2334//2334
f 2334//2334 2355//2355 2345//2345
f 2349//2349 2352//2352 2340//2340
f 1403//1403 2353//2353 2344//2344
f 2349//2349 2356//2356 2352//2352
f 2347//2347 2354//2354 2351//2351
f 2348//2348 2357//2357 2346//2346
f 1407//1407 2353//2353 1403//1403
f 2347//2347 2359//2359 2354//2354
f 2355//2355 2358//2358 2345//2345
f 2341//2341 2357//2357 2348//2348
f 2342//2342 2363//2363 2349//2349
f 2353//2353 2360//2360 2350//2350
f 2350//2350 2359//2359 2347//2347
f 2341//2341 2361//2361 2357//2357
f 2346//2346 2362//2362 2343//2343
f 2349//2349 2363//2363 2356//2356
f 2352//2352 2361//2361 2341//2341
f 2345//2345 2091//2091 2337//2337
f 2351//2351 2364//2364 2342//2342
f 2342//2342 2364//2364 2363//2363
f 2354//2354 2366//2366 2351//2351
f 2350//2350 2365//2365 2359//2359
f 2354//2354 2359//2359 2366//2366
f 2350//2350 2360//2360 2365//2365
f 2343//2343 2368//2368 2355//2355
f 2351//2351 2366//2366 2364//2364
f 2346//2346 2357//2357 2362//2362
f 2343//2343 2362//2362 2368//2368
f 2363//2363 2367//2367 2356//2356
f 2353//2353 1407//1407 2360//2360
f 2359//2359 2369//2369 2366//2366
f 2352//2352 2370//2370 2361//2361
f 2345//2345 2371//2371 2091//2091
f 2358//2358 2371//2371 2345//2345
f 2363//2363 2364//2364 2367//2367
f 2360//2360 2372//2372 2365//2365
f 2362//2362 2373//2373 2368//2368
f 2359//2359 2365//2365 2369//2369
f 2360//2360 1407//1407 2372//2372
f 2356//2356 2375//2375 2352//2352
f 2352//2352 2375//2375 2370//2370
f 2361//2361 2374//2374 2357//2357
f 2366//2366 2376//2376 2364//2364
f 2355//2355 2378//2378 2358//2358
f 2356//2356 2367//2367 2375//2375
f 2365//2365 2377//2377 2369//2369
f 2355//2355 2368//2368 2378//2378
f 2361//2361 2370//2370 2374//2374
f 2364//2364 2380//2380 2367//2367
f 2091//2091 2371//2371 2069//2069
f 2366//2366 2369//2369 2376//2376
f 2373//2373 2378//2378 2368//2368
f 2364//2364 2376//2376 2380//2380
f 2362//2362 2379//2379 2373//2373
f 2374//2374 2379//2379 2357//2357
f 2357//2357 2379//2379 2362//2362
f 1409//1409 2372//2372 1407//1407
f 2372//2372 2381//2381 2365//2365
f 2365//2365 2381//2381 2377//2377
f 2367//2367 2382//2382 2375//2375
f 2369//2369 2383//2383 2376//2376
f 2374//2374 2384//2384 2379//2379
f 2380//2380 2382//2382 2367//2367
f 2370//2370 2385//2385 2374//2374
f 2375//2375 2385//2385 2370//2370
f 2369//2369 2377//2377 2383//2383
f 2380//2380 2386//2386 2382//2382
f 2358//2358 2387//2387 2371//2371
f 1409//1409 2381//2381 2372//2372
f 2382//2382 2385//2385 2375//2375
f 2377//2377 2381//2381 2383//2383
f 2376//2376 2388//2388 2380//2380
f 2378//2378 2389//2389 2358//2358
f 2376//2376 2383//2383 2388//2388
f 2389//2389 2387//2387 2358//2358
f 2378//2378 2390//2390 2389//2389
f 2385//2385 2391//2391 2374//2374
f 2380//2380 2388//2388 2386//2386
f 2379//2379 2392//2392 2373//2373
f 2373//2373 2390//2390 2378//2378
f 2374//2374 2391//2391 2384//2384
f 1413//1413 2381//2381 1409//1409
f 2373//2373 2392//2392 2390//2390
f 2383//2383 2393//2393 2388//2388
f 2379//2379 2384//2384 2392//2392
f 2386//2386 2394//2394 2382//2382
f 2382//2382 2396//2396 2385//2385
f 2381//2381 2398//2398 2383//2383
f 2371//2371 2387//2387 2395//2395
f 2382//2382 2397//2397 2396//2396
f 1413//1413 2398//2398 2381//2381
f 2385//2385 2396//2396 2391//2391
f 2382//2382 2394//2394 2397//2397
f 2383//2383 2398//2398 2393//2393
f 2388//2388 2399//2399 2386//2386
f 2384//2384 2391//2391 2400//2400
f 2388//2388 2393//2393 2399//2399
f 2384//2384 2401//2401 2392//2392
f 2386//2386 2399//2399 2394//2394
f 2384//2384 2400//2400 2401//2401
f 1415//1415 2398//2398 1413//1413
f 2371//2371 2395//2395 2069//2069
f 2391//2391 2396//2396 2404//2404
f 2398//2398 2402//2402 2393//2393
f 2390//2390 2403//2403 2389//2389
f 2391//2391 2404//2404 2400//2400
f 2398//2398 2406//2406 2402//2402
f 2387//2387 2407//2407 2395//2395
f 2392//2392 2409//2409 2390//2390
f 2405//2405 2404//2404 2396//2396
f 2393//2393 2410//2410 2399//2399
f 2396//2396 2397//2397 2405//2405
f 2399//2399 2408//2408 2394//2394
f 2392//2392 2401//2401 2409//2409
f 2389//2389 2413//2413 2387//2387
f 2400//2400 2411//2411 2401//2401
f 2409//2409 2403//2403 2390//2390
f 2393//2393 2402//2402 2410//2410
f 2394//2394 2408//2408 2397//2397
f 1415//1415 2406//2406 2398//2398
f 2410//2410 2416//2416 2399//2399
f 2387//2387 2413//2413 2407//2407
f 2397//2397 2414//2414 2405//2405
f 2389//2389 2403//2403 2413//2413
f 2400//2400 2404//2404 2411//2411
f 2412//2412 2409//2409 2401//2401
f 2401//2401 2411//2411 2412//2412
f 2406//2406 2415//2415 2402//2402
f 2399//2399 2416//2416 2408//2408
f 2397//2397 2408//2408 2414//2414
f 2404//2404 2417//2417 2411//2411
f 2405//2405 2418//2418 2404//2404
f 2410//2410 2419//2419 2416//2416
f 2402//2402 2415//2415 2419//2419
f 2414//2414 2418//2418 2405//2405
f 2402//2402 2419//2419 2410//2410
f 1420//1420 2415//2415 1415//1415
f 1415//1415 2415//2415 2406//2406
f 2403//2403 2420//2420 2413//2413
f 2416//2416 2421//2421 2408//2408
f 2408//2408 2423//2423 2414//2414
f 2403//2403 2409//2409 2420//2420
f 2404//2404 2418//2418 2417//2417
f 2407//2407 2413//2413 2422//2422
f 2421//2421 2423//2423 2408//2408
f 2411//2411 2424//2424 2412//2412
f 2415//2415 2427//2427 2419//2419
f 2414//2414 2425//2425 2418//2418
f 2417//2417 2424//2424 2411//2411
f 2409//2409 2426//2426 2420//2420
f 2417//2417 2428//2428 2424//2424
f 2412//2412 2426//2426 2409//2409
f 2416//2416 2429//2429 2421//2421
f 2413//2413 2430//2430 2422//2422
f 2427//2427 2429//2429 2419//2419
f 2419//2419 2429//2429 2416//2416
f 2414//2414 2423//2423 2425//2425
f 1420//1420 2427//2427 2415//2415
f 2418//2418 2431//2431 2417//2417
f 2412//2412 2432//2432 2426//2426
f 2395//2395 2407//2407 2068//2068
f 2425//2425 2431//2431 2418//2418
f 2412//2412 2424//2424 2432//2432
f 2425//2425 2433//2433 2431//2431
f 1429//1429 2427//2427 1420//1420
f 2417//2417 2431//2431 2428//2428
f 2425//2425 2434//2434 2433//2433
f 2427//2427 2435//2435 2429//2429
f 2413//2413 2420//2420 2430//2430
f 2432//2432 2436//2436 2426//2426
f 2423//2423 2434//2434 2425//2425
f 2407//2407 2437//2437 2068//2068
f 2427//2427 2438//2438 2435//2435
f 2423//2423 2439//2439 2434//2434
f 2421//2421 2439//2439 2423//2423
f 2407//2407 2422//2422 2437//2437
f 2428//2428 2440//2440 2424//2424
f 2424//2424 2440//2440 2432//2432
f 2427//2427 1429//1429 2438//2438
f 2426//2426 2441//2441 2420//2420
f 2420//2420 2441//2441 2430//2430
f 2426//2426 2436//2436 2441//2441
f 2421//2421 2442//2442 2439//2439
f 2429//2429 2442//2442 2421//2421
f 2429//2429 2435//2435 2442//2442
f 1434//1434 2438//2438 1429//1429
f 2431//2431 2443//2443 2428//2428
f 2432//2432 2444//2444 2436//2436
f 2433//2433 2443//2443 2431//2431
f 2422//2422 2430//2430 2445//2445
f 2440//2440 2444//2444 2432//2432
f 2443//2443 2440//2440 2428//2428
f 2422//2422 2445//2445 2437//2437
f 2433//2433 2446//2446 2443//2443
f 2436//2436 2448//2448 2441//2441
f 2435//2435 2438//2438 2442//2442
f 2439//2439 2449//2449 2434//2434
f 2444//2444 2448//2448 2436//2436
f 2440//2440 2447//2447 2444//2444
f 2434//2434 2449//2449 2433//2433
f 2068//2068 2437//2437 2067//2067
f 2441//2441 2450//2450 2430//2430
f 2442//2442 2451//2451 2439//2439
f 2438//2438 2452//2452 2442//2442
f 2433//2433 2449//2449 2446//2446
f 1434//1434 2452//2452 2438//2438
f 2440//2440 2443//2443 2447//2447
f 2439//2439 2451//2451 2449//2449
f 2441//2441 2448//2448 2450//2450
f 2430//2430 2454//2454 2445//2445
f 2452//2452 2453//2453 2442//2442
f 2451//2451 2455//2455 2449//2449
f 2449//2449 2456//2456 2446//2446
f 2443//2443 2457//2457 2447//2447
f 2444//2444 2458//2458 2448//2448
f 2442//2442 2453//2453 2451//2451
f 2430//2430 2450//2450 2454//2454
f 2446//2446 2457//2457 2443//2443
f 2446//2446 2459//2459 2457//2457
f 2447//2447 2461//2461 2444//2444
f 2446//2446 2456//2456 2459//2459
f 2447//2447 2457//2457 2461//2461
f 2450//2450 2448//2448 2460//2460
f 2451//2451 2463//2463 2455//2455
f 2461//2461 2458//2458 2444//2444
f 2449//2449 2455//2455 2456//2456
f 2437//2437 2464//2464 2462//2462
f 2445//2445 2464//2464 2437//2437
f 1438//1438 2452//2452 1434//1434
f 2451//2451 2453//2453 2463//2463
f 2450//2450 2473//2473 2454//2454
f 2460//2460 2473//2473 2450//2450
f 2448//2448 2465//2465 2460//2460
f 2445//2445 2454//2454 2464//2464
f 2455//2455 2466//2466 2456//2456
f 2461//2461 2467//2467 2458//2458
f 1438//1438 2468//2468 2452//2452
f 2452//2452 2468//2468 2453//2453
f 2437//2437 2462//2462 2067//2067
f 2448//2448 2458//2458 2465//2465
f 2463//2463 2469//2469 2455//2455
f 2455//2455 2469//2469 2466//2466
f 2453//2453 2468//2468 2463//2463
f 2461//2461 2470//2470 2467//2467
f 2457//2457 2470//2470 2461//2461
f 2468//2468 2471//2471 2463//2463
f 2462//2462 2066//2066 2067//2067
f 2454//2454 2473//2473 2464//2464
f 2456//2456 2477//2477 2459//2459
f 2458//2458 2475//2475 2465//2465
f 2459//2459 2472//2472 2457//2457
f 2456//2456 2476//2476 2477//2477
f 2466//2466 2476//2476 2456//2456
f 2460//2460 2465//2465 2474//2474
f 2469//2469 2479//2479 2466//2466
f 2459//2459 2477//2477 2472//2472
f 2463//2463 2471//2471 2469//2469
f 2460//2460 2474//2474 2473//2473
f 2462//2462 2464//2464 2482//2482
f 2457//2457 2472//2472 2470//2470
f 2467//2467 2478//2478 2458//2458
f 1438//1438 2471//2471 2468//2468
f 2466//2466 2479//2479 2476//2476
f 2467//2467 2480//2480 2478//2478
f 2470//2470 2480//2480 2467//2467
f 2469//2469 2481//2481 2479//2479
f 2458//2458 2478//2478 2475//2475
f 1443//1443 2471//2471 1438//1438
f 2462//2462 2482//2482 2066//2066
f 2470//2470 2472//2472 2480//2480
f 2473//2473 2483//2483 2464//2464
f 2477//2477 2484//2484 2472//2472
f 2469//2469 2471//2471 2481//2481
f 2464//2464 2485//2485 2482//2482
f 2479//2479 2487//2487 2476//2476
f 2465//2465 2475//2475 2486//2486
f 2486//2486 2488//2488 2465//2465
f 2465//2465 2488//2488 2474//2474
f 2474//2474 2488//2488 2473//2473
f 2477//2477 2489//2489 2484//2484
f 2483//2483 2485//2485 2464//2464
f 2473//2473 2490//2490 2483//2483
f 2472//2472 2491//2491 2480//2480
f 2473//2473 2488//2488 2490//2490
f 2476//2476 2492//2492 2477//2477
f 2487//2487 2492//2492 2476//2476
f 2477//2477 2492//2492 2489//2489
f 2484//2484 2491//2491 2472//2472
f 2481//2481 2487//2487 2479//2479
f 2478//2478 2493//2493 2475//2475
f 1443//1443 2481//2481 2471//2471
f 2478//2478 2494//2494 2493//2493
f 2475//2475 2493//2493 2486//2486
f 2480//2480 2494//2494 2478//2478
f 1449//1449 2481//2481 1443//1443
f 2480//2480 2495//2495 2494//2494
f 2481//2481 2496//2496 2487//2487
f 2486//2486 2497//2497 2488//2488
f 2480//2480 2491//2491 2495//2495
f 2489//2489 2498//2498 2484//2484
f 2489//2489 2499//2499 2498//2498
f 2481//2481 1449//1449 2496//2496
f 2484//2484 2498//2498 2491//2491
f 2483//2483 2500//2500 2485//2485
f 2493//2493 2502//2502 2486//2486
f 2482//2482 2065//2065 2066//2066
f 2492//2492 2499//2499 2489//2489
f 2482//2482 2485//2485 2065//2065
f 2493//2493 2501//2501 2502//2502
f 2486//2486 2502//2502 2497//2497
f 2496//2496 2503//2503 2487//2487
f 2493//2493 2494//2494 2501//2501
f 2488//2488 2497//2497 2490//2490
f 2496//2496 2504//2504 2503//2503
f 2487//2487 2503//2503 2492//2492
f 1449//1449 2504//2504 2496//2496
f 2495//2495 2505//2505 2494//2494
f 2492//2492 2506//2506 2499//2499
f 2500//2500 2507//2507 2485//2485
f 2491//2491 2498//2498 2495//2495
f 2483//2483 2490//2490 2500//2500
f 2485//2485 2507//2507 2065//2065
f 2492//2492 2503//2503 2506//2506
f 2501//2501 2508//2508 2502//2502
f 2494//2494 2505//2505 2501//2501
f 2498//2498 2509//2509 2495//2495
f 2490//2490 2510//2510 2500//2500
f 2499//2499 2511//2511 2498//2498
f 2495//2495 2509//2509 2505//2505
f 2499//2499 2506//2506 2511//2511
f 2497//2497 2513//2513 2512//2512
f 2502//2502 2513//2513 2497//2497
f 2497//2497 2512//2512 2490//2490
f 2502//2502 2508//2508 2513//2513
f 2503//2503 2514//2514 2506//2506
f 2498//2498 2515//2515 2509//2509
f 1454//1454 2504//2504 1449//1449
f 2506//2506 2514//2514 2511//2511
f 2503//2503 2516//2516 2514//2514
f 2511//2511 2515//2515 2498//2498
f 2490//2490 2512//2512 2510//2510
f 2504//2504 2516//2516 2503//2503
f 2509//2509 2517//2517 2505//2505
f 2509//2509 2515//2515 2518//2518
f 2504//2504 1454//1454 2516//2516
f 2505//2505 2517//2517 2501//2501
f 2509//2509 2518//2518 2517//2517
f 2501//2501 2519//2519 2508//2508
f 2508//2508 2520//2520 2513//2513
f 2065//2065 2521//2521 2064//2064
f 2501//2501 2517//2517 2519//2519
f 2065//2065 2522//2522 2521//2521
f 2514//2514 2523//2523 2511//2511
f 2508//2508 2519//2519 2520//2520
f 2507//2507 2522//2522 2065//2065
f 2516//2516 2523//2523 2514//2514
f 2507//2507 2524//2524 2522//2522
f 2518//2518 2525//2525 2517//2517
f 2511//2511 2523//2523 2527//2527
f 2500//2500 2524//2524 2507//2507
f 2511//2511 2527//2527 2515//2515
f 2515//2515 2528//2528 2518//2518
f 2518//2518 2528//2528 2525//2525
f 2516//2516 1454//1454 2526//2526
f 2526//2526 2523//2523 2516//2516
f 2510//2510 2529//2529 2500//2500
f 2500//2500 2529//2529 2524//2524
f 2515//2515 2527//2527 2528//2528
f 1460//1460 2526//2526 1454//1454
f 2517//2517 2525//2525 2519//2519
f 2510//2510 2530//2530 2529//2529
f 2512//2512 2530//2530 2510//2510
f 2526//2526 2532//2532 2523//2523
f 2527//2527 2531//2531 2528//2528
f 2513//2513 2530//2530 2512//2512
f 2532//2532 2533//2533 2523//2523
f 2523//2523 2533//2533 2527//2527
f 2513//2513 2534//2534 2530//2530
f 2520//2520 2534//2534 2513//2513
f 1460//1460 2532//2532 2526//2526
f 2519//2519 2534//2534 2520//2520
f 2527//2527 2533//2533 2531//2531
f 2519//2519 2535//2535 2534//2534
f 2529//2529 2536//2536 2524//2524
f 2525//2525 2535//2535 2519//2519
f 1460//1460 543//543 2532//2532
f 2532//2532 543//543 2533//2533
f 2525//2525 2537//2537 2535//2535
f 2530//2530 2536//2536 2529//2529
f 2530//2530 2538//2538 2536//2536
f 2528//2528 2537//2537 2525//2525
f 2531//2531 2537//2537 2528//2528
f 2534//2534 2538//2538 2530//2530
f 2531//2531 2539//2539 2537//2537
f 2522//2522 2540//2540 2521//2521
f 2534//2534 2541//2541 2538//2538
f 2524//2524 2540//2540 2522//2522
f 2524//2524 2542//2542 2540//2540
f 2533//2533 2543//2543 2531//2531
f 2531//2531 2543//2543 2539//2539
f 543//543 2543//2543 2533//2533
f 2535//2535 2541//2541 2534//2534
f 2536//2536 2542//2542 2524//2524
f 543//543 542//542 2543//2543
f 2535//2535 2544//2544 2541//2541
f 2537//2537 2544//2544 2535//2535
f 2536//2536 2545//2545 2542//2542
f 2538//2538 2545//2545 2536//2536
f 2064//2064 2546//2546 2063//2063
f 2521//2521 2546//2546 2064//2064
f 2538//2538 2547//2547 2545//2545
f 2539//2539 2544//2544 2537//2537
f 2521//2521 2540//2540 2546//2546
f 2539//2539 2548//2548 2544//2544
f 2538//2538 2549//2549 2547//2547
f 2541//2541 2549//2549 2538//2538
f 2542//2542 2550//2550 2540//2540
f 2543//2543 2548//2548 2539//2539
f 2543//2543 545//545 2548//2548
f 542//542 545//545 2543//2543
f 2545//2545 2550//2550 2542//2542
f 2544//2544 2549//2549 2541//2541
f 2545//2545 2551//2551 2550//2550
f 2544//2544 2552//2552 2549//2549
f 2547//2547 2551//2551 2545//2545
f 2547//2547 2553//2553 2551//2551
f 2540//2540 2554//2554 2546//2546
f 2548//2548 2552//2552 2544//2544
f 2548//2548 2555//2555 2552//2552
f 2549//2549 2553//2553 2547//2547
f 2540//2540 2556//2556 2554//2554
f 2550//2550 2556//2556 2540//2540
f 545//545 2555//2555 2548//2548
f 2549//2549 2557//2557 2553//2553
f 2550//2550 2558//2558 2556//2556
f 545//545 548//548 2555//2555
f 2552//2552 2557//2557 2549//2549
f 2551//2551 2558//2558 2550//2550
f 2552//2552 2559//2559 2557//2557
f 2553//2553 2558//2558 2551//2551
f 2546//2546 2554//2554 2063//2063
f 2553//2553 2560//2560 2558//2558
f 2552//2552 2561//2561 2559//2559
f 2555//2555 2561//2561 2552//2552
f 2553//2553 2562//2562 2560//2560
f 2557//2557 2562//2562 2553//2553
f 2555//2555 549//549 2561//2561
f 548//548 549//549 2555//2555
f 2558//2558 2563//2563 2556//2556
f 2559//2559 2562//2562 2557//2557
f 2558//2558 2564//2564 2563//2563
f 2559//2559 2566//2566 2562//2562
f 2554//2554 2565//2565 2063//2063
f 2560//2560 2564//2564 2558//2558
f 2554//2554 2567//2567 2565//2565
f 2561//2561 2566//2566 2559//2559
f 2560//2560 2568//2568 2564//2564
f 2556//2556 2569//2569 2554//2554
f 2554//2554 2569//2569 2567//2567
f 2561//2561 2570//2570 2566//2566
f 2560//2560 2571//2571 2568//2568
f 2563//2563 2569//2569 2556//2556
f 549//549 2570//2570 2561//2561
f 2562//2562 2571//2571 2560//2560
f 549//549 552//552 2570//2570
f 2563//2563 2572//2572 2569//2569
f 2564//2564 2572//2572 2563//2563
f 2562//2562 2573//2573 2571//2571
f 2564//2564 2574//2574 2572//2572
f 2063//2063 2565//2565 2062//2062
f 2566//2566 2573//2573 2562//2562
f 2568//2568 2575//2575 2564//2564
f 2564//2564 2575//2575 2574//2574
f 2566//2566 2576//2576 2573//2573
f 2571//2571 2575//2575 2568//2568
f 2570//2570 2576//2576 2566//2566
f 2569//2569 2577//2577 2567//2567
f 2571//2571 2578//2578 2575//2575
f 2572//2572 2577//2577 2569//2569
f 552//552 2576//2576 2570//2570
f 552//552 553//553 2576//2576
f 2573//2573 2578//2578 2571//2571
f 2572//2572 2579//2579 2577//2577
f 2574//2574 2579//2579 2572//2572
f 2573//2573 2580//2580 2578//2578
f 2565//2565 2581//2581 2062//2062
f 2567//2567 2581//2581 2565//2565
f 2574//2574 2582//2582 2579//2579
f 2575//2575 2582//2582 2574//2574
f 2567//2567 2583//2583 2581//2581
f 2576//2576 2584//2584 2573//2573
f 2573//2573 2584//2584 2580//2580
f 2575//2575 2585//2585 2582//2582
f 2577//2577 2583//2583 2567//2567
f 2578//2578 2585//2585 2575//2575
f 553//553 2584//2584 2576//2576
f 2577//2577 2586//2586 2583//2583
f 553//553 556//556 2584//2584
f 2578//2578 2587//2587 2585//2585
f 2579//2579 2586//2586 2577//2577
f 2580//2580 2587//2587 2578//2578
f 2582//2582 2589//2589 2579//2579
f 2579//2579 2589//2589 2586//2586
f 2581//2581 2588//2588 2062//2062
f 2580//2580 2590//2590 2587//2587
f 2584//2584 2590//2590 2580//2580
f 2585//2585 2589//2589 2582//2582
f 2583//2583 2591//2591 2581//2581
f 2585//2585 2592//2592 2589//2589
f 2586//2586 2593//2593 2583//2583
f 2583//2583 2593//2593 2591//2591
f 556//556 557//557 2584//2584
f 2584//2584 557//557 2590//2590
f 2587//2587 2592//2592 2585//2585
f 2587//2587 2594//2594 2592//2592
f 2588//2588 2060//2060 2062//2062
f 2590//2590 2594//2594 2587//2587
f 2589//2589 2595//2595 2586//2586
f 2586//2586 2595//2595 2593//2593
f 2590//2590 2596//2596 2594//2594
f 2581//2581 2591//2591 2588//2588
f 2589//2589 2597//2597 2595//2595
f 2590//2590 2599//2599 2596//2596
f 2592//2592 2597//2597 2589//2589
f 2593//2593 2598//2598 2591//2591
f 557//557 2599//2599 2590//2590
f 2592//2592 2600//2600 2597//2597
f 2594//2594 2600//2600 2592//2592
f 2593//2593 2601//2601 2598//2598
f 2594//2594 2602//2602 2600//2600
f 2595//2595 2601//2601 2593//2593
f 2596//2596 2602//2602 2594//2594
f 2588//2588 2603//2603 2060//2060
f 2591//2591 2603//2603 2588//2588
f 2596//2596 2604//2604 2602//2602
f 2595//2595 2605//2605 2601//2601
f 2597//2597 2605//2605 2595//2595
f 2591//2591 2606//2606 2603//2603
f 2598//2598 2606//2606 2591//2591
f 2599//2599 2604//2604 2596//2596
f 2600//2600 2605//2605 2597//2597
f 2598//2598 2607//2607 2606//2606
f 2599//2599 560//560 2604//2604
f 2600//2600 2608//2608 2605//2605
f 2601//2601 2607//2607 2598//2598
f 2601//2601 2609//2609 2607//2607
f 2602//2602 2608//2608 2600//2600
f 2602//2602 2611//2611 2608//2608
f 2601//2601 2612//2612 2609//2609
f 2603//2603 2610//2610 2060//2060
f 2604//2604 2611//2611 2602//2602
f 2605//2605 2612//2612 2601//2601
f 2606//2606 2613//2613 2603//2603
f 2604//2604 2614//2614 2611//2611
f 2605//2605 2615//2615 2612//2612
f 2607//2607 2613//2613 2606//2606
f 2608//2608 2615//2615 2605//2605
f 560//560 2614//2614 2604//2604
f 2609//2609 2616//2616 2607//2607
f 2607//2607 2616//2616 2613//2613
f 2608//2608 2617//2617 2615//2615
f 2610//2610 2059//2059 2060//2060
f 2611//2611 2617//2617 2608//2608
f 2612//2612 2618//2618 2609//2609
f 2609//2609 2618//2618 2616//2616
f 2610//2610 2619//2619 2059//2059
f 2603//2603 2619//2619 2610//2610
f 2611//2611 2620//2620 2617//2617
f 2603//2603 2621//2621 2619//2619
f 2614//2614 2620//2620 2611//2611
f 2612//2612 2622//2622 2618//2618
f 2613//2613 2621//2621 2603//2603
f 2615//2615 2622//2622 2612//2612
f 2613//2613 2623//2623 2621//2621
f 2614//2614 565//565 2620//2620
f 2616//2616 2623//2623 2613//2613
f 2617//2617 2624//2624 2615//2615
f 2615//2615 2624//2624 2622//2622
f 2616//2616 2625//2625 2623//2623
f 2618//2618 2625//2625 2616//2616
f 2617//2617 2626//2626 2624//2624
f 2620//2620 2626//2626 2617//2617
f 2618//2618 2627//2627 2625//2625
f 2622//2622 2627//2627 2618//2618
f 2620//2620 2628//2628 2626//2626
f 2623//2623 2629//2629 2621//2621
f 565//565 2628//2628 2620//2620
f 2622//2622 2630//2630 2627//2627
f 2624//2624 2630//2630 2622//2622
f 2059//2059 2631//2631 2061//2061
f 2626//2626 2630//2630 2624//2624
f 2623//2623 2632//2632 2629//2629
f 2625//2625 2632//2632 2623//2623
f 2619//2619 2631//2631 2059//2059
f 2621//2621 2631//2631 2619//2619
f 2626//2626 2633//2633 2630//2630
f 2625//2625 2634//2634 2632//2632
f 2627//2627 2634//2634 2625//2625
f 2621//2621 2635//2635 2631//2631
f 2628//2628 2633//2633 2626//2626
f 2629//2629 2635//2635 2621//2621
f 2628//2628 568//568 2633//2633
f 2627//2627 2636//2636 2634//2634
f 2629//2629 2637//2637 2635//2635
f 2630//2630 2636//2636 2627//2627
f 2630//2630 2638//2638 2636//2636
f 2629//2629 2639//2639 2637//2637
f 2632//2632 2639//2639 2629//2629
f 2634//2634 2639//2639 2632//2632
f 2630//2630 2641//2641 2638//2638
f 2633//2633 2641//2641 2630//2630
f 2634//2634 2642//2642 2639//2639
f 2635//2635 2643//2643 2631//2631
f 2631//2631 2643//2643 2640//2640
f 568//568 2641//2641 2633//2633
f 2636//2636 2642//2642 2634//2634
f 2635//2635 2644//2644 2643//2643
f 568//568 569//569 2641//2641
f 2636//2636 2645//2645 2642//2642
f 2637//2637 2644//2644 2635//2635
f 2638//2638 2645//2645 2636//2636
f 2637//2637 2646//2646 2644//2644
f 2639//2639 2646//2646 2637//2637
f 2631//2631 2647//2647 2061//2061
f 2640//2640 2647//2647 2631//2631
f 2638//2638 2648//2648 2645//2645
f 2642//2642 2646//2646 2639//2639
f 2641//2641 2648//2648 2638//2638
f 2642//2642 2649//2649 2646//2646
f 2641//2641 2650//2650 2648//2648
f 2642//2642 2651//2651 2649//2649
f 2644//2644 2652//2652 2643//2643
f 569//569 2650//2650 2641//2641
f 2645//2645 2651//2651 2642//2642
f 2644//2644 2653//2653 2652//2652
f 2645//2645 2654//2654 2651//2651
f 2646//2646 2653//2653 2644//2644
f 2648//2648 2654//2654 2645//2645
f 2646//2646 2655//2655 2653//2653
f 2640//2640 2656//2656 2647//2647
f 2648//2648 2657//2657 2654//2654
f 2643//2643 2656//2656 2640//2640
f 2649//2649 2655//2655 2646//2646
f 2650//2650 2657//2657 2648//2648
f 2649//2649 2658//2658 2655//2655
f 2652//2652 2659//2659 2643//2643
f 2643//2643 2659//2659 2656//2656
f 2650//2650 2660//2660 2657//2657
f 2651//2651 2658//2658 2649//2649
f 2651//2651 2661//2661 2658//2658
f 2653//2653 2659//2659 2652//2652
f 2061//2061 4//4 2//2
f 2647//2647 4//4 2061//2061
f 2654//2654 2661//2661 2651//2651
f 2653//2653 2662//2662 2659//2659
f 2655//2655 2662//2662 2653//2653
f 2656//2656 4//4 2647//2647
f 2657//2657 2661//2661 2654//2654
f 2655//2655 2663//2663 2662//2662
f 4//4 2664//2664 6//6
f 2656//2656 2664//2664 4//4
f 2657//2657 2665//2665 2661//2661
f 2658//2658 2663//2663 2655//2655
f 2664//2664 2666//2666 6//6
f 2656//2656 2666//2666 2664//2664
f 2659//2659 2666//2666 2656//2656
f 2657//2657 2667//2667 2665//2665
f 2660//2660 2667//2667 2657//2657
f 6//6 2666//2666 7//7
f 2658//2658 2668//2668 2663//2663
f 2661//2661 2668//2668 2658//2658
f 7//7 2666//2666 9//9
f 2662//2662 2666//2666 2659//2659
f 2666//2666 2669//2669 9//9
f 2662//2662 2669//2669 2666//2666
f 2661//2661 2670//2670 2668//2668
f 2663//2663 2669//2669 2662//2662
f 9//9 2669//2669 13//13
f 2665//2665 2670//2670 2661//2661
f 2663//2663 2671//2671 2669//2669
f 2669//2669 2671//2671 13//13
f 2665//2665 2672//2672 2670//2670
f 2667//2667 2672//2672 2665//2665
f 2667//2667 2673//2673 2672//2672
f 2671//2671 2674//2674 13//13
f 13//13 2674//2674 16//16
f 2668//2668 2674//2674 2663//2663
f 2663//2663 2674//2674 2671//2671
f 2668//2668 2675//2675 2674//2674
f 2674//2674 2675//2675 16//16
f 2670//2670 2675//2675 2668//2668
f 16//16 2675//2675 19//19
f 2670//2670 2676//2676 2675//2675
f 2675//2675 2676//2676 19//19
f 2672//2672 2676//2676 2670//2670
f 19//19 2676//2676 1//1
f 2673//2673 2677//2677 2672//2672
f 2672//2672 2677//2677 2676//2676
f 2676//2676 2677//2677 1//1

