v -0.03410000 1.32967700 0.16669500
v -0.03410000 1.32967700 0.16669500
v -0.03310000 1.32904900 0.16767100
v -0.03310000 1.32904900 0.16767100
v -0.03310000 1.33042000 0.16770500
v -0.03310000 1.33042000 0.16770500
v -0.03410000 1.33042100 0.16670500
v -0.03410000 1.33042100 0.16670500
v -0.03410000 1.32893500 0.16666400
v -0.03410000 1.32893500 0.16666400
v -0.03410000 1.32813000 0.16660800
v -0.03410000 1.32813000 0.16660800
v -0.03310000 1.32768200 0.16757200
v -0.03310000 1.32768200 0.16757200
v -0.03410000 1.32732600 0.16652900
v -0.03410000 1.32732600 0.16652900
v -0.03310000 1.32632000 0.16740700
v -0.03310000 1.32632000 0.16740700
v -0.03410000 1.32652200 0.16642600
v -0.03410000 1.32652200 0.16642600
v -0.03410000 1.32572200 0.16630000
v -0.03410000 1.32572200 0.16630000
v -0.03310000 1.32496900 0.16717800
v -0.03310000 1.32496900 0.16717800
v -0.03410000 1.32492500 0.16615000
v -0.03410000 1.32492500 0.16615000
v -0.03410000 1.32412800 0.16597600
v -0.03410000 1.32412800 0.16597600
v -0.03310000 1.32362900 0.16688500
v -0.03310000 1.32362900 0.16688500
v -0.03410000 1.32333700 0.16577800
v -0.03410000 1.32333700 0.16577800
v -0.03310000 1.32230500 0.16652800
v -0.03310000 1.32230500 0.16652800
v -0.03410000 1.32255300 0.16555800
v -0.03410000 1.32255300 0.16555800
v -0.03410000 1.32177900 0.16531600
v -0.03410000 1.32177900 0.16531600
v -0.03310000 1.32100000 0.16610800
v -0.03310000 1.32100000 0.16610800
v -0.03410000 1.32101500 0.16505200
v -0.03410000 1.32101500 0.16505200
v -0.03310000 1.31971600 0.16562700
v -0.03310000 1.31971600 0.16562700
v -0.03410000 1.32025900 0.16476600
v -0.03410000 1.32025900 0.16476600
v -0.03410000 1.31951100 0.16445800
v -0.03410000 1.31951100 0.16445800
v -0.03310000 1.31845700 0.16508500
v -0.03310000 1.31845700 0.16508500
v -0.03410000 1.31877300 0.16412900
v -0.03410000 1.31877300 0.16412900
v -0.03410000 1.31804600 0.16377900
v -0.03410000 1.31804600 0.16377900
v -0.03310000 1.31722500 0.16448300
v -0.03310000 1.31722500 0.16448300
v -0.03410000 1.31732800 0.16340700
v -0.03410000 1.31732800 0.16340700
v -0.03310000 1.31602300 0.16382300
v -0.03310000 1.31602300 0.16382300
v -0.03410000 1.31661600 0.16301100
v -0.03410000 1.31661600 0.16301100
v -0.03410000 1.31591600 0.16259500
v -0.03410000 1.31591600 0.16259500
v -0.03310000 1.31485400 0.16310700
v -0.03310000 1.31485400 0.16310700
v -0.03410000 1.31522800 0.16215800
v -0.03410000 1.31522800 0.16215800
v -0.03410000 1.31455500 0.16170200
v -0.03410000 1.31455500 0.16170200
v -0.03310000 1.31372000 0.16233600
v -0.03310000 1.31372000 0.16233600
v -0.03410000 1.31389800 0.16122800
v -0.03410000 1.31389800 0.16122800
v -0.03310000 1.31262400 0.16151200
v -0.03310000 1.31262400 0.16151200
v -0.03410000 1.31325400 0.16073500
v -0.03410000 1.31325400 0.16073500
v -0.03410000 1.31262500 0.16022300
v -0.03410000 1.31262500 0.16022300
v -0.03310000 1.31156900 0.16063600
v -0.03310000 1.31156900 0.16063600
v -0.03410000 1.31201400 0.15969600
v -0.03410000 1.31201400 0.15969600
v -0.03310000 1.31055700 0.15971200
v -0.03310000 1.31055700 0.15971200
v -0.03410000 1.31141900 0.15915200
v -0.03410000 1.31141900 0.15915200
v -0.03410000 1.31084000 0.15858900
v -0.03410000 1.31084000 0.15858900
v -0.03310000 1.30959000 0.15874000
v -0.03310000 1.30959000 0.15874000
v -0.03410000 1.31027500 0.15800900
v -0.03410000 1.31027500 0.15800900
v -0.03410000 1.30972600 0.15741100
v -0.03410000 1.30972600 0.15741100
v -0.03310000 1.30867000 0.15772200
v -0.03310000 1.30867000 0.15772200
v -0.03410000 1.30919600 0.15679700
v -0.03410000 1.30919600 0.15679700
v -0.03310000 1.30780000 0.15666300
v -0.03310000 1.30780000 0.15666300
v -0.03410000 1.30868300 0.15616700
v -0.03410000 1.30868300 0.15616700
v -0.03410000 1.30818600 0.15552000
v -0.03410000 1.30818600 0.15552000
v -0.03310000 1.30698200 0.15556300
v -0.03310000 1.30698200 0.15556300
v -0.03410000 1.30771000 0.15486000
v -0.03410000 1.30771000 0.15486000
v -0.03410000 1.30725300 0.15418500
v -0.03410000 1.30725300 0.15418500
v -0.03310000 1.30621700 0.15442500
v -0.03310000 1.30621700 0.15442500
v -0.03410000 1.30682000 0.15350400
v -0.03410000 1.30682000 0.15350400
v -0.03310000 1.30550700 0.15325200
v -0.03310000 1.30550700 0.15325200
v -0.03410000 1.30640600 0.15281000
v -0.03410000 1.30640600 0.15281000
v -0.03410000 1.30601300 0.15210400
v -0.03410000 1.30601300 0.15210400
v -0.03310000 1.30485400 0.15204700
v -0.03310000 1.30485400 0.15204700
v -0.03410000 1.30564000 0.15138700
v -0.03410000 1.30564000 0.15138700
v -0.03410000 1.30528900 0.15065900
v -0.03410000 1.30528900 0.15065900
v -0.03310000 1.30425800 0.15081100
v -0.03310000 1.30425800 0.15081100
v -0.03410000 1.30495900 0.14992100
v -0.03410000 1.30495900 0.14992100
v -0.03310000 1.30372300 0.14954900
v -0.03310000 1.30372300 0.14954900
v -0.03410000 1.30464900 0.14917100
v -0.03410000 1.30464900 0.14917100
v -0.03410000 1.30436000 0.14840900
v -0.03410000 1.30436000 0.14840900
v -0.03310000 1.30324800 0.14826300
v -0.03310000 1.30324800 0.14826300
v -0.03410000 1.30409300 0.14763800
v -0.03410000 1.30409300 0.14763800
v -0.03310000 1.30283500 0.14695500
v -0.03310000 1.30283500 0.14695500
v -0.03410000 1.30385000 0.14686100
v -0.03410000 1.30385000 0.14686100
v -0.03410000 1.30363000 0.14608100
v -0.03410000 1.30363000 0.14608100
v -0.03310000 1.30248600 0.14563000
v -0.03310000 1.30248600 0.14563000
v -0.03410000 1.30343400 0.14529500
v -0.03410000 1.30343400 0.14529500
v -0.03410000 1.30326000 0.14450400
v -0.03410000 1.30326000 0.14450400
v -0.03310000 1.30219900 0.14428900
v -0.03310000 1.30219900 0.14428900
v -0.03410000 1.30311000 0.14370900
v -0.03410000 1.30311000 0.14370900
v -0.03310000 1.30197700 0.14293600
v -0.03310000 1.30197700 0.14293600
v -0.03410000 1.30298400 0.14291300
v -0.03410000 1.30298400 0.14291300
v -0.03410000 1.30288000 0.14211200
v -0.03410000 1.30288000 0.14211200
v -0.03310000 1.30182000 0.14157400
v -0.03310000 1.30182000 0.14157400
v -0.03410000 1.30280000 0.14130700
v -0.03410000 1.30280000 0.14130700
v -0.03410000 1.30274300 0.14049600
v -0.03410000 1.30274300 0.14049600
v -0.03310000 1.30172700 0.14020600
v -0.03310000 1.30172700 0.14020600
v -0.03410000 1.30271000 0.13968500
v -0.03410000 1.30271000 0.13968500
v -0.03310000 1.30170000 0.13883500
v -0.03310000 1.30170000 0.13883500
v -0.03410000 1.30270000 0.13887300
v -0.03410000 1.30270000 0.13887300
v -0.03410000 1.30271500 0.13806000
v -0.03410000 1.30271500 0.13806000
v -0.03310000 1.30173900 0.13746400
v -0.03310000 1.30173900 0.13746400
v -0.03410000 1.30275300 0.13724700
v -0.03410000 1.30275300 0.13724700
v -0.03310000 1.30184300 0.13609700
v -0.03310000 1.30184300 0.13609700
v -0.03410000 1.30281500 0.13643500
v -0.03410000 1.30281500 0.13643500
v -0.03410000 1.30290000 0.13563000
v -0.03410000 1.30290000 0.13563000
v -0.03310000 1.30201100 0.13473700
v -0.03310000 1.30201100 0.13473700
v -0.03410000 1.30300800 0.13483000
v -0.03410000 1.30300800 0.13483000
v -0.03410000 1.30314000 0.13403300
v -0.03410000 1.30314000 0.13403300
v -0.03310000 1.30224500 0.13338500
v -0.03310000 1.30224500 0.13338500
v -0.03410000 1.30329500 0.13324000
v -0.03410000 1.30329500 0.13324000
v -0.03310000 1.30254300 0.13204700
v -0.03310000 1.30254300 0.13204700
v -0.03410000 1.30347300 0.13245100
v -0.03410000 1.30347300 0.13245100
v -0.03410000 1.30367400 0.13166700
v -0.03410000 1.30367400 0.13166700
v -0.03310000 1.30290400 0.13072400
v -0.03310000 1.30290400 0.13072400
v -0.03410000 1.30389800 0.13088900
v -0.03410000 1.30389800 0.13088900
v -0.03410000 1.30414700 0.13011300
v -0.03410000 1.30414700 0.13011300
v -0.03310000 1.30332700 0.12942000
v -0.03310000 1.30332700 0.12942000
v -0.03410000 1.30441800 0.12934400
v -0.03410000 1.30441800 0.12934400
v -0.03310000 1.30381300 0.12813800
v -0.03310000 1.30381300 0.12813800
v -0.03410000 1.30471100 0.12858300
v -0.03410000 1.30471100 0.12858300
v -0.03410000 1.30502600 0.12783500
v -0.03410000 1.30502600 0.12783500
v -0.03310000 1.30435900 0.12688000
v -0.03310000 1.30435900 0.12688000
v -0.03410000 1.30536100 0.12709800
v -0.03410000 1.30536100 0.12709800
v -0.03410000 1.30571700 0.12637200
v -0.03410000 1.30571700 0.12637200
v -0.03310000 1.30496400 0.12565000
v -0.03310000 1.30496400 0.12565000
v -0.03410000 1.30609500 0.12565500
v -0.03410000 1.30609500 0.12565500
v -0.03310000 1.30562800 0.12445000
v -0.03310000 1.30562800 0.12445000
v -0.03410000 1.30649200 0.12495200
v -0.03410000 1.30649200 0.12495200
v -0.03410000 1.30691000 0.12426200
v -0.03410000 1.30691000 0.12426200
v -0.03310000 1.30634700 0.12328300
v -0.03310000 1.30634700 0.12328300
v -0.03410000 1.30734700 0.12358300
v -0.03410000 1.30734700 0.12358300
v -0.03310000 1.30712200 0.12215200
v -0.03310000 1.30712200 0.12215200
v -0.03410000 1.30780700 0.12291300
v -0.03410000 1.30780700 0.12291300
v -0.03410000 1.30828700 0.12225700
v -0.03410000 1.30828700 0.12225700
v -0.03310000 1.30795000 0.12105900
v -0.03310000 1.30795000 0.12105900
v -0.03410000 1.30878600 0.12161400
v -0.03410000 1.30878600 0.12161400
v -0.03410000 1.30936600 0.12091300
v -0.03410000 1.30936600 0.12091300
v -0.03310000 1.30882900 0.12000600
v -0.03310000 1.30882900 0.12000600
v -0.03410000 1.31004300 0.12015100
v -0.03410000 1.31004300 0.12015100
v -0.03310000 1.30975600 0.11899700
v -0.03310000 1.30975600 0.11899700
v -0.03410000 1.31074700 0.11941400
v -0.03410000 1.31074700 0.11941400
v -0.03310000 1.31073200 0.11803300
v -0.03310000 1.31073200 0.11803300
v -0.03410000 1.31147400 0.11870800
v -0.03410000 1.31147400 0.11870800
v -0.03410000 1.31222500 0.11802900
v -0.03410000 1.31222500 0.11802900
v -0.03310000 1.31175100 0.11711700
v -0.03310000 1.31175100 0.11711700
v -0.03410000 1.31300100 0.11737800
v -0.03410000 1.31300100 0.11737800
v -0.03310000 1.31281400 0.11625000
v -0.03310000 1.31281400 0.11625000
v -0.03410000 1.31380200 0.11675400
v -0.03410000 1.31380200 0.11675400
v -0.03310000 1.31391700 0.11543500
v -0.03310000 1.31391700 0.11543500
v -0.03410000 1.31462600 0.11616000
v -0.03410000 1.31462600 0.11616000
v -0.03310000 1.31505700 0.11467400
v -0.03310000 1.31505700 0.11467400
v -0.03410000 1.31547400 0.11559400
v -0.03410000 1.31547400 0.11559400
v -0.03410000 1.31634400 0.11505800
v -0.03410000 1.31634400 0.11505800
v -0.03310000 1.31623200 0.11396700
v -0.03310000 1.31623200 0.11396700
v -0.03410000 1.31723400 0.11455500
v -0.03410000 1.31723400 0.11455500
v -0.03310000 1.31743900 0.11331800
v -0.03310000 1.31743900 0.11331800
v -0.03410000 1.31813600 0.11408700
v -0.03410000 1.31813600 0.11408700
v -0.03310000 1.31867700 0.11272700
v -0.03310000 1.31867700 0.11272700
v -0.03410000 1.31905300 0.11365400
v -0.03410000 1.31905300 0.11365400
v -0.03410000 1.31988500 0.11329500
v -0.03410000 1.31988500 0.11329500
v -0.03310000 1.31994000 0.11219500
v -0.03310000 1.31994000 0.11219500
v -0.03410000 1.32114600 0.11281200
v -0.03410000 1.32114600 0.11281200
v -0.03310000 1.32122800 0.11172500
v -0.03310000 1.32122800 0.11172500
v -0.03410000 1.32242900 0.11239000
v -0.03410000 1.32242900 0.11239000
v -0.03310000 1.32253700 0.11131600
v -0.03310000 1.32253700 0.11131600
v -0.03410000 1.32374200 0.11202900
v -0.03410000 1.32374200 0.11202900
v -0.03310000 1.32386400 0.11097000
v -0.03310000 1.32386400 0.11097000
v -0.03410000 1.32507000 0.11173200
v -0.03410000 1.32507000 0.11173200
v -0.03310000 1.32520600 0.11068800
v -0.03310000 1.32520600 0.11068800
v -0.03410000 1.32640800 0.11150200
v -0.03410000 1.32640800 0.11150200
v -0.03310000 1.32655900 0.11047000
v -0.03310000 1.32655900 0.11047000
v -0.03410000 1.32775500 0.11133700
v -0.03410000 1.32775500 0.11133700
v -0.03310000 1.32792200 0.11031700
v -0.03310000 1.32792200 0.11031700
v -0.03410000 1.32910100 0.11123800
v -0.03410000 1.32910100 0.11123800
v -0.03310000 1.32918500 0.11023300
v -0.03310000 1.32918500 0.11023300
v -0.03410000 1.33045000 0.11120600
v -0.03410000 1.33045000 0.11120600
v -0.03310000 1.33045000 0.11020600
v -0.03310000 1.33045000 0.11020600
v 0.02200000 1.33045000 0.11020600
v 0.02200000 1.33045000 0.11020600
v -0.03310000 1.33182100 0.11023800
v -0.03310000 1.33182100 0.11023800
v 0.02200000 1.33188300 0.11024100
v 0.02200000 1.33188300 0.11024100
v -0.03310000 1.33318800 0.11033600
v -0.03310000 1.33318800 0.11033600
v 0.02200000 1.33331300 0.11034800
v 0.02200000 1.33331300 0.11034800
v -0.03310000 1.33455000 0.11049900
v -0.03310000 1.33455000 0.11049900
v 0.02200000 1.33473500 0.11052700
v 0.02200000 1.33473500 0.11052700
v -0.03310000 1.33590200 0.11072700
v -0.03310000 1.33590200 0.11072700
v 0.02200000 1.33614700 0.11077600
v 0.02200000 1.33614700 0.11077600
v -0.03310000 1.33724100 0.11101900
v -0.03310000 1.33724100 0.11101900
v 0.02200000 1.33754400 0.11109500
v 0.02200000 1.33754400 0.11109500
v -0.03310000 1.33856600 0.11137500
v -0.03310000 1.33856600 0.11137500
v 0.02200000 1.33892400 0.11148300
v 0.02200000 1.33892400 0.11148300
v -0.03310000 1.33987100 0.11179300
v -0.03310000 1.33987100 0.11179300
v 0.02200000 1.34028300 0.11193900
v 0.02200000 1.34028300 0.11193900
v -0.03310000 1.34115600 0.11227300
v -0.03310000 1.34115600 0.11227300
v 0.02200000 1.34161800 0.11246300
v 0.02200000 1.34161800 0.11246300
v -0.03310000 1.34241600 0.11281400
v -0.03310000 1.34241600 0.11281400
v 0.02200000 1.34292400 0.11305300
v 0.02200000 1.34292400 0.11305300
v -0.03310000 1.34364800 0.11341400
v -0.03310000 1.34364800 0.11341400
v 0.02200000 1.34420000 0.11370700
v 0.02200000 1.34420000 0.11370700
v -0.03310000 1.34485100 0.11407200
v -0.03310000 1.34485100 0.11407200
v 0.02200000 1.34544100 0.11442300
v 0.02200000 1.34544100 0.11442300
v -0.03310000 1.34602100 0.11478700
v -0.03310000 1.34602100 0.11478700
v 0.02200000 1.34664600 0.11520100
v 0.02200000 1.34664600 0.11520100
v -0.03310000 1.34715600 0.11555700
v -0.03310000 1.34715600 0.11555700
v 0.02200000 1.34780900 0.11603800
v 0.02200000 1.34780900 0.11603800
v -0.03310000 1.34825200 0.11638000
v -0.03310000 1.34825200 0.11638000
v 0.02200000 1.34893000 0.11693200
v 0.02200000 1.34893000 0.11693200
v -0.03310000 1.34930800 0.11725500
v -0.03310000 1.34930800 0.11725500
v 0.02200000 1.35000500 0.11788000
v 0.02200000 1.35000500 0.11788000
v -0.03310000 1.35032200 0.11817800
v -0.03310000 1.35032200 0.11817800
v 0.02200000 1.35103100 0.11888100
v 0.02200000 1.35103100 0.11888100
v -0.03310000 1.35128900 0.11914900
v -0.03310000 1.35128900 0.11914900
v 0.02200000 1.35200600 0.11993200
v 0.02200000 1.35200600 0.11993200
v -0.03310000 1.35221000 0.12016600
v -0.03310000 1.35221000 0.12016600
v 0.02200000 1.35292800 0.12103000
v 0.02200000 1.35292800 0.12103000
v -0.03310000 1.35308100 0.12122400
v -0.03310000 1.35308100 0.12122400
v 0.02200000 1.35379300 0.12217300
v 0.02200000 1.35379300 0.12217300
v -0.03310000 1.35390100 0.12232300
v -0.03310000 1.35390100 0.12232300
v 0.02200000 1.35460100 0.12335700
v 0.02200000 1.35460100 0.12335700
v -0.03310000 1.35466700 0.12346000
v -0.03310000 1.35466700 0.12346000
v 0.02200000 1.35534800 0.12458100
v 0.02200000 1.35534800 0.12458100
v -0.03310000 1.35537800 0.12463300
v -0.03310000 1.35537800 0.12463300
v 0.02200000 1.35603400 0.12583900
v 0.02200000 1.35603400 0.12583900
v -0.03310000 1.35603300 0.12583700
v -0.03310000 1.35603300 0.12583700
v -0.03310000 1.35662900 0.12707200
v -0.03310000 1.35662900 0.12707200
v 0.02200000 1.35665600 0.12713100
v 0.02200000 1.35665600 0.12713100
v -0.03310000 1.35716600 0.12833400
v -0.03310000 1.35716600 0.12833400
v 0.02200000 1.35721300 0.12845200
v 0.02200000 1.35721300 0.12845200
v -0.03310000 1.35764200 0.12961900
v -0.03310000 1.35764200 0.12961900
v 0.02200000 1.35770300 0.12979900
v 0.02200000 1.35770300 0.12979900
v -0.03310000 1.35805600 0.13092700
v -0.03310000 1.35805600 0.13092700
v 0.02200000 1.35812600 0.13116900
v 0.02200000 1.35812600 0.13116900
v -0.03310000 1.35840700 0.13225200
v -0.03310000 1.35840700 0.13225200
v 0.02200000 1.35847900 0.13255800
v 0.02200000 1.35847900 0.13255800
v -0.03310000 1.35869500 0.13359200
v -0.03310000 1.35869500 0.13359200
v 0.02200000 1.35876300 0.13396300
v 0.02200000 1.35876300 0.13396300
v -0.03310000 1.35891900 0.13494500
v -0.03310000 1.35891900 0.13494500
v 0.02200000 1.35897700 0.13538100
v 0.02200000 1.35897700 0.13538100
v -0.03310000 1.35907800 0.13630700
v -0.03310000 1.35907800 0.13630700
v 0.02200000 1.35912000 0.13680700
v 0.02200000 1.35912000 0.13680700
v -0.03310000 1.35917200 0.13767500
v -0.03310000 1.35917200 0.13767500
v 0.02200000 1.35919100 0.13823900
v 0.02200000 1.35919100 0.13823900
v -0.03310000 1.35920000 0.13904600
v -0.03310000 1.35920000 0.13904600
v 0.02200000 1.35919100 0.13967200
v 0.02200000 1.35919100 0.13967200
v -0.03310000 1.35916300 0.14041600
v -0.03310000 1.35916300 0.14041600
v 0.02200000 1.35912000 0.14110400
v 0.02200000 1.35912000 0.14110400
v -0.03310000 1.35906100 0.14178400
v -0.03310000 1.35906100 0.14178400
v 0.02200000 1.35897700 0.14253000
v 0.02200000 1.35897700 0.14253000
v -0.03310000 1.35889300 0.14314400
v -0.03310000 1.35889300 0.14314400
v 0.02200000 1.35876300 0.14394800
v 0.02200000 1.35876300 0.14394800
v -0.03310000 1.35866100 0.14449600
v -0.03310000 1.35866100 0.14449600
v 0.02200000 1.35847900 0.14535300
v 0.02200000 1.35847900 0.14535300
v -0.03310000 1.35836500 0.14583400
v -0.03310000 1.35836500 0.14583400
v 0.02200000 1.35812600 0.14674200
v 0.02200000 1.35812600 0.14674200
v -0.03310000 1.35800500 0.14715700
v -0.03310000 1.35800500 0.14715700
v 0.02200000 1.35770300 0.14811200
v 0.02200000 1.35770300 0.14811200
v -0.03310000 1.35758300 0.14846200
v -0.03310000 1.35758300 0.14846200
v 0.02200000 1.35721300 0.14945900
v 0.02200000 1.35721300 0.14945900
v -0.03310000 1.35709900 0.14974500
v -0.03310000 1.35709900 0.14974500
v 0.02200000 1.35665600 0.15078000
v 0.02200000 1.35665600 0.15078000
v -0.03310000 1.35655400 0.15100300
v -0.03310000 1.35655400 0.15100300
v 0.02200000 1.35603400 0.15207200
v 0.02200000 1.35603400 0.15207200
v -0.03310000 1.35595000 0.15223400
v -0.03310000 1.35595000 0.15223400
v 0.02200000 1.35534800 0.15333100
v 0.02200000 1.35534800 0.15333100
v -0.03310000 1.35528800 0.15343400
v -0.03310000 1.35528800 0.15343400
v 0.02200000 1.35460100 0.15455400
v 0.02200000 1.35460100 0.15455400
v -0.03310000 1.35456900 0.15460200
v -0.03310000 1.35456900 0.15460200
v 0.02200000 1.35379300 0.15573800
v 0.02200000 1.35379300 0.15573800
v -0.03310000 1.35379600 0.15573400
v -0.03310000 1.35379600 0.15573400
v -0.03310000 1.35296900 0.15682800
v -0.03310000 1.35296900 0.15682800
v 0.02200000 1.35292800 0.15688100
v 0.02200000 1.35292800 0.15688100
v -0.03310000 1.35209200 0.15788200
v -0.03310000 1.35209200 0.15788200
v 0.02200000 1.35200600 0.15797900
v 0.02200000 1.35200600 0.15797900
v -0.03310000 1.35116500 0.15889200
v -0.03310000 1.35116500 0.15889200
v 0.02200000 1.35103100 0.15903000
v 0.02200000 1.35103100 0.15903000
v -0.03310000 1.35019100 0.15985700
v -0.03310000 1.35019100 0.15985700
v 0.02200000 1.35000500 0.16003100
v 0.02200000 1.35000500 0.16003100
v -0.03310000 1.34917200 0.16077400
v -0.03310000 1.34917200 0.16077400
v 0.02200000 1.34893000 0.16097900
v 0.02200000 1.34893000 0.16097900
v -0.03310000 1.34811000 0.16164200
v -0.03310000 1.34811000 0.16164200
v 0.02200000 1.34780900 0.16187300
v 0.02200000 1.34780900 0.16187300
v -0.03310000 1.34700800 0.16245800
v -0.03310000 1.34700800 0.16245800
v 0.02200000 1.34664600 0.16271000
v 0.02200000 1.34664600 0.16271000
v -0.03310000 1.34586900 0.16322100
v -0.03310000 1.34586900 0.16322100
v 0.02200000 1.34544100 0.16348800
v 0.02200000 1.34544100 0.16348800
v -0.03310000 1.34469500 0.16392800
v -0.03310000 1.34469500 0.16392800
v 0.02200000 1.34420000 0.16420400
v 0.02200000 1.34420000 0.16420400
v -0.03310000 1.34348800 0.16457900
v -0.03310000 1.34348800 0.16457900
v 0.02200000 1.34292400 0.16485800
v 0.02200000 1.34292400 0.16485800
v -0.03310000 1.34225100 0.16517200
v -0.03310000 1.34225100 0.16517200
v 0.02200000 1.34161800 0.16544800
v 0.02200000 1.34161800 0.16544800
v -0.03310000 1.34098800 0.16570500
v -0.03310000 1.34098800 0.16570500
v 0.02200000 1.34028300 0.16597200
v 0.02200000 1.34028300 0.16597200
v -0.03310000 1.33970100 0.16617600
v -0.03310000 1.33970100 0.16617600
v 0.02200000 1.33892400 0.16642800
v 0.02200000 1.33892400 0.16642800
v -0.03310000 1.33839200 0.16658700
v -0.03310000 1.33839200 0.16658700
v 0.02200000 1.33754400 0.16681600
v 0.02200000 1.33754400 0.16681600
v -0.03310000 1.33706600 0.16693400
v -0.03310000 1.33706600 0.16693400
v 0.02200000 1.33614700 0.16713500
v 0.02200000 1.33614700 0.16713500
v -0.03310000 1.33572500 0.16721800
v -0.03310000 1.33572500 0.16721800
v 0.02200000 1.33473500 0.16738400
v 0.02200000 1.33473500 0.16738400
v -0.03310000 1.33437100 0.16743700
v -0.03310000 1.33437100 0.16743700
v 0.02200000 1.33331300 0.16756300
v 0.02200000 1.33331300 0.16756300
v -0.03310000 1.33300900 0.16759100
v -0.03310000 1.33300900 0.16759100
v 0.02200000 1.33188300 0.16767000
v 0.02200000 1.33188300 0.16767000
v -0.03310000 1.33173100 0.16767700
v -0.03310000 1.33173100 0.16767700
v 0.02200000 1.33045000 0.16770600
v 0.02200000 1.33045000 0.16770600
v -0.03310000 1.33045000 0.16770600
v -0.03310000 1.33045000 0.16770600
v 0.02865000 1.24535000 0.13895600
v 0.02865000 1.24535000 0.13895600
v 0.02865000 1.18335000 0.13895500
v 0.02865000 1.18335000 0.13895500
v 0.02864100 1.18335000 0.13824900
v 0.02864100 1.18335000 0.13824900
v 0.02861400 1.24535000 0.13752700
v 0.02861400 1.24535000 0.13752700
v 0.02861500 1.18335000 0.13754400
v 0.02861500 1.18335000 0.13754400
v 0.02856100 1.18335000 0.13669400
v 0.02856100 1.18335000 0.13669400
v 0.02850800 1.24535000 0.13610300
v 0.02850800 1.24535000 0.13610300
v 0.02848100 1.18335000 0.13584600
v 0.02848100 1.18335000 0.13584600
v 0.02837600 1.18335000 0.13500200
v 0.02837600 1.18335000 0.13500200
v 0.02833000 1.24535000 0.13468500
v 0.02833000 1.24535000 0.13468500
v 0.02824600 1.18335000 0.13415900
v 0.02824600 1.18335000 0.13415900
v 0.02808200 1.24535000 0.13327900
v 0.02808200 1.24535000 0.13327900
v 0.02809000 1.18335000 0.13332000
v 0.02809000 1.18335000 0.13332000
v 0.02791000 1.18335000 0.13248400
v 0.02791000 1.18335000 0.13248400
v 0.02776400 1.24535000 0.13188600
v 0.02776400 1.24535000 0.13188600
v 0.02770500 1.18335000 0.13165700
v 0.02770500 1.18335000 0.13165700
v 0.02747600 1.18335000 0.13084000
v 0.02747600 1.18335000 0.13084000
v 0.02737700 1.24535000 0.13051100
v 0.02737700 1.24535000 0.13051100
v 0.02722500 1.18335000 0.13003100
v 0.02722500 1.18335000 0.13003100
v 0.02692200 1.24535000 0.12915700
v 0.02692200 1.24535000 0.12915700
v 0.02695000 1.18335000 0.12923300
v 0.02695000 1.18335000 0.12923300
v 0.02665200 1.18335000 0.12844300
v 0.02665200 1.18335000 0.12844300
v 0.02640000 1.24535000 0.12782700
v 0.02640000 1.24535000 0.12782700
v 0.02633000 1.18335000 0.12766300
v 0.02633000 1.18335000 0.12766300
v 0.02598600 1.18335000 0.12689100
v 0.02598600 1.18335000 0.12689100
v 0.02581300 1.24535000 0.12652500
v 0.02581300 1.24535000 0.12652500
v 0.02561900 1.18335000 0.12612900
v 0.02561900 1.18335000 0.12612900
v 0.02516100 1.24535000 0.12525400
v 0.02516100 1.24535000 0.12525400
v 0.02522800 1.18335000 0.12537700
v 0.02522800 1.18335000 0.12537700
v 0.02481300 1.18335000 0.12463300
v 0.02481300 1.18335000 0.12463300
v 0.02444700 1.24535000 0.12401600
v 0.02444700 1.24535000 0.12401600
v 0.02437500 1.18335000 0.12390000
v 0.02437500 1.18335000 0.12390000
v 0.02391600 1.18335000 0.12318100
v 0.02391600 1.18335000 0.12318100
v 0.02367200 1.24535000 0.12281600
v 0.02367200 1.24535000 0.12281600
v 0.02343800 1.18335000 0.12247800
v 0.02343800 1.18335000 0.12247800
v 0.02283800 1.24535000 0.12165600
v 0.02283800 1.24535000 0.12165600
v 0.02294000 1.18335000 0.12179200
v 0.02294000 1.18335000 0.12179200
v 0.02242400 1.18335000 0.12112300
v 0.02242400 1.18335000 0.12112300
v 0.02194700 1.24535000 0.12054000
v 0.02194700 1.24535000 0.12054000
v 0.02188900 1.18335000 0.12047000
v 0.02188900 1.18335000 0.12047000
v 0.02133500 1.18335000 0.11983300
v 0.02133500 1.18335000 0.11983300
v 0.02100200 1.24535000 0.11946900
v 0.02100200 1.24535000 0.11946900
v 0.02076200 1.18335000 0.11921300
v 0.02076200 1.18335000 0.11921300
v 0.02000400 1.24535000 0.11844600
v 0.02000400 1.24535000 0.11844600
v 0.02017100 1.18335000 0.11860900
v 0.02017100 1.18335000 0.11860900
v 0.01956000 1.18335000 0.11802200
v 0.01956000 1.18335000 0.11802200
v 0.01895700 1.24535000 0.11747400
v 0.01895700 1.24535000 0.11747400
v 0.01893100 1.18335000 0.11745100
v 0.01893100 1.18335000 0.11745100
v 0.01828200 1.18335000 0.11689700
v 0.01828200 1.18335000 0.11689700
v 0.01786300 1.24535000 0.11655600
v 0.01786300 1.24535000 0.11655600
v 0.01761600 1.18335000 0.11636100
v 0.01761600 1.18335000 0.11636100
v 0.01672400 1.24535000 0.11569300
v 0.01672400 1.24535000 0.11569300
v 0.01693700 1.18335000 0.11584800
v 0.01693700 1.18335000 0.11584800
v 0.01624600 1.18335000 0.11535700
v 0.01624600 1.18335000 0.11535700
v 0.01554400 1.24535000 0.11488900
v 0.01554400 1.24535000 0.11488900
v 0.01554200 1.18335000 0.11488700
v 0.01554200 1.18335000 0.11488700
v 0.01482600 1.18335000 0.11443900
v 0.01482600 1.18335000 0.11443900
v 0.01432500 1.24535000 0.11414400
v 0.01432500 1.24535000 0.11414400
v 0.01409700 1.18335000 0.11401300
v 0.01409700 1.18335000 0.11401300
v 0.01335600 1.18335000 0.11360900
v 0.01335600 1.18335000 0.11360900
v 0.01307000 1.24535000 0.11346100
v 0.01307000 1.24535000 0.11346100
v 0.01260300 1.18335000 0.11322600
v 0.01260300 1.18335000 0.11322600
v 0.01178300 1.24535000 0.11284100
v 0.01178300 1.24535000 0.11284100
v 0.01183800 1.18335000 0.11286500
v 0.01183800 1.18335000 0.11286500
v 0.01106000 1.18335000 0.11252600
v 0.01106000 1.18335000 0.11252600
v 0.01046700 1.24535000 0.11228600
v 0.01046700 1.24535000 0.11228600
v 0.01026900 1.18335000 0.11220900
v 0.01026900 1.18335000 0.11220900
v 0.00946700 1.18335000 0.11191500
v 0.00946700 1.18335000 0.11191500
v 0.00912500 1.24535000 0.11179700
v 0.00912500 1.24535000 0.11179700
v 0.00865800 1.18335000 0.11164500
v 0.00865800 1.18335000 0.11164500
v 0.00776000 1.24535000 0.11137600
v 0.00776000 1.24535000 0.11137600
v 0.00784500 1.18335000 0.11140000
v 0.00784500 1.18335000 0.11140000
v 0.00702700 1.18335000 0.11118100
v 0.00702700 1.18335000 0.11118100
v 0.00637500 1.24535000 0.11102400
v 0.00637500 1.24535000 0.11102400
v 0.00620500 1.18335000 0.11098500
v 0.00620500 1.18335000 0.11098500
v 0.00537800 1.18335000 0.11081500
v 0.00537800 1.18335000 0.11081500
v 0.00497500 1.24535000 0.11074100
v 0.00497500 1.24535000 0.11074100
v 0.00454700 1.18335000 0.11066900
v 0.00454700 1.18335000 0.11066900
v 0.00356200 1.24535000 0.11052800
v 0.00356200 1.24535000 0.11052800
v 0.00371100 1.18335000 0.11054700
v 0.00371100 1.18335000 0.11054700
v 0.00287100 1.18335000 0.11045000
v 0.00287100 1.18335000 0.11045000
v 0.00214100 1.24535000 0.11038600
v 0.00214100 1.24535000 0.11038600
v 0.00202700 1.18335000 0.11037700
v 0.00202700 1.18335000 0.11037700
v 0.00117700 1.18335000 0.11033000
v 0.00117700 1.18335000 0.11033000
v 0.00071400 1.24535000 0.11031400
v 0.00071400 1.24535000 0.11031400
v 0.00032400 1.18335000 0.11030700
v 0.00032400 1.18335000 0.11030700
v -0.00071400 1.24535000 0.11031400
v -0.00071400 1.24535000 0.11031400
v -0.00053000 1.18335000 0.11031000
v -0.00053000 1.18335000 0.11031000
v -0.00138000 1.18335000 0.11033900
v -0.00138000 1.18335000 0.11033900
v -0.00214100 1.24535000 0.11038600
v -0.00214100 1.24535000 0.11038600
v -0.00222600 1.18335000 0.11039200
v -0.00222600 1.18335000 0.11039200
v -0.00306800 1.18335000 0.11047000
v -0.00306800 1.18335000 0.11047000
v -0.00356200 1.24535000 0.11052800
v -0.00356200 1.24535000 0.11052800
v -0.00390600 1.18335000 0.11057300
v -0.00390600 1.18335000 0.11057300
v -0.00497500 1.24535000 0.11074100
v -0.00497500 1.24535000 0.11074100
v -0.00474100 1.18335000 0.11070000
v -0.00474100 1.18335000 0.11070000
v -0.00557100 1.18335000 0.11085200
v -0.00557100 1.18335000 0.11085200
v -0.00637500 1.24535000 0.11102400
v -0.00637500 1.24535000 0.11102400
v -0.00639700 1.18335000 0.11102900
v -0.00639700 1.18335000 0.11102900
v -0.00722000 1.18335000 0.11123000
v -0.00722000 1.18335000 0.11123000
v -0.00776000 1.24535000 0.11137600
v -0.00776000 1.24535000 0.11137600
v -0.00803800 1.18335000 0.11145600
v -0.00803800 1.18335000 0.11145600
v -0.00912500 1.24535000 0.11179700
v -0.00912500 1.24535000 0.11179700
v -0.00885300 1.18335000 0.11170800
v -0.00885300 1.18335000 0.11170800
v -0.00966200 1.18335000 0.11198400
v -0.00966200 1.18335000 0.11198400
v -0.01046700 1.24535000 0.11228600
v -0.01046700 1.24535000 0.11228600
v -0.01045900 1.18335000 0.11228300
v -0.01045900 1.18335000 0.11228300
v -0.01124500 1.18335000 0.11260400
v -0.01124500 1.18335000 0.11260400
v -0.01178300 1.24535000 0.11284100
v -0.01178300 1.24535000 0.11284100
v -0.01201800 1.18335000 0.11294800
v -0.01201800 1.18335000 0.11294800
v -0.01278000 1.18335000 0.11331400
v -0.01278000 1.18335000 0.11331400
v -0.01307000 1.24535000 0.11346100
v -0.01307000 1.24535000 0.11346100
v -0.01353000 1.18335000 0.11370100
v -0.01353000 1.18335000 0.11370100
v -0.01432500 1.24535000 0.11414400
v -0.01432500 1.24535000 0.11414400
v -0.01426800 1.18335000 0.11411100
v -0.01426800 1.18335000 0.11411100
v -0.01499400 1.18335000 0.11454200
v -0.01499400 1.18335000 0.11454200
v -0.01554400 1.24535000 0.11488900
v -0.01554400 1.24535000 0.11488900
v -0.01570800 1.18335000 0.11499600
v -0.01570800 1.18335000 0.11499600
v -0.01641000 1.18335000 0.11547100
v -0.01641000 1.18335000 0.11547100
v -0.01672400 1.24535000 0.11569300
v -0.01672400 1.24535000 0.11569300
v -0.01710100 1.18335000 0.11596900
v -0.01710100 1.18335000 0.11596900
v -0.01786300 1.24535000 0.11655600
v -0.01786300 1.24535000 0.11655600
v -0.01777900 1.18335000 0.11648900
v -0.01777900 1.18335000 0.11648900
v -0.01844000 1.18335000 0.11702800
v -0.01844000 1.18335000 0.11702800
v -0.01895700 1.24535000 0.11747400
v -0.01895700 1.24535000 0.11747400
v -0.01908200 1.18335000 0.11758500
v -0.01908200 1.18335000 0.11758500
v -0.01970600 1.18335000 0.11815900
v -0.01970600 1.18335000 0.11815900
v -0.02000400 1.24535000 0.11844600
v -0.02000400 1.24535000 0.11844600
v -0.02031100 1.18335000 0.11874900
v -0.02031100 1.18335000 0.11874900
v -0.02100200 1.24535000 0.11946900
v -0.02100200 1.24535000 0.11946900
v -0.02089700 1.18335000 0.11935600
v -0.02089700 1.18335000 0.11935600
v -0.02146500 1.18335000 0.11998000
v -0.02146500 1.18335000 0.11998000
v -0.02194700 1.24535000 0.12054000
v -0.02194700 1.24535000 0.12054000
v -0.02201500 1.18335000 0.12062100
v -0.02201500 1.18335000 0.12062100
v -0.02254700 1.18335000 0.12127800
v -0.02254700 1.18335000 0.12127800
v -0.02283800 1.24535000 0.12165600
v -0.02283800 1.24535000 0.12165600
v -0.02305900 1.18335000 0.12195300
v -0.02305900 1.18335000 0.12195300
v -0.02367200 1.24535000 0.12281600
v -0.02367200 1.24535000 0.12281600
v -0.02355300 1.18335000 0.12264400
v -0.02355300 1.18335000 0.12264400
v -0.02402800 1.18335000 0.12335300
v -0.02402800 1.18335000 0.12335300
v -0.02444700 1.24535000 0.12401600
v -0.02444700 1.24535000 0.12401600
v -0.02448300 1.18335000 0.12407600
v -0.02448300 1.18335000 0.12407600
v -0.02491400 1.18335000 0.12481000
v -0.02491400 1.18335000 0.12481000
v -0.02516100 1.24535000 0.12525400
v -0.02516100 1.24535000 0.12525400
v -0.02532200 1.18335000 0.12555400
v -0.02532200 1.18335000 0.12555400
v -0.02581300 1.24535000 0.12652500
v -0.02581300 1.24535000 0.12652500
v -0.02574600 1.18335000 0.12638700
v -0.02574600 1.18335000 0.12638700
v -0.02618200 1.18335000 0.12732200
v -0.02618200 1.18335000 0.12732200
v -0.02640000 1.24535000 0.12782700
v -0.02640000 1.24535000 0.12782700
v -0.02654700 1.18335000 0.12818100
v -0.02654700 1.18335000 0.12818100
v -0.02692200 1.24535000 0.12915700
v -0.02692200 1.24535000 0.12915700
v -0.02703400 1.18335000 0.12946800
v -0.02703400 1.18335000 0.12946800
v -0.02737700 1.24535000 0.13051100
v -0.02737700 1.24535000 0.13051100
v -0.02745900 1.18335000 0.13078100
v -0.02745900 1.18335000 0.13078100
v -0.02776400 1.24535000 0.13188600
v -0.02776400 1.24535000 0.13188600
v -0.02782300 1.18335000 0.13212000
v -0.02782300 1.18335000 0.13212000
v -0.02808200 1.24535000 0.13327900
v -0.02808200 1.24535000 0.13327900
v -0.02812200 1.18335000 0.13347800
v -0.02812200 1.18335000 0.13347800
v -0.02833000 1.24535000 0.13468500
v -0.02833000 1.24535000 0.13468500
v -0.02835300 1.18335000 0.13484100
v -0.02835300 1.18335000 0.13484100
v -0.02850800 1.24535000 0.13610300
v -0.02850800 1.24535000 0.13610300
v -0.02851800 1.18335000 0.13620900
v -0.02851800 1.18335000 0.13620900
v -0.02861400 1.24535000 0.13752700
v -0.02861400 1.24535000 0.13752700
v -0.02861700 1.18335000 0.13758000
v -0.02861700 1.18335000 0.13758000
v -0.02865000 1.24535000 0.13895600
v -0.02865000 1.24535000 0.13895600
v -0.02865000 1.18335000 0.13895600
v -0.02865000 1.18335000 0.13895600
v -0.00186500 1.24535000 0.17691000
v -0.00186500 1.24535000 0.17691000
v 0.00000000 1.26735000 0.17695600
v 0.00000000 1.26735000 0.17695600
v -0.00186500 1.26735000 0.17691000
v -0.00186500 1.26735000 0.17691000
v 0.00000000 1.24535000 0.17695600
v 0.00000000 1.24535000 0.17695600
v -0.00372500 1.24535000 0.17677300
v -0.00372500 1.24535000 0.17677300
v -0.00372500 1.26735000 0.17677300
v -0.00372500 1.26735000 0.17677300
v -0.00557600 1.24535000 0.17654400
v -0.00557600 1.24535000 0.17654400
v -0.00557600 1.26735000 0.17654400
v -0.00557600 1.26735000 0.17654400
v -0.00741300 1.26735000 0.17622500
v -0.00741300 1.26735000 0.17622500
v -0.00741300 1.24535000 0.17622500
v -0.00741300 1.24535000 0.17622500
v -0.00923300 1.24535000 0.17581700
v -0.00923300 1.24535000 0.17581700
v -0.00923300 1.26735000 0.17581700
v -0.00923300 1.26735000 0.17581700
v -0.01103100 1.24535000 0.17531900
v -0.01103100 1.24535000 0.17531900
v -0.01103100 1.26735000 0.17531900
v -0.01103100 1.26735000 0.17531900
v -0.01280200 1.24535000 0.17473400
v -0.01280200 1.24535000 0.17473400
v -0.01280200 1.26735000 0.17473400
v -0.01280200 1.26735000 0.17473400
v -0.01454200 1.26735000 0.17406300
v -0.01454200 1.26735000 0.17406300
v -0.01454200 1.24535000 0.17406300
v -0.01454200 1.24535000 0.17406300
v -0.01624700 1.26735000 0.17330700
v -0.01624700 1.26735000 0.17330700
v -0.01624700 1.24535000 0.17330700
v -0.01624700 1.24535000 0.17330700
v -0.01791300 1.24535000 0.17246900
v -0.01791300 1.24535000 0.17246900
v -0.01791300 1.26735000 0.17246900
v -0.01791300 1.26735000 0.17246900
v -0.01953600 1.26735000 0.17154900
v -0.01953600 1.26735000 0.17154900
v -0.01953600 1.24535000 0.17154900
v -0.01953600 1.24535000 0.17154900
v -0.02111200 1.24535000 0.17055100
v -0.02111200 1.24535000 0.17055100
v -0.02111200 1.26735000 0.17055100
v -0.02111200 1.26735000 0.17055100
v -0.02263700 1.24535000 0.16947700
v -0.02263700 1.24535000 0.16947700
v -0.02263700 1.26735000 0.16947700
v -0.02263700 1.26735000 0.16947700
v -0.02410700 1.26735000 0.16833000
v -0.02410700 1.26735000 0.16833000
v -0.02410700 1.24535000 0.16833000
v -0.02410700 1.24535000 0.16833000
v -0.02551900 1.24535000 0.16711200
v -0.02551900 1.24535000 0.16711200
v -0.02551900 1.26735000 0.16711200
v -0.02551900 1.26735000 0.16711200
v -0.02687000 1.24535000 0.16582600
v -0.02687000 1.24535000 0.16582600
v -0.02687000 1.26735000 0.16582600
v -0.02687000 1.26735000 0.16582600
v -0.02815600 1.24535000 0.16447500
v -0.02815600 1.24535000 0.16447500
v -0.02815600 1.26735000 0.16447500
v -0.02815600 1.26735000 0.16447500
v -0.02937400 1.24535000 0.16306200
v -0.02937400 1.24535000 0.16306200
v -0.02937400 1.26735000 0.16306200
v -0.02937400 1.26735000 0.16306200
v -0.03052200 1.24535000 0.16159200
v -0.03052200 1.24535000 0.16159200
v -0.03052200 1.26735000 0.16159200
v -0.03052200 1.26735000 0.16159200
v -0.03159600 1.24535000 0.16006700
v -0.03159600 1.24535000 0.16006700
v -0.03159600 1.26735000 0.16006700
v -0.03159600 1.26735000 0.16006700
v -0.03259400 1.26735000 0.15849100
v -0.03259400 1.26735000 0.15849100
v -0.03259400 1.24535000 0.15849100
v -0.03259400 1.24535000 0.15849100
v -0.03351300 1.24535000 0.15686900
v -0.03351300 1.24535000 0.15686900
v -0.03351300 1.26735000 0.15686900
v -0.03351300 1.26735000 0.15686900
v -0.03435200 1.24535000 0.15520300
v -0.03435200 1.24535000 0.15520300
v -0.03435200 1.26735000 0.15520300
v -0.03435200 1.26735000 0.15520300
v -0.03510700 1.24535000 0.15349700
v -0.03510700 1.24535000 0.15349700
v -0.03510700 1.26735000 0.15349700
v -0.03510700 1.26735000 0.15349700
v -0.03577900 1.24535000 0.15175700
v -0.03577900 1.24535000 0.15175700
v -0.03577900 1.26735000 0.15175700
v -0.03577900 1.26735000 0.15175700
v -0.03636400 1.26735000 0.14998600
v -0.03636400 1.26735000 0.14998600
v -0.03636400 1.24535000 0.14998600
v -0.03636400 1.24535000 0.14998600
v -0.03686100 1.24535000 0.14818900
v -0.03686100 1.24535000 0.14818900
v -0.03686100 1.26735000 0.14818900
v -0.03686100 1.26735000 0.14818900
v -0.03727000 1.24535000 0.14636900
v -0.03727000 1.24535000 0.14636900
v -0.03727000 1.26735000 0.14636900
v -0.03727000 1.26735000 0.14636900
v -0.03758900 1.24535000 0.14453100
v -0.03758900 1.24535000 0.14453100
v -0.03758900 1.26735000 0.14453100
v -0.03758900 1.26735000 0.14453100
v -0.03781700 1.24535000 0.14268000
v -0.03781700 1.24535000 0.14268000
v -0.03781700 1.26735000 0.14268000
v -0.03781700 1.26735000 0.14268000
v -0.03795400 1.26735000 0.14082000
v -0.03795400 1.26735000 0.14082000
v -0.03795400 1.24535000 0.14082000
v -0.03795400 1.24535000 0.14082000
v -0.03800000 1.24535000 0.13895600
v -0.03800000 1.24535000 0.13895600
v -0.03800000 1.26735000 0.13895600
v -0.03800000 1.26735000 0.13895600
v 0.02200000 1.27235000 0.17695600
v 0.02200000 1.27235000 0.17695600
v 0.02200000 1.31089500 0.16003100
v 0.02200000 1.31089500 0.16003100
v 0.02200000 1.30986900 0.15903000
v 0.02200000 1.30986900 0.15903000
v 0.02200000 1.30889400 0.15797900
v 0.02200000 1.30889400 0.15797900
v 0.02200000 1.31197000 0.16097900
v 0.02200000 1.31197000 0.16097900
v 0.02200000 1.30797200 0.15688100
v 0.02200000 1.30797200 0.15688100
v 0.02200000 1.31309100 0.16187300
v 0.02200000 1.31309100 0.16187300
v 0.02200000 1.30710700 0.15573800
v 0.02200000 1.30710700 0.15573800
v 0.02200000 1.31425500 0.16271000
v 0.02200000 1.31425500 0.16271000
v 0.02200000 1.30629900 0.15455400
v 0.02200000 1.30629900 0.15455400
v 0.02200000 1.31545900 0.16348800
v 0.02200000 1.31545900 0.16348800
v 0.02200000 1.30555200 0.15333100
v 0.02200000 1.30555200 0.15333100
v 0.02200000 1.31670000 0.16420400
v 0.02200000 1.31670000 0.16420400
v 0.02200000 1.30486600 0.15207200
v 0.02200000 1.30486600 0.15207200
v 0.02200000 1.30424400 0.15078000
v 0.02200000 1.30424400 0.15078000
v 0.02200000 1.33045000 0.17695600
v 0.02200000 1.33045000 0.17695600
v 0.02200000 1.31797600 0.16485800
v 0.02200000 1.31797600 0.16485800
v 0.02200000 1.31928300 0.16544800
v 0.02200000 1.31928300 0.16544800
v 0.02200000 1.30368700 0.14945900
v 0.02200000 1.30368700 0.14945900
v 0.02200000 1.32061700 0.16597200
v 0.02200000 1.32061700 0.16597200
v 0.02200000 1.30319700 0.14811200
v 0.02200000 1.30319700 0.14811200
v 0.02200000 1.32197600 0.16642800
v 0.02200000 1.32197600 0.16642800
v 0.02200000 1.30277500 0.14674200
v 0.02200000 1.30277500 0.14674200
v 0.02200000 1.32335600 0.16681600
v 0.02200000 1.32335600 0.16681600
v 0.02200000 1.30242100 0.14535300
v 0.02200000 1.30242100 0.14535300
v 0.02200000 1.32475300 0.16713500
v 0.02200000 1.32475300 0.16713500
v 0.02200000 1.30213700 0.14394800
v 0.02200000 1.30213700 0.14394800
v 0.02200000 1.32616500 0.16738400
v 0.02200000 1.32616500 0.16738400
v 0.02200000 1.30192300 0.14253000
v 0.02200000 1.30192300 0.14253000
v 0.02200000 1.32758700 0.16756300
v 0.02200000 1.32758700 0.16756300
v 0.02200000 1.30178000 0.14110400
v 0.02200000 1.30178000 0.14110400
v 0.02200000 1.32901700 0.16767000
v 0.02200000 1.32901700 0.16767000
v 0.02200000 1.30170900 0.13967200
v 0.02200000 1.30170900 0.13967200
v 0.02200000 1.33234400 0.17690800
v 0.02200000 1.33234400 0.17690800
v 0.02200000 1.30170900 0.13823900
v 0.02200000 1.30170900 0.13823900
v 0.02200000 1.33423400 0.17676700
v 0.02200000 1.33423400 0.17676700
v 0.02200000 1.33611400 0.17653100
v 0.02200000 1.33611400 0.17653100
v 0.02200000 1.33798000 0.17620200
v 0.02200000 1.33798000 0.17620200
v 0.02200000 1.33982700 0.17578000
v 0.02200000 1.33982700 0.17578000
v 0.02200000 1.34165100 0.17526700
v 0.02200000 1.34165100 0.17526700
v 0.02200000 1.30242100 0.13255800
v 0.02200000 1.30242100 0.13255800
v 0.02200000 1.27235000 0.10095500
v 0.02200000 1.27235000 0.10095500
v 0.02200000 1.30213700 0.13396300
v 0.02200000 1.30213700 0.13396300
v 0.02200000 1.30192300 0.13538100
v 0.02200000 1.30192300 0.13538100
v 0.02200000 1.30178000 0.13680700
v 0.02200000 1.30178000 0.13680700
v 0.02200000 1.30277500 0.13116900
v 0.02200000 1.30277500 0.13116900
v 0.02200000 1.30319700 0.12979900
v 0.02200000 1.30319700 0.12979900
v 0.02200000 1.34521100 0.17397200
v 0.02200000 1.34521100 0.17397200
v 0.02200000 1.34344700 0.17466400
v 0.02200000 1.34344700 0.17466400
v 0.02200000 1.30368700 0.12845200
v 0.02200000 1.30368700 0.12845200
v 0.02200000 1.30424400 0.12713100
v 0.02200000 1.30424400 0.12713100
v 0.02200000 1.34693800 0.17319200
v 0.02200000 1.34693800 0.17319200
v 0.02200000 1.30486600 0.12583900
v 0.02200000 1.30486600 0.12583900
v 0.02200000 1.34862400 0.17232800
v 0.02200000 1.34862400 0.17232800
v 0.02200000 1.30555200 0.12458100
v 0.02200000 1.30555200 0.12458100
v 0.02200000 1.35026500 0.17138100
v 0.02200000 1.35026500 0.17138100
v 0.02200000 1.30629900 0.12335700
v 0.02200000 1.30629900 0.12335700
v 0.02200000 1.35185600 0.17035300
v 0.02200000 1.35185600 0.17035300
v 0.02200000 1.30710700 0.12217300
v 0.02200000 1.30710700 0.12217300
v 0.02200000 1.35339500 0.16924700
v 0.02200000 1.35339500 0.16924700
v 0.02200000 1.30797200 0.12103000
v 0.02200000 1.30797200 0.12103000
v 0.02200000 1.35487600 0.16806500
v 0.02200000 1.35487600 0.16806500
v 0.02200000 1.30889400 0.11993200
v 0.02200000 1.30889400 0.11993200
v 0.02200000 1.35629700 0.16681100
v 0.02200000 1.35629700 0.16681100
v 0.02200000 1.30986900 0.11888100
v 0.02200000 1.30986900 0.11888100
v 0.02200000 1.35765300 0.16548800
v 0.02200000 1.35765300 0.16548800
v 0.02200000 1.31089500 0.11788000
v 0.02200000 1.31089500 0.11788000
v 0.02200000 1.35894200 0.16410000
v 0.02200000 1.35894200 0.16410000
v 0.02200000 1.31197000 0.11693200
v 0.02200000 1.31197000 0.11693200
v 0.02200000 1.31309100 0.11603800
v 0.02200000 1.31309100 0.11603800
v 0.02200000 1.36016000 0.16264800
v 0.02200000 1.36016000 0.16264800
v 0.02200000 1.31425500 0.11520100
v 0.02200000 1.31425500 0.11520100
v 0.02200000 1.36130400 0.16113800
v 0.02200000 1.36130400 0.16113800
v 0.02200000 1.31545900 0.11442300
v 0.02200000 1.31545900 0.11442300
v 0.02200000 1.36237100 0.15957200
v 0.02200000 1.36237100 0.15957200
v 0.02200000 1.31670000 0.11370700
v 0.02200000 1.31670000 0.11370700
v 0.02200000 1.36335900 0.15795600
v 0.02200000 1.36335900 0.15795600
v 0.02200000 1.36426500 0.15629200
v 0.02200000 1.36426500 0.15629200
v 0.02200000 1.36508700 0.15458400
v 0.02200000 1.36508700 0.15458400
v 0.02200000 1.36582300 0.15283800
v 0.02200000 1.36582300 0.15283800
v 0.02200000 1.36647100 0.15105800
v 0.02200000 1.36647100 0.15105800
v 0.02200000 1.36703000 0.14924700
v 0.02200000 1.36703000 0.14924700
v 0.02200000 1.36749700 0.14741100
v 0.02200000 1.36749700 0.14741100
v 0.02200000 1.36787300 0.14555400
v 0.02200000 1.36787300 0.14555400
v 0.02200000 1.36815500 0.14368100
v 0.02200000 1.36815500 0.14368100
v 0.02200000 1.36834400 0.14179500
v 0.02200000 1.36834400 0.14179500
v 0.02200000 1.36843800 0.13990300
v 0.02200000 1.36843800 0.13990300
v 0.02200000 1.33045000 0.10095600
v 0.02200000 1.33045000 0.10095600
v 0.02200000 1.32901700 0.11024100
v 0.02200000 1.32901700 0.11024100
v 0.02200000 1.32758700 0.11034800
v 0.02200000 1.32758700 0.11034800
v 0.02200000 1.32616500 0.11052700
v 0.02200000 1.32616500 0.11052700
v 0.02200000 1.32475300 0.11077600
v 0.02200000 1.32475300 0.11077600
v 0.02200000 1.32335600 0.11109500
v 0.02200000 1.32335600 0.11109500
v 0.02200000 1.32197600 0.11148300
v 0.02200000 1.32197600 0.11148300
v 0.02200000 1.32061700 0.11193900
v 0.02200000 1.32061700 0.11193900
v 0.02200000 1.31928300 0.11246300
v 0.02200000 1.31928300 0.11246300
v 0.02200000 1.31797600 0.11305300
v 0.02200000 1.31797600 0.11305300
v 0.02200000 1.36843800 0.13800800
v 0.02200000 1.36843800 0.13800800
v 0.02200000 1.33234400 0.10100300
v 0.02200000 1.33234400 0.10100300
v 0.02200000 1.36834400 0.13611600
v 0.02200000 1.36834400 0.13611600
v 0.02200000 1.33423400 0.10114400
v 0.02200000 1.33423400 0.10114400
v 0.02200000 1.36815500 0.13423000
v 0.02200000 1.36815500 0.13423000
v 0.02200000 1.33611400 0.10138000
v 0.02200000 1.33611400 0.10138000
v 0.02200000 1.36787300 0.13235700
v 0.02200000 1.36787300 0.13235700
v 0.02200000 1.33798000 0.10170900
v 0.02200000 1.33798000 0.10170900
v 0.02200000 1.36749700 0.13050000
v 0.02200000 1.36749700 0.13050000
v 0.02200000 1.33982700 0.10213100
v 0.02200000 1.33982700 0.10213100
v 0.02200000 1.36703000 0.12866400
v 0.02200000 1.36703000 0.12866400
v 0.02200000 1.34165100 0.10264400
v 0.02200000 1.34165100 0.10264400
v 0.02200000 1.36647100 0.12685300
v 0.02200000 1.36647100 0.12685300
v 0.02200000 1.34344700 0.10324700
v 0.02200000 1.34344700 0.10324700
v 0.02200000 1.36582300 0.12507300
v 0.02200000 1.36582300 0.12507300
v 0.02200000 1.34521100 0.10393900
v 0.02200000 1.34521100 0.10393900
v 0.02200000 1.36508700 0.12332700
v 0.02200000 1.36508700 0.12332700
v 0.02200000 1.34693800 0.10471900
v 0.02200000 1.34693800 0.10471900
v 0.02200000 1.36426500 0.12161900
v 0.02200000 1.36426500 0.12161900
v 0.02200000 1.34862400 0.10558300
v 0.02200000 1.34862400 0.10558300
v 0.02200000 1.36335900 0.11995600
v 0.02200000 1.36335900 0.11995600
v 0.02200000 1.35026500 0.10653000
v 0.02200000 1.35026500 0.10653000
v 0.02200000 1.36237100 0.11833900
v 0.02200000 1.36237100 0.11833900
v 0.02200000 1.35185600 0.10755800
v 0.02200000 1.35185600 0.10755800
v 0.02200000 1.36130400 0.11677300
v 0.02200000 1.36130400 0.11677300
v 0.02200000 1.35339500 0.10866400
v 0.02200000 1.35339500 0.10866400
v 0.02200000 1.36016000 0.11526300
v 0.02200000 1.36016000 0.11526300
v 0.02200000 1.35487600 0.10984600
v 0.02200000 1.35487600 0.10984600
v 0.02200000 1.35894200 0.11381100
v 0.02200000 1.35894200 0.11381100
v 0.02200000 1.35629700 0.11110000
v 0.02200000 1.35629700 0.11110000
v 0.02200000 1.35765300 0.11242300
v 0.02200000 1.35765300 0.11242300
v 0.02700000 1.33045000 0.10095600
v 0.01700000 1.26735000 0.10095500
v 0.01700000 1.26735000 0.10095500
v 0.00000000 1.24535000 0.10095500
v 0.00000000 1.24535000 0.10095500
v 0.00000000 1.26735000 0.10095500
v 0.00000000 1.26735000 0.10095500
v 0.01724500 1.26735600 0.10095500
v 0.01724500 1.26735600 0.10095500
v 0.02700000 1.24535000 0.10095500
v 0.02700000 1.24535000 0.10095500
v 0.01749000 1.26737400 0.10095500
v 0.01749000 1.26737400 0.10095500
v 0.01773400 1.26740400 0.10095500
v 0.01773400 1.26740400 0.10095500
v 0.01797500 1.26744600 0.10095500
v 0.01797500 1.26744600 0.10095500
v 0.01821500 1.26750000 0.10095500
v 0.01821500 1.26750000 0.10095500
v 0.01845100 1.26756500 0.10095500
v 0.01845100 1.26756500 0.10095500
v 0.01868400 1.26764200 0.10095500
v 0.01868400 1.26764200 0.10095500
v 0.01891300 1.26773100 0.10095500
v 0.01891300 1.26773100 0.10095500
v 0.01913800 1.26783000 0.10095500
v 0.01913800 1.26783000 0.10095500
v 0.01935700 1.26794100 0.10095500
v 0.01935700 1.26794100 0.10095500
v 0.01957100 1.26806200 0.10095500
v 0.01957100 1.26806200 0.10095500
v 0.01977800 1.26819300 0.10095500
v 0.01977800 1.26819300 0.10095500
v 0.01997900 1.26833400 0.10095500
v 0.01997900 1.26833400 0.10095500
v 0.02017200 1.26848500 0.10095500
v 0.02017200 1.26848500 0.10095500
v 0.02035800 1.26864500 0.10095500
v 0.02035800 1.26864500 0.10095500
v 0.02053600 1.26881500 0.10095500
v 0.02053600 1.26881500 0.10095500
v 0.02070500 1.26899200 0.10095500
v 0.02070500 1.26899200 0.10095500
v 0.02086500 1.26917800 0.10095500
v 0.02086500 1.26917800 0.10095500
v 0.02101600 1.26937200 0.10095500
v 0.02101600 1.26937200 0.10095500
v 0.02115700 1.26957200 0.10095500
v 0.02115700 1.26957200 0.10095500
v 0.02128900 1.26978000 0.10095500
v 0.02128900 1.26978000 0.10095500
v 0.02141000 1.26999300 0.10095500
v 0.02141000 1.26999300 0.10095500
v 0.02152000 1.27021200 0.10095500
v 0.02152000 1.27021200 0.10095500
v 0.02161900 1.27043700 0.10095500
v 0.02161900 1.27043700 0.10095500
v 0.02170800 1.27066600 0.10095500
v 0.02170800 1.27066600 0.10095500
v 0.02178500 1.27089900 0.10095500
v 0.02178500 1.27089900 0.10095500
v 0.02185000 1.27113500 0.10095500
v 0.02185000 1.27113500 0.10095500
v 0.02190400 1.27137500 0.10095500
v 0.02190400 1.27137500 0.10095500
v 0.02194600 1.27161600 0.10095500
v 0.02194600 1.27161600 0.10095500
v 0.02197600 1.27186000 0.10095500
v 0.02197600 1.27186000 0.10095500
v 0.02199400 1.27210500 0.10095500
v 0.02199400 1.27210500 0.10095500
v 0.02700000 1.33045000 0.17695600
v 0.02700000 1.33234400 0.17690800
v 0.02700000 1.33423400 0.17676700
v 0.02700000 1.33611400 0.17653100
v 0.02700000 1.33798000 0.17620200
v 0.02700000 1.33982700 0.17578000
v 0.02700000 1.34165100 0.17526700
v 0.02700000 1.34344700 0.17466400
v 0.02700000 1.34521100 0.17397200
v 0.02700000 1.34693800 0.17319200
v 0.02700000 1.34862400 0.17232800
v 0.02700000 1.35026500 0.17138100
v 0.02700000 1.35185600 0.17035300
v 0.02700000 1.35339500 0.16924700
v 0.02700000 1.35487600 0.16806500
v 0.02700000 1.35629700 0.16681100
v 0.02700000 1.35765300 0.16548800
v 0.02700000 1.35894200 0.16410000
v 0.02700000 1.36016000 0.16264800
v 0.02700000 1.36130400 0.16113800
v 0.02700000 1.36237100 0.15957200
v 0.02700000 1.36335900 0.15795600
v 0.02700000 1.36426500 0.15629200
v 0.02700000 1.36508700 0.15458400
v 0.02700000 1.36582300 0.15283800
v 0.02700000 1.36647100 0.15105800
v 0.02700000 1.36703000 0.14924700
v 0.02700000 1.36749700 0.14741100
v 0.02700000 1.36787300 0.14555400
v 0.02700000 1.36815500 0.14368100
v 0.02700000 1.36834400 0.14179500
v 0.02700000 1.36843800 0.13990300
v 0.02700000 1.36843800 0.13800800
v 0.02700000 1.36834400 0.13611600
v 0.02700000 1.36815500 0.13423000
v 0.02700000 1.36787300 0.13235700
v 0.02700000 1.36749700 0.13050000
v 0.02700000 1.36703000 0.12866400
v 0.02700000 1.36647100 0.12685300
v 0.02700000 1.36582300 0.12507300
v 0.02700000 1.36508700 0.12332700
v 0.02700000 1.36426500 0.12161900
v 0.02700000 1.36335900 0.11995600
v 0.02700000 1.36237100 0.11833900
v 0.02700000 1.36130400 0.11677300
v 0.02700000 1.36016000 0.11526300
v 0.02700000 1.35894200 0.11381100
v 0.02700000 1.35765300 0.11242300
v 0.02700000 1.35629700 0.11110000
v 0.02700000 1.35487600 0.10984600
v 0.02700000 1.35339500 0.10866400
v 0.02700000 1.35185600 0.10755800
v 0.02700000 1.35026500 0.10653000
v 0.02700000 1.34862400 0.10558300
v 0.02700000 1.34693800 0.10471900
v 0.02700000 1.34521100 0.10393900
v 0.02700000 1.34344700 0.10324700
v 0.02700000 1.34165100 0.10264400
v 0.02700000 1.33982700 0.10213100
v 0.02700000 1.33798000 0.10170900
v 0.02700000 1.33611400 0.10138000
v 0.02700000 1.33423400 0.10114400
v 0.02700000 1.33234400 0.10100300
v 0.01700000 1.26735000 0.17695600
v 0.01700000 1.26735000 0.17695600
v 0.02700000 1.24535000 0.17695600
v 0.02700000 1.24535000 0.17695600
v 0.01724500 1.26735600 0.17695600
v 0.01724500 1.26735600 0.17695600
v 0.01749000 1.26737400 0.17695600
v 0.01749000 1.26737400 0.17695600
v 0.01773400 1.26740400 0.17695600
v 0.01773400 1.26740400 0.17695600
v 0.01797500 1.26744600 0.17695600
v 0.01797500 1.26744600 0.17695600
v 0.01821500 1.26750000 0.17695600
v 0.01821500 1.26750000 0.17695600
v 0.01845100 1.26756500 0.17695600
v 0.01845100 1.26756500 0.17695600
v 0.01868400 1.26764200 0.17695600
v 0.01868400 1.26764200 0.17695600
v 0.01891300 1.26773100 0.17695600
v 0.01891300 1.26773100 0.17695600
v 0.01913800 1.26783000 0.17695600
v 0.01913800 1.26783000 0.17695600
v 0.01935700 1.26794100 0.17695600
v 0.01935700 1.26794100 0.17695600
v 0.01957100 1.26806200 0.17695600
v 0.01957100 1.26806200 0.17695600
v 0.01977800 1.26819300 0.17695600
v 0.01977800 1.26819300 0.17695600
v 0.01997900 1.26833400 0.17695600
v 0.01997900 1.26833400 0.17695600
v 0.02017200 1.26848500 0.17695600
v 0.02017200 1.26848500 0.17695600
v 0.02035800 1.26864500 0.17695600
v 0.02035800 1.26864500 0.17695600
v 0.02053600 1.26881500 0.17695600
v 0.02053600 1.26881500 0.17695600
v 0.02070500 1.26899200 0.17695600
v 0.02070500 1.26899200 0.17695600
v 0.02086500 1.26917800 0.17695600
v 0.02086500 1.26917800 0.17695600
v 0.02101600 1.26937200 0.17695600
v 0.02101600 1.26937200 0.17695600
v 0.02115700 1.26957200 0.17695600
v 0.02115700 1.26957200 0.17695600
v 0.02128900 1.26978000 0.17695600
v 0.02128900 1.26978000 0.17695600
v 0.02141000 1.26999300 0.17695600
v 0.02141000 1.26999300 0.17695600
v 0.02152000 1.27021200 0.17695600
v 0.02152000 1.27021200 0.17695600
v 0.02161900 1.27043700 0.17695600
v 0.02161900 1.27043700 0.17695600
v 0.02170800 1.27066600 0.17695600
v 0.02170800 1.27066600 0.17695600
v 0.02178500 1.27089900 0.17695600
v 0.02178500 1.27089900 0.17695600
v 0.02185000 1.27113500 0.17695600
v 0.02185000 1.27113500 0.17695600
v 0.02190400 1.27137500 0.17695600
v 0.02190400 1.27137500 0.17695600
v 0.02194600 1.27161600 0.17695600
v 0.02194600 1.27161600 0.17695600
v 0.02197600 1.27186000 0.17695600
v 0.02197600 1.27186000 0.17695600
v 0.02199400 1.27210500 0.17695600
v 0.02199400 1.27210500 0.17695600
v -0.02000400 1.24535000 0.15946500
v -0.02000400 1.24535000 0.15946500
v -0.02100200 1.24535000 0.15844200
v -0.02100200 1.24535000 0.15844200
v -0.01895700 1.24535000 0.16043700
v -0.01895700 1.24535000 0.16043700
v -0.02194700 1.24535000 0.15737100
v -0.02194700 1.24535000 0.15737100
v -0.01786300 1.24535000 0.16135500
v -0.01786300 1.24535000 0.16135500
v -0.02283800 1.24535000 0.15625500
v -0.02283800 1.24535000 0.15625500
v -0.01672400 1.24535000 0.16221800
v -0.01672400 1.24535000 0.16221800
v -0.02367200 1.24535000 0.15509500
v -0.02367200 1.24535000 0.15509500
v -0.01554400 1.24535000 0.16302200
v -0.01554400 1.24535000 0.16302200
v -0.02444700 1.24535000 0.15389500
v -0.02444700 1.24535000 0.15389500
v -0.01432500 1.24535000 0.16376700
v -0.01432500 1.24535000 0.16376700
v -0.02516100 1.24535000 0.15265700
v -0.02516100 1.24535000 0.15265700
v -0.01307000 1.24535000 0.16445000
v -0.01307000 1.24535000 0.16445000
v -0.02581300 1.24535000 0.15138600
v -0.02581300 1.24535000 0.15138600
v -0.01178300 1.24535000 0.16507000
v -0.01178300 1.24535000 0.16507000
v -0.02640000 1.24535000 0.15008400
v -0.02640000 1.24535000 0.15008400
v -0.01046700 1.24535000 0.16562500
v -0.01046700 1.24535000 0.16562500
v -0.02692200 1.24535000 0.14875400
v -0.02692200 1.24535000 0.14875400
v -0.00912500 1.24535000 0.16611400
v -0.00912500 1.24535000 0.16611400
v -0.02737700 1.24535000 0.14740000
v -0.02737700 1.24535000 0.14740000
v -0.00776000 1.24535000 0.16653500
v -0.00776000 1.24535000 0.16653500
v -0.02776400 1.24535000 0.14602500
v -0.02776400 1.24535000 0.14602500
v -0.00637500 1.24535000 0.16688700
v -0.00637500 1.24535000 0.16688700
v -0.02808200 1.24535000 0.14463200
v -0.02808200 1.24535000 0.14463200
v -0.00497500 1.24535000 0.16717000
v -0.00497500 1.24535000 0.16717000
v -0.02833000 1.24535000 0.14322600
v -0.02833000 1.24535000 0.14322600
v -0.00356200 1.24535000 0.16738300
v -0.00356200 1.24535000 0.16738300
v -0.02850800 1.24535000 0.14180800
v -0.02850800 1.24535000 0.14180800
v -0.00214100 1.24535000 0.16752500
v -0.00214100 1.24535000 0.16752500
v -0.02861400 1.24535000 0.14038400
v -0.02861400 1.24535000 0.14038400
v -0.00071400 1.24535000 0.16759700
v -0.00071400 1.24535000 0.16759700
v -0.03795400 1.24535000 0.13709100
v -0.03795400 1.24535000 0.13709100
v 0.00071400 1.24535000 0.16759700
v 0.00071400 1.24535000 0.16759700
v -0.03781700 1.24535000 0.13523100
v -0.03781700 1.24535000 0.13523100
v 0.00214100 1.24535000 0.16752500
v 0.00214100 1.24535000 0.16752500
v -0.03758900 1.24535000 0.13338000
v -0.03758900 1.24535000 0.13338000
v 0.00356200 1.24535000 0.16738300
v 0.00356200 1.24535000 0.16738300
v -0.03727000 1.24535000 0.13154200
v -0.03727000 1.24535000 0.13154200
v 0.00497500 1.24535000 0.16717000
v 0.00497500 1.24535000 0.16717000
v -0.03686100 1.24535000 0.12972200
v -0.03686100 1.24535000 0.12972200
v 0.00637500 1.24535000 0.16688700
v 0.00637500 1.24535000 0.16688700
v -0.03636400 1.24535000 0.12792500
v -0.03636400 1.24535000 0.12792500
v 0.00776000 1.24535000 0.16653500
v 0.00776000 1.24535000 0.16653500
v -0.03577900 1.24535000 0.12615400
v -0.03577900 1.24535000 0.12615400
v 0.00912500 1.24535000 0.16611400
v 0.00912500 1.24535000 0.16611400
v -0.03510700 1.24535000 0.12441400
v -0.03510700 1.24535000 0.12441400
v -0.03435200 1.24535000 0.12270800
v -0.03435200 1.24535000 0.12270800
v -0.03351300 1.24535000 0.12104200
v -0.03351300 1.24535000 0.12104200
v -0.03259400 1.24535000 0.11942000
v -0.03259400 1.24535000 0.11942000
v 0.01307000 1.24535000 0.16445000
v 0.01307000 1.24535000 0.16445000
v 0.01178300 1.24535000 0.16507000
v 0.01178300 1.24535000 0.16507000
v 0.01046700 1.24535000 0.16562500
v 0.01046700 1.24535000 0.16562500
v 0.01432500 1.24535000 0.16376700
v 0.01432500 1.24535000 0.16376700
v -0.03159600 1.24535000 0.11784400
v -0.03159600 1.24535000 0.11784400
v 0.01554400 1.24535000 0.16302200
v 0.01554400 1.24535000 0.16302200
v -0.03052200 1.24535000 0.11631900
v -0.03052200 1.24535000 0.11631900
v 0.01672400 1.24535000 0.16221800
v 0.01672400 1.24535000 0.16221800
v -0.02937400 1.24535000 0.11484900
v -0.02937400 1.24535000 0.11484900
v 0.01786300 1.24535000 0.16135500
v 0.01786300 1.24535000 0.16135500
v -0.02815600 1.24535000 0.11343600
v -0.02815600 1.24535000 0.11343600
v 0.01895700 1.24535000 0.16043700
v 0.01895700 1.24535000 0.16043700
v 0.02866600 1.24535000 0.17687400
v 0.02866600 1.24535000 0.17687400
v 0.02000400 1.24535000 0.15946500
v 0.02000400 1.24535000 0.15946500
v 0.02949400 1.24535000 0.17677200
v 0.02949400 1.24535000 0.17677200
v 0.02783400 1.24535000 0.17693500
v 0.02783400 1.24535000 0.17693500
v -0.02687000 1.24535000 0.11208500
v -0.02687000 1.24535000 0.11208500
v 0.03426800 1.24535000 0.17532300
v 0.03426800 1.24535000 0.17532300
v 0.02100200 1.24535000 0.15844200
v 0.02100200 1.24535000 0.15844200
v 0.03501400 1.24535000 0.17494800
v 0.03501400 1.24535000 0.17494800
v 0.03350600 1.24535000 0.17566100
v 0.03350600 1.24535000 0.17566100
v 0.03272700 1.24535000 0.17596200
v 0.03272700 1.24535000 0.17596200
v 0.03193500 1.24535000 0.17622300
v 0.03193500 1.24535000 0.17622300
v 0.03113100 1.24535000 0.17644600
v 0.03113100 1.24535000 0.17644600
v 0.03031700 1.24535000 0.17662900
v 0.03031700 1.24535000 0.17662900
v -0.02551900 1.24535000 0.11079900
v -0.02551900 1.24535000 0.11079900
v 0.03644500 1.24535000 0.17409000
v 0.03644500 1.24535000 0.17409000
v 0.02194700 1.24535000 0.15737100
v 0.02194700 1.24535000 0.15737100
v 0.03712700 1.24535000 0.17361000
v 0.03712700 1.24535000 0.17361000
v 0.03574000 1.24535000 0.17453700
v 0.03574000 1.24535000 0.17453700
v 0.03778500 1.24535000 0.17309700
v 0.03778500 1.24535000 0.17309700
v 0.03841700 1.24535000 0.17255200
v 0.03841700 1.24535000 0.17255200
v -0.02410700 1.24535000 0.10958100
v -0.02410700 1.24535000 0.10958100
v 0.03902100 1.24535000 0.17197600
v 0.03902100 1.24535000 0.17197600
v 0.02283800 1.24535000 0.15625500
v 0.02283800 1.24535000 0.15625500
v 0.03959600 1.24535000 0.17137200
v 0.03959600 1.24535000 0.17137200
v -0.02263700 1.24535000 0.10843400
v -0.02263700 1.24535000 0.10843400
v 0.04014100 1.24535000 0.17074000
v 0.04014100 1.24535000 0.17074000
v 0.04065500 1.24535000 0.17008200
v 0.04065500 1.24535000 0.17008200
v -0.02111200 1.24535000 0.10736000
v -0.02111200 1.24535000 0.10736000
v 0.04113500 1.24535000 0.16940000
v 0.04113500 1.24535000 0.16940000
v 0.04158100 1.24535000 0.16869500
v 0.04158100 1.24535000 0.16869500
v 0.04199300 1.24535000 0.16796900
v 0.04199300 1.24535000 0.16796900
v -0.01953600 1.24535000 0.10636200
v -0.01953600 1.24535000 0.10636200
v 0.04236800 1.24535000 0.16722400
v 0.04236800 1.24535000 0.16722400
v 0.02367200 1.24535000 0.15509500
v 0.02367200 1.24535000 0.15509500
v 0.04270600 1.24535000 0.16646100
v 0.04270600 1.24535000 0.16646100
v -0.01791300 1.24535000 0.10544200
v -0.01791300 1.24535000 0.10544200
v 0.04300600 1.24535000 0.16568300
v 0.04300600 1.24535000 0.16568300
v 0.04326800 1.24535000 0.16489000
v 0.04326800 1.24535000 0.16489000
v -0.01624700 1.24535000 0.10460400
v -0.01624700 1.24535000 0.10460400
v 0.04349100 1.24535000 0.16408600
v 0.04349100 1.24535000 0.16408600
v 0.04367300 1.24535000 0.16327200
v 0.04367300 1.24535000 0.16327200
v 0.04381600 1.24535000 0.16245000
v 0.04381600 1.24535000 0.16245000
v -0.01454200 1.24535000 0.10384800
v -0.01454200 1.24535000 0.10384800
v 0.04391800 1.24535000 0.16162200
v 0.04391800 1.24535000 0.16162200
v 0.02444700 1.24535000 0.15389500
v 0.02444700 1.24535000 0.15389500
v 0.04398000 1.24535000 0.16079000
v 0.04398000 1.24535000 0.16079000
v -0.01280200 1.24535000 0.10317700
v -0.01280200 1.24535000 0.10317700
v 0.04400000 1.24535000 0.15995600
v 0.04400000 1.24535000 0.15995600
v 0.02692200 1.24535000 0.14875400
v 0.02692200 1.24535000 0.14875400
v 0.02640000 1.24535000 0.15008400
v 0.02640000 1.24535000 0.15008400
v 0.02581300 1.24535000 0.15138600
v 0.02581300 1.24535000 0.15138600
v 0.02516100 1.24535000 0.15265700
v 0.02516100 1.24535000 0.15265700
v 0.02808200 1.24535000 0.14463200
v 0.02808200 1.24535000 0.14463200
v 0.02776400 1.24535000 0.14602500
v 0.02776400 1.24535000 0.14602500
v 0.02737700 1.24535000 0.14740000
v 0.02737700 1.24535000 0.14740000
v 0.02833000 1.24535000 0.14322600
v 0.02833000 1.24535000 0.14322600
v -0.01103100 1.24535000 0.10259200
v -0.01103100 1.24535000 0.10259200
v 0.02850800 1.24535000 0.14180800
v 0.02850800 1.24535000 0.14180800
v 0.02861400 1.24535000 0.14038400
v 0.02861400 1.24535000 0.14038400
v -0.00923300 1.24535000 0.10209400
v -0.00923300 1.24535000 0.10209400
v -0.00741300 1.24535000 0.10168600
v -0.00741300 1.24535000 0.10168600
v -0.00557600 1.24535000 0.10136700
v -0.00557600 1.24535000 0.10136700
v -0.00372500 1.24535000 0.10113800
v -0.00372500 1.24535000 0.10113800
v -0.00186500 1.24535000 0.10100100
v -0.00186500 1.24535000 0.10100100
v 0.04400000 1.24535000 0.11795500
v 0.04400000 1.24535000 0.11795500
v 0.02783400 1.24535000 0.10097600
v 0.02783400 1.24535000 0.10097600
v 0.04398000 1.24535000 0.11712100
v 0.04398000 1.24535000 0.11712100
v 0.02866600 1.24535000 0.10103700
v 0.02866600 1.24535000 0.10103700
v 0.04391800 1.24535000 0.11628900
v 0.04391800 1.24535000 0.11628900
v 0.02949400 1.24535000 0.10113900
v 0.02949400 1.24535000 0.10113900
v 0.04381600 1.24535000 0.11546100
v 0.04381600 1.24535000 0.11546100
v 0.03031700 1.24535000 0.10128200
v 0.03031700 1.24535000 0.10128200
v 0.04367300 1.24535000 0.11463900
v 0.04367300 1.24535000 0.11463900
v 0.03113100 1.24535000 0.10146500
v 0.03113100 1.24535000 0.10146500
v 0.04349100 1.24535000 0.11382500
v 0.04349100 1.24535000 0.11382500
v 0.03193500 1.24535000 0.10168800
v 0.03193500 1.24535000 0.10168800
v 0.04326800 1.24535000 0.11302100
v 0.04326800 1.24535000 0.11302100
v 0.03272700 1.24535000 0.10194900
v 0.03272700 1.24535000 0.10194900
v 0.04300600 1.24535000 0.11222800
v 0.04300600 1.24535000 0.11222800
v 0.03350600 1.24535000 0.10225000
v 0.03350600 1.24535000 0.10225000
v 0.04270600 1.24535000 0.11145000
v 0.04270600 1.24535000 0.11145000
v 0.03426800 1.24535000 0.10258800
v 0.03426800 1.24535000 0.10258800
v 0.04236800 1.24535000 0.11068700
v 0.04236800 1.24535000 0.11068700
v 0.03501400 1.24535000 0.10296300
v 0.03501400 1.24535000 0.10296300
v 0.04199300 1.24535000 0.10994200
v 0.04199300 1.24535000 0.10994200
v 0.03574000 1.24535000 0.10337400
v 0.03574000 1.24535000 0.10337400
v 0.04158100 1.24535000 0.10921600
v 0.04158100 1.24535000 0.10921600
v 0.04113500 1.24535000 0.10851100
v 0.04113500 1.24535000 0.10851100
v 0.03644500 1.24535000 0.10382100
v 0.03644500 1.24535000 0.10382100
v 0.03712700 1.24535000 0.10430100
v 0.03712700 1.24535000 0.10430100
v 0.04065500 1.24535000 0.10782900
v 0.04065500 1.24535000 0.10782900
v 0.03778500 1.24535000 0.10481400
v 0.03778500 1.24535000 0.10481400
v 0.04014100 1.24535000 0.10717100
v 0.04014100 1.24535000 0.10717100
v 0.03841700 1.24535000 0.10535900
v 0.03841700 1.24535000 0.10535900
v 0.03959600 1.24535000 0.10653900
v 0.03959600 1.24535000 0.10653900
v 0.03902100 1.24535000 0.10593500
v 0.03902100 1.24535000 0.10593500
v 0.04400000 1.33045000 0.15995600
v 0.04400000 1.33254100 0.15985100
v 0.04400000 1.33149700 0.15992900
v 0.04400000 1.33461100 0.15953900
v 0.04400000 1.33358000 0.15972100
v 0.04400000 1.33664000 0.15902300
v 0.04400000 1.33563200 0.15930600
v 0.04400000 1.33763300 0.15868900
v 0.04400000 1.33860700 0.15830700
v 0.04400000 1.33956200 0.15787600
v 0.04400000 1.34140000 0.15687500
v 0.04400000 1.34049300 0.15739800
v 0.04400000 1.34228000 0.15630700
v 0.04400000 1.34394900 0.15504200
v 0.04400000 1.34313000 0.15569500
v 0.04400000 1.34548300 0.15361800
v 0.04400000 1.34473400 0.15435000
v 0.04400000 1.34750100 0.15121400
v 0.04400000 1.34686900 0.15204900
v 0.04400000 1.34619500 0.15285100
v 0.04400000 1.34809100 0.15034900
v 0.04400000 1.34863700 0.14945600
v 0.04400000 1.34959200 0.14759300
v 0.04400000 1.34913700 0.14853600
v 0.04400000 1.35035600 0.14564400
v 0.04400000 1.34999800 0.14662800
v 0.04400000 1.35092400 0.14362800
v 0.04400000 1.35066500 0.14464300
v 0.04400000 1.35139100 0.14052500
v 0.04400000 1.35128700 0.14156700
v 0.04400000 1.35113100 0.14260200
v 0.04400000 1.35144400 0.13947900
v 0.04400000 1.33045000 0.11795500
v 0.04400000 1.35144400 0.13843200
v 0.04400000 1.33149700 0.11798200
v 0.04400000 1.33254100 0.11806000
v 0.04400000 1.35128700 0.13634400
v 0.04400000 1.35139100 0.13738600
v 0.04400000 1.33358000 0.11819000
v 0.04400000 1.35113100 0.13530900
v 0.04400000 1.35092400 0.13428300
v 0.04400000 1.33763300 0.11922200
v 0.04400000 1.33461100 0.11837200
v 0.04400000 1.33563200 0.11860500
v 0.04400000 1.33664000 0.11888800
v 0.04400000 1.34999800 0.13128300
v 0.04400000 1.35035600 0.13226700
v 0.04400000 1.35066500 0.13326800
v 0.04400000 1.33860700 0.11960500
v 0.04400000 1.34959200 0.13031800
v 0.04400000 1.34049300 0.12051300
v 0.04400000 1.33956200 0.12003500
v 0.04400000 1.34863700 0.12845600
v 0.04400000 1.34913700 0.12937500
v 0.04400000 1.34140000 0.12103600
v 0.04400000 1.34809100 0.12756200
v 0.04400000 1.34313000 0.12221600
v 0.04400000 1.34228000 0.12160400
v 0.04400000 1.34686900 0.12586200
v 0.04400000 1.34750100 0.12669700
v 0.04400000 1.34394900 0.12286900
v 0.04400000 1.34619500 0.12506000
v 0.04400000 1.34548300 0.12429300
v 0.04400000 1.34473400 0.12356100
v -0.00186500 1.26735000 0.10100100
v -0.00186500 1.26735000 0.10100100
v -0.03795400 1.26735000 0.13709100
v -0.03795400 1.26735000 0.13709100
v -0.03781700 1.26735000 0.13523100
v -0.03781700 1.26735000 0.13523100
v -0.00557600 1.26735000 0.10136700
v -0.00557600 1.26735000 0.10136700
v -0.00372500 1.26735000 0.10113800
v -0.00372500 1.26735000 0.10113800
v -0.03727000 1.26735000 0.13154200
v -0.03727000 1.26735000 0.13154200
v -0.03758900 1.26735000 0.13338000
v -0.03758900 1.26735000 0.13338000
v -0.00741300 1.26735000 0.10168600
v -0.00741300 1.26735000 0.10168600
v -0.00923300 1.26735000 0.10209400
v -0.00923300 1.26735000 0.10209400
v -0.01103100 1.26735000 0.10259200
v -0.01103100 1.26735000 0.10259200
v -0.03636400 1.26735000 0.12792500
v -0.03636400 1.26735000 0.12792500
v -0.03686100 1.26735000 0.12972200
v -0.03686100 1.26735000 0.12972200
v -0.01280200 1.26735000 0.10317700
v -0.01280200 1.26735000 0.10317700
v -0.03577900 1.26735000 0.12615400
v -0.03577900 1.26735000 0.12615400
v -0.01624700 1.26735000 0.10460400
v -0.01624700 1.26735000 0.10460400
v -0.01454200 1.26735000 0.10384800
v -0.01454200 1.26735000 0.10384800
v -0.03435200 1.26735000 0.12270800
v -0.03435200 1.26735000 0.12270800
v -0.03510700 1.26735000 0.12441400
v -0.03510700 1.26735000 0.12441400
v -0.03259400 1.26735000 0.11942000
v -0.03259400 1.26735000 0.11942000
v -0.03351300 1.26735000 0.12104200
v -0.03351300 1.26735000 0.12104200
v -0.01953600 1.26735000 0.10636200
v -0.01953600 1.26735000 0.10636200
v -0.01791300 1.26735000 0.10544200
v -0.01791300 1.26735000 0.10544200
v -0.03159600 1.26735000 0.11784400
v -0.03159600 1.26735000 0.11784400
v -0.02111200 1.26735000 0.10736000
v -0.02111200 1.26735000 0.10736000
v -0.02263700 1.26735000 0.10843400
v -0.02263700 1.26735000 0.10843400
v -0.02410700 1.26735000 0.10958100
v -0.02410700 1.26735000 0.10958100
v -0.02551900 1.26735000 0.11079900
v -0.02551900 1.26735000 0.11079900
v -0.02687000 1.26735000 0.11208500
v -0.02687000 1.26735000 0.11208500
v -0.03052200 1.26735000 0.11631900
v -0.03052200 1.26735000 0.11631900
v -0.02937400 1.26735000 0.11484900
v -0.02937400 1.26735000 0.11484900
v -0.02815600 1.26735000 0.11343600
v -0.02815600 1.26735000 0.11343600
v 0.02783400 1.33045000 0.10097600
v 0.02866600 1.33045000 0.10103700
v 0.02949400 1.33045000 0.10114000
v 0.03031700 1.33045000 0.10128200
v 0.03113100 1.33045000 0.10146500
v 0.03193500 1.33045000 0.10168800
v 0.03272700 1.33045000 0.10194900
v 0.03350600 1.33045000 0.10225000
v 0.03426800 1.33045000 0.10258800
v 0.03501400 1.33045000 0.10296300
v 0.03574000 1.33045000 0.10337400
v 0.03644500 1.33045000 0.10382100
v 0.03712700 1.33045000 0.10430100
v 0.03778500 1.33045000 0.10481400
v 0.03841700 1.33045000 0.10535900
v 0.03902100 1.33045000 0.10593500
v 0.03959600 1.33045000 0.10653900
v 0.04014100 1.33045000 0.10717100
v 0.04065500 1.33045000 0.10782900
v 0.04113500 1.33045000 0.10851100
v 0.04158100 1.33045000 0.10921600
v 0.04199300 1.33045000 0.10994200
v 0.04236800 1.33045000 0.11068700
v 0.04270600 1.33045000 0.11145000
v 0.04300600 1.33045000 0.11222800
v 0.04326800 1.33045000 0.11302100
v 0.04349100 1.33045000 0.11382500
v 0.04367300 1.33045000 0.11463900
v 0.04381600 1.33045000 0.11546100
v 0.04391800 1.33045000 0.11628900
v 0.04398000 1.33045000 0.11712100
v 0.04398000 1.33045000 0.16079000
v 0.02783400 1.33234300 0.10102300
v 0.02866600 1.33234000 0.10108500
v 0.02783400 1.33423200 0.10116500
v 0.02949400 1.33233500 0.10118700
v 0.02866600 1.33422600 0.10122600
v 0.03031700 1.33232800 0.10132900
v 0.02783400 1.33611100 0.10140000
v 0.02949400 1.33421500 0.10132700
v 0.03113100 1.33231900 0.10151200
v 0.02866600 1.33610200 0.10146100
v 0.03031700 1.33420100 0.10146900
v 0.03193500 1.33230800 0.10173400
v 0.02783400 1.33797600 0.10172900
v 0.02949400 1.33608600 0.10156200
v 0.03113100 1.33418300 0.10165100
v 0.03272700 1.33229500 0.10199500
v 0.02866600 1.33796300 0.10178900
v 0.03031700 1.33606500 0.10170300
v 0.03193500 1.33416100 0.10187300
v 0.03350600 1.33228000 0.10229500
v 0.02783400 1.33982200 0.10215000
v 0.02949400 1.33794300 0.10188900
v 0.03113100 1.33603800 0.10188400
v 0.03272700 1.33413500 0.10213300
v 0.03426800 1.33226300 0.10263300
v 0.02866600 1.33980700 0.10221000
v 0.03031700 1.33791500 0.10202900
v 0.03193500 1.33600500 0.10210400
v 0.03350600 1.33410500 0.10243200
v 0.03501400 1.33224400 0.10300800
v 0.02783400 1.34164500 0.10266300
v 0.02949400 1.33978100 0.10230900
v 0.03113100 1.33787900 0.10220800
v 0.03272700 1.33596600 0.10236300
v 0.03426800 1.33407100 0.10276800
v 0.03574000 1.33222400 0.10341800
v 0.02866600 1.34162700 0.10272200
v 0.03031700 1.33974600 0.10244700
v 0.03193500 1.33783400 0.10242600
v 0.03350600 1.33592100 0.10266000
v 0.03501400 1.33403400 0.10314200
v 0.02783400 1.34344000 0.10326600
v 0.03644500 1.33220100 0.10386400
v 0.02949400 1.34159600 0.10282000
v 0.03113100 1.33970100 0.10262400
v 0.03272700 1.33778300 0.10268300
v 0.03426800 1.33587000 0.10299400
v 0.03574000 1.33399300 0.10355100
v 0.02866600 1.34341900 0.10332400
v 0.03712700 1.33217700 0.10434400
v 0.03031700 1.34155500 0.10295600
v 0.03193500 1.33964600 0.10284000
v 0.03350600 1.33772300 0.10297700
v 0.03501400 1.33581400 0.10336500
v 0.02783400 1.34520300 0.10395800
v 0.03644500 1.33394800 0.10399500
v 0.02949400 1.34338400 0.10342000
v 0.03778500 1.33215200 0.10485700
v 0.03113100 1.34150100 0.10313100
v 0.03272700 1.33958200 0.10309400
v 0.03426800 1.33765600 0.10330900
v 0.03574000 1.33575300 0.10377200
v 0.02866600 1.34517900 0.10401500
v 0.03712700 1.33390100 0.10447300
v 0.03031700 1.34333500 0.10355400
v 0.03841700 1.33212500 0.10540100
v 0.03193500 1.34143500 0.10334300
v 0.03350600 1.33950700 0.10338500
v 0.03501400 1.33758200 0.10367600
v 0.02783400 1.34692900 0.10473700
v 0.03644500 1.33568700 0.10421300
v 0.02949400 1.34513900 0.10410900
v 0.03778500 1.33384900 0.10498400
v 0.03113100 1.34327300 0.10372600
v 0.03902100 1.33209600 0.10597600
v 0.03272700 1.34135800 0.10359300
v 0.03426800 1.33942400 0.10371200
v 0.03574000 1.33750000 0.10408000
v 0.02866600 1.34690200 0.10479200
v 0.03712700 1.33561500 0.10468800
v 0.03031700 1.34508400 0.10424000
v 0.03841700 1.33379500 0.10552600
v 0.03193500 1.34319700 0.10393500
v 0.03959600 1.33206600 0.10657900
v 0.03350600 1.34126900 0.10388000
v 0.03501400 1.33933200 0.10407600
v 0.02783400 1.34861400 0.10560100
v 0.03644500 1.33741200 0.10451700
v 0.02949400 1.34685800 0.10488400
v 0.03778500 1.33553900 0.10519600
v 0.03113100 1.34501300 0.10440900
v 0.03902100 1.33373800 0.10609900
v 0.03272700 1.34310700 0.10418100
v 0.04014100 1.33203400 0.10721000
v 0.03426800 1.34117000 0.10420300
v 0.03574000 1.33923000 0.10447400
v 0.02866600 1.34858500 0.10565500
v 0.03712700 1.33731700 0.10498800
v 0.03031700 1.34679600 0.10501300
v 0.03841700 1.33545700 0.10573500
v 0.03193500 1.34492600 0.10461400
v 0.03959600 1.33367800 0.10670000
v 0.03350600 1.34300400 0.10446300
v 0.04065500 1.33200200 0.10786700
v 0.03501400 1.34105900 0.10456200
v 0.02783400 1.35025400 0.10654800
v 0.03644500 1.33912000 0.10490700
v 0.02949400 1.34853600 0.10574500
v 0.03778500 1.33721500 0.10549100
v 0.03113100 1.34671700 0.10517800
v 0.03902100 1.33537100 0.10630300
v 0.03272700 1.34482500 0.10485500
v 0.04014100 1.33361500 0.10732900
v 0.03426800 1.34288900 0.10478100
v 0.04113500 1.33196800 0.10854900
v 0.03574000 1.34093800 0.10495500
v 0.02866600 1.35022200 0.10660000
v 0.03712700 1.33900100 0.10537300
v 0.03031700 1.34846700 0.10587000
v 0.03841700 1.33710700 0.10602500
v 0.03193500 1.34662000 0.10537800
v 0.03959600 1.33528100 0.10690100
v 0.03350600 1.34470800 0.10513200
v 0.04065500 1.33354900 0.10798300
v 0.03501400 1.34276000 0.10513300
v 0.04158100 1.33193200 0.10925300
v 0.02783400 1.35184500 0.10757500
v 0.03644500 1.34080600 0.10538100
v 0.02949400 1.35016900 0.10668700
v 0.03778500 1.33887500 0.10587000
v 0.03113100 1.34838000 0.10603100
v 0.03902100 1.33699300 0.10658900
v 0.03272700 1.34650600 0.10561400
v 0.04014100 1.33518700 0.10752600
v 0.03426800 1.34457700 0.10544300
v 0.04113500 1.33348100 0.10866200
v 0.03574000 1.34262000 0.10552000
v 0.04199300 1.33189600 0.10997800
v 0.02866600 1.35181000 0.10762600
v 0.03712700 1.34066500 0.10584100
v 0.03031700 1.35009400 0.10680900
v 0.03841700 1.33874000 0.10639800
v 0.03193500 1.34827400 0.10622600
v 0.03959600 1.33687300 0.10718200
v 0.03350600 1.34637600 0.10588500
v 0.04065500 1.33508900 0.10817600
v 0.03501400 1.34443100 0.10578900
v 0.04158100 1.33341100 0.10936400
v 0.02783400 1.35338200 0.10868100
v 0.03644500 1.34246700 0.10593900
v 0.04236800 1.33185900 0.11072200
v 0.02949400 1.35175300 0.10771000
v 0.03778500 1.34051300 0.10633100
v 0.03113100 1.34999900 0.10696500
v 0.03902100 1.33859800 0.10695600
v 0.03272700 1.34814800 0.10645600
v 0.04014100 1.33674800 0.10780100
v 0.03426800 1.34622900 0.10618900
v 0.04113500 1.33498800 0.10885100
v 0.03574000 1.34427100 0.10616800
v 0.04199300 1.33333900 0.11008600
v 0.02866600 1.35334500 0.10873000
v 0.03712700 1.34230300 0.10639100
v 0.04270600 1.33182100 0.11148400
v 0.03031700 1.35167200 0.10782800
v 0.03841700 1.34035300 0.10685200
v 0.03193500 1.34988300 0.10715500
v 0.03959600 1.33844900 0.10754100
v 0.03350600 1.34800500 0.10672000
v 0.04065500 1.33661800 0.10844600
v 0.03501400 1.34606700 0.10652700
v 0.04158100 1.33488200 0.10954800
v 0.02783400 1.35486300 0.10986200
v 0.03644500 1.34409800 0.10657900
v 0.04236800 1.33326500 0.11082800
v 0.02949400 1.35328400 0.10881100
v 0.03778500 1.34212700 0.10687300
v 0.04300600 1.33178200 0.11226200
v 0.03113100 1.35156900 0.10797900
v 0.03902100 1.34018300 0.10740200
v 0.03272700 1.34974600 0.10737800
v 0.04014100 1.33829300 0.10815400
v 0.03426800 1.34784300 0.10701600
v 0.04113500 1.33648300 0.10911400
v 0.03574000 1.34588800 0.10689800
v 0.04199300 1.33477400 0.11026600
v 0.02866600 1.35482300 0.10990900
v 0.03712700 1.34391100 0.10702200
v 0.04270600 1.33318900 0.11158700
v 0.03031700 1.35319700 0.10892500
v 0.03841700 1.34194100 0.10738500
v 0.04326800 1.33174300 0.11305300
v 0.03193500 1.35144400 0.10816300
v 0.03959600 1.34000500 0.10797900
v 0.03350600 1.34959000 0.10763500
v 0.04065500 1.33813100 0.10879100
v 0.03501400 1.34766400 0.10734600
v 0.04158100 1.33634300 0.10980500
v 0.02783400 1.35628300 0.11111500
v 0.03644500 1.34569500 0.10730000
v 0.04236800 1.33466300 0.11100300
v 0.02949400 1.35475800 0.10998700
v 0.03778500 1.34371200 0.10749500
v 0.04300600 1.33311100 0.11236100
v 0.03113100 1.35308700 0.10907100
v 0.03902100 1.34174400 0.10792600
v 0.04349100 1.33170300 0.11385600
v 0.03272700 1.35129600 0.10838000
v 0.04014100 1.33981900 0.10858300
v 0.03426800 1.34941400 0.10792300
v 0.04113500 1.33796300 0.10945200
v 0.03574000 1.34746700 0.10770700
v 0.04199300 1.33619900 0.11051700
v 0.02866600 1.35624100 0.11116000
v 0.03712700 1.34548600 0.10773300
v 0.04270600 1.33455000 0.11175700
v 0.03031700 1.35466600 0.11009600
v 0.03841700 1.34350000 0.10799700
v 0.04326800 1.33303200 0.11315000
v 0.03193500 1.35295300 0.10924800
v 0.03959600 1.34153700 0.10849400
v 0.04367300 1.33166200 0.11466900
v 0.03350600 1.35112700 0.10862800
v 0.04065500 1.33962500 0.10921100
v 0.03501400 1.34921800 0.10824300
v 0.04158100 1.33778800 0.11013500
v 0.02783400 1.35763800 0.11243700
v 0.03644500 1.34725300 0.10809900
v 0.04236800 1.33605100 0.11124800
v 0.02949400 1.35617100 0.11123400
v 0.03778500 1.34526300 0.10819500
v 0.04300600 1.33443400 0.11252700
v 0.03113100 1.35454900 0.11023600
v 0.03902100 1.34327700 0.10852800
v 0.04349100 1.33295200 0.11395000
v 0.03272700 1.35279500 0.10945700
v 0.04014100 1.34132100 0.10908800
v 0.04381600 1.33162100 0.11549000
v 0.03426800 1.35093700 0.10890700
v 0.04113500 1.33942400 0.10986300
v 0.03574000 1.34900300 0.10859400
v 0.04199300 1.33760900 0.11083900
v 0.02866600 1.35759400 0.11248000
v 0.03712700 1.34702400 0.10852100
v 0.04270600 1.33590000 0.11199500
v 0.03031700 1.35607400 0.11133900
v 0.03841700 1.34502700 0.10868600
v 0.04326800 1.33431600 0.11331000
v 0.03193500 1.35440500 0.11040700
v 0.03959600 1.34304200 0.10908400
v 0.04367300 1.33287100 0.11476000
v 0.03350600 1.35261300 0.10969600
v 0.04065500 1.34109600 0.10970600
v 0.04391800 1.33158000 0.11631700
v 0.03501400 1.35072500 0.10921700
v 0.04158100 1.33921600 0.11053700
v 0.02783400 1.35892600 0.11382500
v 0.03644500 1.34877100 0.10897500
v 0.04236800 1.33742500 0.11156100
v 0.02949400 1.35752100 0.11255100
v 0.03778500 1.34677800 0.10897200
v 0.04300600 1.33574600 0.11275800
v 0.03113100 1.35595000 0.11147300
v 0.03902100 1.34477700 0.10920500
v 0.04349100 1.33419600 0.11410600
v 0.03272700 1.35423700 0.11060700
v 0.04014100 1.34279600 0.10966700
v 0.04381600 1.33278900 0.11557800
v 0.03426800 1.35240900 0.10996600
v 0.04113500 1.34086300 0.11034700
v 0.04398000 1.33153800 0.11714800
v 0.03574000 1.35049400 0.10955700
v 0.04199300 1.33900200 0.11123100
v 0.02866600 1.35888000 0.11386600
v 0.03712700 1.34852000 0.10938500
v 0.04270600 1.33723700 0.11230000
v 0.03031700 1.35741900 0.11265100
v 0.03841700 1.34651800 0.10945100
v 0.04326800 1.33558900 0.11353500
v 0.03193500 1.35579900 0.11163600
v 0.03959600 1.34451500 0.10974900
v 0.04367300 1.33407400 0.11491100
v 0.03350600 1.35404400 0.11083700
v 0.04065500 1.34254100 0.11027300
v 0.04391800 1.33270700 0.11640200
v 0.03501400 1.35218300 0.11026500
v 0.04158100 1.34062200 0.11100900
v 0.02783400 1.36014400 0.11527600
v 0.03644500 1.35024200 0.10992600
v 0.04236800 1.33878200 0.11194300
v 0.02949400 1.35880400 0.11393300
v 0.03778500 1.34825300 0.10982300
v 0.04300600 1.33704500 0.11305500
v 0.03113100 1.35728800 0.11277800
v 0.03902100 1.34624200 0.10995600
v 0.04349100 1.33543000 0.11432300
v 0.03272700 1.35562100 0.11182800
v 0.04014100 1.34424100 0.11031800
v 0.04381600 1.33395200 0.11572300
v 0.03426800 1.35382700 0.11109600
v 0.04113500 1.34227600 0.11090100
v 0.04398000 1.33262400 0.11723000
v 0.03574000 1.35193400 0.11059200
v 0.04199300 1.34037300 0.11169200
v 0.02866600 1.36009600 0.11531400
v 0.03712700 1.34997200 0.11032300
v 0.04270600 1.33855700 0.11267200
v 0.03031700 1.35869700 0.11402800
v 0.03841700 1.34796800 0.11028800
v 0.04326800 1.33685000 0.11382300
v 0.03193500 1.35712900 0.11293400
v 0.03959600 1.34595300 0.11048700
v 0.04367300 1.33526800 0.11512100
v 0.03350600 1.35541600 0.11204800
v 0.04065500 1.34395600 0.11091100
v 0.04391800 1.33382800 0.11654200
v 0.03501400 1.35358600 0.11138400
v 0.04158100 1.34200200 0.11155100
v 0.02783400 1.36128700 0.11678500
v 0.03644500 1.35166500 0.11094800
v 0.04236800 1.34011900 0.11239200
v 0.02949400 1.36001600 0.11537800
v 0.03778500 1.34968200 0.11074700
v 0.04300600 1.33832800 0.11341600
v 0.03113100 1.35856000 0.11414900
v 0.03902100 1.34766800 0.11077900
v 0.04349100 1.33665100 0.11460200
v 0.03272700 1.35694200 0.11311600
v 0.04014100 1.34565100 0.11104200
v 0.04381600 1.33510500 0.11592700
v 0.03426800 1.35518600 0.11229600
v 0.04113500 1.34366000 0.11152600
v 0.04398000 1.33370400 0.11736500
v 0.03574000 1.35332100 0.11169900
v 0.04199300 1.34172000 0.11222000
v 0.02866600 1.36123700 0.11682100
v 0.03712700 1.35137500 0.11133100
v 0.04270600 1.33985700 0.11310900
v 0.03031700 1.35990400 0.11546700
v 0.03841700 1.34937500 0.11119700
v 0.04326800 1.33809500 0.11417300
v 0.03193500 1.35839300 0.11429600
v 0.03959600 1.34735300 0.11129500
v 0.04367300 1.33645000 0.11539100
v 0.03350600 1.35672700 0.11332600
v 0.04065500 1.34533700 0.11161900
v 0.04391800 1.33494100 0.11673900
v 0.03501400 1.35493100 0.11257100
v 0.04158100 1.34335400 0.11216100
v 0.02783400 1.36235400 0.11835000
v 0.03644500 1.35303400 0.11204100
v 0.04236800 1.34143000 0.11290700
v 0.02949400 1.36115400 0.11688100
v 0.03778500 1.35106500 0.11174000
v 0.04300600 1.33959100 0.11384000
v 0.03113100 1.35976100 0.11558100
v 0.03902100 1.34905100 0.11167200
v 0.04349100 1.33785700 0.11494100
v 0.03272700 1.35819700 0.11446900
v 0.04014100 1.34702400 0.11183400
v 0.04381600 1.33624700 0.11618800
v 0.03426800 1.35648500 0.11356200
v 0.04113500 1.34501000 0.11221800
v 0.04398000 1.33477600 0.11755400
v 0.03574000 1.35465200 0.11287300
v 0.04199300 1.34303900 0.11281500
v 0.02866600 1.36230200 0.11838300
v 0.03712700 1.35272600 0.11240900
v 0.04270600 1.34113400 0.11361000
v 0.03031700 1.36103900 0.11696400
v 0.03841700 1.35073600 0.11217500
v 0.04326800 1.33932000 0.11458500
v 0.03193500 1.35958700 0.11571900
v 0.03959600 1.34871100 0.11217200
v 0.04367300 1.33761800 0.11571900
v 0.03350600 1.35797200 0.11466800
v 0.04065500 1.34668100 0.11239500
v 0.04391800 1.33604300 0.11699000
v 0.03501400 1.35621600 0.11382400
v 0.04158100 1.34467300 0.11283700
v 0.02783400 1.36334100 0.11996600
v 0.03644500 1.35434800 0.11320000
v 0.04236800 1.34271500 0.11348700
v 0.02949400 1.36221600 0.11843900
v 0.03778500 1.35239600 0.11280200
v 0.04300600 1.34083200 0.11432700
v 0.03113100 1.36089000 0.11707100
v 0.03902100 1.35038800 0.11263400
v 0.04349100 1.33904500 0.11534000
v 0.03272700 1.35938300 0.11588200
v 0.04014100 1.34835500 0.11269400
v 0.04381600 1.33737500 0.11650500
v 0.03426800 1.35771800 0.11489100
v 0.04113500 1.34632500 0.11297700
v 0.04398000 1.33583800 0.11779700
v 0.03574000 1.35592200 0.11411100
v 0.04199300 1.34432600 0.11347500
v 0.02866600 1.36328800 0.11999600
v 0.03712700 1.35402100 0.11355200
v 0.04270600 1.34238400 0.11417400
v 0.03031700 1.36209700 0.11851600
v 0.03841700 1.35204500 0.11321900
v 0.04326800 1.34052400 0.11505700
v 0.03193500 1.36070900 0.11720100
v 0.03959600 1.35002300 0.11311500
v 0.04367300 1.33876700 0.11610500
v 0.03350600 1.35914800 0.11607000
v 0.04065500 1.34798400 0.11323700
v 0.04391800 1.33713100 0.11729600
v 0.03501400 1.35743700 0.11514000
v 0.04158100 1.34595800 0.11357900
v 0.02783400 1.36424700 0.12162900
v 0.03644500 1.35560200 0.11442300
v 0.04236800 1.34397000 0.11413000
v 0.02949400 1.36320000 0.12004800
v 0.03778500 1.35367200 0.11392800
v 0.04300600 1.34204700 0.11487500
v 0.03113100 1.36194300 0.11861500
v 0.03902100 1.35167600 0.11366000
v 0.04349100 1.34021200 0.11579800
v 0.03272700 1.36049700 0.11735300
v 0.04014100 1.34964200 0.11361900
v 0.04381600 1.33848600 0.11687800
v 0.03426800 1.35888400 0.11628100
v 0.04113500 1.34760000 0.11380100
v 0.04398000 1.33688600 0.11809100
v 0.03574000 1.35712800 0.11541200
v 0.04199300 1.34557900 0.11419800
v 0.02866600 1.36419200 0.12165700
v 0.03712700 1.35525800 0.11475800
v 0.04270600 1.34360500 0.11479900
v 0.03031700 1.36307600 0.12011900
v 0.03841700 1.35330100 0.11432800
v 0.04326800 1.34170300 0.11558900
v 0.03193500 1.36175600 0.11873600
v 0.03959600 1.35128700 0.11412300
v 0.04367300 1.33989500 0.11654800
v 0.03350600 1.36025300 0.11752900
v 0.04065500 1.34924500 0.11414300
v 0.04391800 1.33820200 0.11765600
v 0.03501400 1.35859000 0.11651400
v 0.04158100 1.34720300 0.11438300
v 0.02783400 1.36506900 0.12333500
v 0.03644500 1.35679400 0.11570700
v 0.04236800 1.34519000 0.11483400
v 0.02949400 1.36410200 0.12170300
v 0.03778500 1.35489100 0.11511700
v 0.04300600 1.34323200 0.11548300
v 0.03113100 1.36291800 0.12021000
v 0.03902100 1.35291000 0.11475000
v 0.04349100 1.34135400 0.11631400
v 0.03272700 1.36153600 0.11887800
v 0.04014100 1.35088100 0.11460700
v 0.04381600 1.33957600 0.11730600
v 0.03426800 1.35997800 0.11772600
v 0.04113500 1.34883300 0.11468700
v 0.04398000 1.33791800 0.11843800
v 0.03574000 1.35826900 0.11677100
v 0.04199300 1.34679400 0.11498300
v 0.02866600 1.36501300 0.12336000
v 0.03712700 1.35643300 0.11602500
v 0.04270600 1.34479200 0.11548500
v 0.03031700 1.36397500 0.12176900
v 0.03841700 1.35450000 0.11549700
v 0.04326800 1.34285300 0.11617900
v 0.03193500 1.36272500 0.12032200
v 0.03959600 1.35249900 0.11519300
v 0.04367300 1.34100100 0.11704700
v 0.03350600 1.36128400 0.11904100
v 0.04065500 1.35045800 0.11511100
v 0.04391800 1.33925400 0.11806900
v 0.03501400 1.35967400 0.11794500
v 0.04158100 1.34840700 0.11524900
v 0.02783400 1.36580400 0.12508000
v 0.03644500 1.35792000 0.11704900
v 0.04236800 1.34637400 0.11559900
v 0.02949400 1.36492000 0.12340200
v 0.03778500 1.35604900 0.11636500
v 0.04300600 1.34438700 0.11614900
v 0.03113100 1.36381200 0.12185200
v 0.03902100 1.35408900 0.11589900
v 0.04349100 1.34246900 0.11688500
v 0.03272700 1.36249800 0.12045200
v 0.04014100 1.35206900 0.11565600
v 0.04381600 1.34064400 0.11778800
v 0.03426800 1.36100000 0.11922400
v 0.04113500 1.35002000 0.11563400
v 0.04398000 1.33893100 0.11883600
v 0.03574000 1.35934000 0.11818500
v 0.04199300 1.34796900 0.11582800
v 0.02866600 1.36574700 0.12510200
v 0.03712700 1.35754400 0.11734900
v 0.04270600 1.34594500 0.11622900
v 0.03031700 1.36478900 0.12346100
v 0.03841700 1.35564000 0.11672500
v 0.04326800 1.34397300 0.11682600
v 0.03193500 1.36361400 0.12195300
v 0.03959600 1.35365600 0.11632100
v 0.04367300 1.34208000 0.11760000
v 0.03350600 1.36223800 0.12060300
v 0.04065500 1.35162200 0.11613800
v 0.04391800 1.34028500 0.11853400
v 0.03501400 1.36068500 0.11942800
v 0.04158100 1.34956600 0.11617400
v 0.02783400 1.36645200 0.12686000
v 0.03644500 1.35897700 0.11844600
v 0.04236800 1.34751900 0.11642200
v 0.02949400 1.36565200 0.12514000
v 0.03778500 1.35714300 0.11766900
v 0.04300600 1.34550600 0.11687300
v 0.03113100 1.36462300 0.12353600
v 0.03902100 1.35520800 0.11710600
v 0.04349100 1.34355400 0.11751200
v 0.03272700 1.36338100 0.12207300
v 0.04014100 1.35320400 0.11676200
v 0.04381600 1.34168600 0.11832200
v 0.03426800 1.36194600 0.12077200
v 0.04113500 1.35115800 0.11663800
v 0.04398000 1.33992400 0.11928400
v 0.03574000 1.36033900 0.11965100
v 0.04199300 1.34910000 0.11673000
v 0.02866600 1.36639400 0.12687900
v 0.03712700 1.35858700 0.11872600
v 0.04270600 1.34705800 0.11703000
v 0.03031700 1.36551900 0.12519200
v 0.03841700 1.35671700 0.11800900
v 0.04326800 1.34506000 0.11752700
v 0.03193500 1.36442000 0.12362800
v 0.03959600 1.35475500 0.11750600
v 0.04367300 1.34313000 0.11820600
v 0.03350600 1.36311400 0.12221000
v 0.04065500 1.35273300 0.11722200
v 0.04391800 1.34129000 0.11904900
v 0.03501400 1.36162100 0.12095900
v 0.04158100 1.35067800 0.11715500
v 0.02783400 1.36701000 0.12866900
v 0.03644500 1.35996400 0.11989300
v 0.04236800 1.34862100 0.11730100
v 0.02949400 1.36629700 0.12691200
v 0.03778500 1.35817100 0.11902600
v 0.04300600 1.34658800 0.11765000
v 0.03113100 1.36534900 0.12525900
v 0.03902100 1.35626700 0.11836700
v 0.04349100 1.34460700 0.11819200
v 0.03272700 1.36418200 0.12373500
v 0.04014100 1.35428200 0.11792400
v 0.04381600 1.34270100 0.11890800
v 0.03426800 1.36281300 0.12236400
v 0.04113500 1.35224400 0.11769800
v 0.04398000 1.34089200 0.11978000
v 0.03574000 1.36126400 0.12116500
v 0.04199300 1.35018400 0.11768700
v 0.02866600 1.36695100 0.12868600
v 0.03712700 1.35956100 0.12015400
v 0.04270600 1.34813000 0.11788500
v 0.03031700 1.36616200 0.12695700
v 0.03841700 1.35772800 0.11934400
v 0.04326800 1.34611000 0.11828200
v 0.03193500 1.36514200 0.12534000
v 0.03959600 1.35579400 0.11874400
v 0.04367300 1.34414800 0.11886400
v 0.03350600 1.36390800 0.12385900
v 0.04065500 1.35378800 0.11835900
v 0.04391800 1.34226900 0.11961500
v 0.03501400 1.36247900 0.12253500
v 0.04158100 1.35174000 0.11819000
v 0.02783400 1.36747700 0.13050400
v 0.03644500 1.36087800 0.12138800
v 0.04236800 1.34967700 0.11823300
v 0.02949400 1.36685300 0.12871300
v 0.03778500 1.35913000 0.12043200
v 0.04300600 1.34763000 0.11848100
v 0.03113100 1.36598800 0.12701500
v 0.03902100 1.35726100 0.11968000
v 0.04349100 1.34562400 0.11892300
v 0.03272700 1.36489800 0.12543600
v 0.04014100 1.35530000 0.11913800
v 0.04381600 1.34368500 0.11954400
v 0.03426800 1.36360000 0.12399800
v 0.04113500 1.35327700 0.11881100
v 0.04398000 1.34183500 0.12032500
v 0.03574000 1.36211300 0.12272300
v 0.04199300 1.35122000 0.11869700
v 0.02866600 1.36741800 0.13051800
v 0.03712700 1.36046200 0.12162800
v 0.04270600 1.34915900 0.11879200
v 0.03031700 1.36671500 0.12875200
v 0.03841700 1.35867200 0.12072800
v 0.04326800 1.34712100 0.11908800
v 0.03193500 1.36577700 0.12708600
v 0.03959600 1.35677000 0.12003300
v 0.04367300 1.34513200 0.11957200
v 0.03350600 1.36461900 0.12554500
v 0.04065500 1.35478600 0.11954800
v 0.04391800 1.34321800 0.12022800
v 0.03501400 1.36325800 0.12415200
v 0.04158100 1.35274800 0.11927700
v 0.02783400 1.36785300 0.13236000
v 0.03644500 1.36171600 0.12292700
v 0.04236800 1.35068600 0.11921700
v 0.02949400 1.36731800 0.13054100
v 0.03778500 1.36001700 0.12188500
v 0.04300600 1.34862900 0.11936300
v 0.03113100 1.36653900 0.12880200
v 0.03902100 1.35818800 0.12104000
v 0.04349100 1.34660400 0.11970400
v 0.03272700 1.36552900 0.12717000
v 0.04014100 1.35625700 0.12040100
v 0.04381600 1.34463600 0.12022700
v 0.03426800 1.36430400 0.12566900
v 0.04113500 1.35425300 0.11997400
v 0.04398000 1.34275000 0.12091500
v 0.03574000 1.36288300 0.12432100
v 0.04199300 1.35220400 0.11975800
v 0.02866600 1.36779200 0.13237100
v 0.03712700 1.36128800 0.12314600
v 0.04270600 1.35014000 0.11975000
v 0.03031700 1.36717900 0.13057200
v 0.03841700 1.35954500 0.12215700
v 0.04326800 1.34809000 0.11994400
v 0.03193500 1.36632500 0.12886200
v 0.03959600 1.35768100 0.12136800
v 0.04367300 1.34608000 0.12032800
v 0.03350600 1.36524500 0.12726500
v 0.04065500 1.35572300 0.12078500
v 0.04391800 1.34413600 0.12088700
v 0.03501400 1.36395500 0.12580600
v 0.04158100 1.35370100 0.12041300
v 0.02783400 1.36813500 0.13423300
v 0.03644500 1.36247600 0.12450500
v 0.04236800 1.35164500 0.12025100
v 0.02949400 1.36769200 0.13238900
v 0.03778500 1.36083100 0.12338000
v 0.04300600 1.34958300 0.12029400
v 0.03113100 1.36700100 0.13061300
v 0.03902100 1.35904700 0.12244500
v 0.04349100 1.34754300 0.12053300
v 0.03272700 1.36607300 0.12893300
v 0.04014100 1.35715000 0.12171100
v 0.04381600 1.34555200 0.12095800
v 0.03426800 1.36492400 0.12737300
v 0.04113500 1.35516900 0.12118400
v 0.04398000 1.34363400 0.12155100
v 0.03574000 1.36357200 0.12595600
v 0.04199300 1.35313400 0.12086600
v 0.02866600 1.36807400 0.13424100
v 0.03712700 1.36203800 0.12470300
v 0.04270600 1.35107300 0.12075500
v 0.03031700 1.36755100 0.13241400
v 0.03841700 1.36034600 0.12362900
v 0.04326800 1.34901600 0.12084700
v 0.03193500 1.36678400 0.13066300
v 0.03959600 1.35852400 0.12274700
v 0.04367300 1.34699000 0.12113000
v 0.03350600 1.36578400 0.12901400
v 0.04065500 1.35659700 0.12206800
v 0.04391800 1.34502000 0.12159200
v 0.03501400 1.36456900 0.12749200
v 0.04158100 1.35459700 0.12159500
v 0.02783400 1.36832300 0.13611700
v 0.03644500 1.36315600 0.12611900
v 0.04236800 1.35255100 0.12133000
v 0.02949400 1.36797300 0.13425300
v 0.03778500 1.36157000 0.12491400
v 0.04300600 1.35049000 0.12127100
v 0.03113100 1.36737100 0.13244500
v 0.03902100 1.35983400 0.12389100
v 0.04349100 1.34844000 0.12140800
v 0.03272700 1.36652900 0.13072100
v 0.04014100 1.35797600 0.12306300
v 0.04381600 1.34643000 0.12173300
v 0.03426800 1.36545900 0.12910600
v 0.04113500 1.35602400 0.12243800
v 0.04398000 1.34448500 0.12223000
v 0.03574000 1.36417900 0.12762300
v 0.04199300 1.35400700 0.12201900
v 0.02866600 1.36826200 0.13612200
v 0.03712700 1.36270900 0.12629500
v 0.04270600 1.35195500 0.12180600
v 0.03031700 1.36783100 0.13427100
v 0.03841700 1.36107300 0.12513800
v 0.04326800 1.34989600 0.12179500
v 0.03193500 1.36715200 0.13248400
v 0.03959600 1.35929700 0.12416700
v 0.04367300 1.34785700 0.12197700
v 0.03350600 1.36623600 0.13078800
v 0.04065500 1.35740700 0.12339200
v 0.04391800 1.34586700 0.12234000
v 0.03501400 1.36509800 0.12920700
v 0.04158100 1.35543200 0.12282000
v 0.02783400 1.36841800 0.13800900
v 0.03644500 1.36375500 0.12776500
v 0.04236800 1.35340200 0.12245400
v 0.02949400 1.36816000 0.13613000
v 0.03778500 1.36223100 0.12648200
v 0.04300600 1.35134600 0.12229100
v 0.03113100 1.36765000 0.13429400
v 0.03902100 1.36054900 0.12537400
v 0.04349100 1.34929300 0.12232700
v 0.03272700 1.36689400 0.13252900
v 0.04014100 1.35873400 0.12445500
v 0.04381600 1.34726900 0.12255100
v 0.03426800 1.36590600 0.13086300
v 0.04113500 1.35681600 0.12373300
v 0.04398000 1.34530100 0.12295000
v 0.03574000 1.36470200 0.12931900
v 0.04199300 1.35482200 0.12321400
v 0.02866600 1.36835600 0.13801000
v 0.03712700 1.36330000 0.12791800
v 0.04270600 1.35278300 0.12289900
v 0.03031700 1.36801800 0.13614000
v 0.03841700 1.36172400 0.12668100
v 0.04326800 1.35072700 0.12278500
v 0.03193500 1.36742900 0.13432100
v 0.03959600 1.35999800 0.12562300
v 0.04367300 1.34868200 0.12286600
v 0.03350600 1.36659800 0.13258200
v 0.04065500 1.35814900 0.12475500
v 0.04391800 1.34667600 0.12312900
v 0.03501400 1.36554000 0.13094600
v 0.04158100 1.35620500 0.12408600
v 0.02783400 1.36841800 0.13990200
v 0.03644500 1.36427200 0.12944000
v 0.04236800 1.35419600 0.12361900
v 0.02949400 1.36825400 0.13801300
v 0.03778500 1.36281300 0.12808200
v 0.04300600 1.35215100 0.12335400
v 0.03113100 1.36783600 0.13615400
v 0.03902100 1.36118800 0.12689200
v 0.04349100 1.35009800 0.12328700
v 0.03272700 1.36716900 0.13435400
v 0.04014100 1.35942200 0.12588300
v 0.04381600 1.34806600 0.12341000
v 0.03426800 1.36626500 0.13264000
v 0.04113500 1.35754200 0.12506600
v 0.04398000 1.34608000 0.12371000
v 0.03574000 1.36513900 0.13103800
v 0.04199300 1.35557700 0.12444900
v 0.02866600 1.36835600 0.13990100
v 0.03712700 1.36380900 0.12957000
v 0.04270600 1.35355500 0.12403200
v 0.03031700 1.36811200 0.13801600
v 0.03841700 1.36229700 0.12825600
v 0.04326800 1.35150800 0.12381600
v 0.03193500 1.36761400 0.13617000
v 0.03959600 1.36062600 0.12711200
v 0.04367300 1.34946100 0.12379400
v 0.03350600 1.36687100 0.13439100
v 0.04065500 1.35882200 0.12615300
v 0.04391800 1.34744500 0.12395800
v 0.03501400 1.36589600 0.13270500
v 0.04158100 1.35691500 0.12538800
v 0.02783400 1.36832300 0.14179400
v 0.03644500 1.36470400 0.13113700
v 0.04236800 1.35493100 0.12482100
v 0.02949400 1.36825400 0.13989800
v 0.03778500 1.36331500 0.12970900
v 0.04300600 1.35290200 0.12445500
v 0.03113100 1.36792900 0.13802100
v 0.03902100 1.36175100 0.12843900
v 0.04349100 1.35085500 0.12428600
v 0.03272700 1.36735300 0.13619000
v 0.04014100 1.36003800 0.12734300
v 0.04381600 1.34881900 0.12430700
v 0.03426800 1.36653600 0.13443300
v 0.04113500 1.35820100 0.12643400
v 0.04398000 1.34682100 0.12450800
v 0.03574000 1.36549100 0.13277700
v 0.04199300 1.35626900 0.12571900
v 0.02866600 1.36826200 0.14178900
v 0.03712700 1.36423600 0.13124400
v 0.04270600 1.35427100 0.12520300
v 0.03031700 1.36811200 0.13989500
v 0.03841700 1.36279100 0.12985600
v 0.04326800 1.35223600 0.12488500
v 0.03193500 1.36770700 0.13802600
v 0.03959600 1.36117900 0.12863100
v 0.04367300 1.35019400 0.12476100
v 0.03350600 1.36705300 0.13621200
v 0.04065500 1.35942500 0.12758400
v 0.04391800 1.34817100 0.12482300
v 0.03501400 1.36616300 0.13448000
v 0.04158100 1.35755800 0.12672400
v 0.02783400 1.36813500 0.14367800
v 0.03644500 1.36505100 0.13285400
v 0.04236800 1.35560500 0.12605900
v 0.02949400 1.36816000 0.14178100
v 0.03778500 1.36373500 0.13135800
v 0.04300600 1.35359600 0.12559200
v 0.03113100 1.36792900 0.13989000
v 0.03902100 1.36223700 0.13001200
v 0.04349100 1.35156000 0.12532100
v 0.03272700 1.36744500 0.13803300
v 0.04014100 1.36058000 0.12883300
v 0.04381600 1.34952600 0.12524100
v 0.03426800 1.36671600 0.13623800
v 0.04113500 1.35879000 0.12783300
v 0.04398000 1.34752100 0.12534200
v 0.03574000 1.36575500 0.13453100
v 0.04199300 1.35689600 0.12702300
v 0.02866600 1.36807400 0.14367000
v 0.03712700 1.36457800 0.13293800
v 0.04270600 1.35492700 0.12640700
v 0.03031700 1.36801800 0.14177100
v 0.03841700 1.36320400 0.13148000
v 0.04326800 1.35291000 0.12598800
v 0.03193500 1.36770700 0.13988500
v 0.03959600 1.36165500 0.13017600
v 0.04367300 1.35087700 0.12576300
v 0.03350600 1.36714500 0.13804000
v 0.04065500 1.35995600 0.12904200
v 0.04391800 1.34885400 0.12572400
v 0.03501400 1.36634200 0.13626600
v 0.04158100 1.35813400 0.12809000
v 0.02783400 1.36785300 0.14555100
v 0.03644500 1.36531200 0.13458700
v 0.04236800 1.35621700 0.12732900
v 0.02949400 1.36797300 0.14365800
v 0.03778500 1.36407300 0.13302700
v 0.04300600 1.35423400 0.12676200
v 0.03113100 1.36783600 0.14175700
v 0.03902100 1.36264300 0.13160800
v 0.04349100 1.35221400 0.12639000
v 0.03272700 1.36744500 0.13987800
v 0.04014100 1.36104700 0.13034700
v 0.04381600 1.35018600 0.12620900
v 0.03426800 1.36680700 0.13804900
v 0.04113500 1.35930900 0.12925900
v 0.04398000 1.34817800 0.12621000
v 0.03574000 1.36593200 0.13629600
v 0.04199300 1.35745800 0.12835600
v 0.02866600 1.36779200 0.14554000
v 0.03712700 1.36483600 0.13464600
v 0.04270600 1.35552200 0.12764300
v 0.03031700 1.36783100 0.14364000
v 0.03841700 1.36353600 0.13312200
v 0.04326800 1.35352900 0.12712400
v 0.03193500 1.36761400 0.14174100
v 0.03959600 1.36205400 0.13174200
v 0.04367300 1.35150900 0.12679700
v 0.03350600 1.36714500 0.13987100
v 0.04065500 1.36041400 0.13052500
v 0.04391800 1.34949000 0.12665800
v 0.03501400 1.36643200 0.13805800
v 0.04158100 1.35864100 0.12948400
v 0.02783400 1.36747700 0.14740700
v 0.03644500 1.36548700 0.13633000
v 0.04236800 1.35676400 0.12862800
v 0.02949400 1.36769200 0.14552200
v 0.03778500 1.36432600 0.13471000
v 0.04300600 1.35481200 0.12796300
v 0.03113100 1.36765000 0.14361700
v 0.03902100 1.36296900 0.13322200
v 0.04349100 1.35281300 0.12749100
v 0.03272700 1.36735300 0.14172100
v 0.04014100 1.36143800 0.13188300
v 0.04381600 1.35079700 0.12720800
v 0.03426800 1.36680700 0.13986200
v 0.04113500 1.35975700 0.13071000
v 0.04398000 1.34879100 0.12710900
v 0.03574000 1.36602000 0.13806800
v 0.04199300 1.35795300 0.12971500
v 0.02866600 1.36741800 0.14739300
v 0.03712700 1.36500800 0.13636600
v 0.04270600 1.35605400 0.12890700
v 0.03031700 1.36755100 0.14549700
v 0.03841700 1.36378600 0.13477800
v 0.04326800 1.35409000 0.12828900
v 0.03193500 1.36742900 0.14359000
v 0.03959600 1.36237400 0.13332600
v 0.04367300 1.35208900 0.12786200
v 0.03350600 1.36705300 0.14169900
v 0.04065500 1.36079700 0.13202900
v 0.04391800 1.35008000 0.12762200
v 0.03501400 1.36643200 0.13985300
v 0.04158100 1.35907800 0.13090100
v 0.02783400 1.36701000 0.14924200
v 0.03644500 1.36557400 0.13808000
v 0.04236800 1.35724700 0.12995200
v 0.02949400 1.36731800 0.14737000
v 0.03778500 1.36449600 0.13640400
v 0.04300600 1.35533000 0.12919100
v 0.03113100 1.36737100 0.14546600
v 0.03902100 1.36321500 0.13485000
v 0.04349100 1.35335700 0.12862000
v 0.03272700 1.36716900 0.14355700
v 0.04014100 1.36175200 0.13343600
v 0.04381600 1.35135700 0.12823700
v 0.03426800 1.36671600 0.14167300
v 0.04113500 1.36013100 0.13218100
v 0.04398000 1.34935900 0.12803800
v 0.03574000 1.36602000 0.13984300
v 0.04199300 1.35837900 0.13109700
v 0.02866600 1.36695100 0.14922500
v 0.03712700 1.36509400 0.13809200
v 0.04270600 1.35652300 0.13019500
v 0.03031700 1.36717900 0.14733900
v 0.03841700 1.36395200 0.13644500
v 0.04326800 1.35459200 0.12948000
v 0.03193500 1.36715200 0.14542700
v 0.03959600 1.36261500 0.13492500
v 0.04367300 1.35261500 0.12895400
v 0.03350600 1.36687100 0.14352000
v 0.04065500 1.36110400 0.13355000
v 0.04391800 1.35062000 0.12861500
v 0.03501400 1.36634200 0.14164500
v 0.04158100 1.35944400 0.13233800
v 0.02783400 1.36645200 0.15105100
v 0.03644500 1.36557400 0.13983100
v 0.04236800 1.35766200 0.13129900
v 0.02949400 1.36685300 0.14919800
v 0.03778500 1.36458100 0.13810400
v 0.04300600 1.35578500 0.13044300
v 0.03113100 1.36700100 0.14729800
v 0.03902100 1.36337900 0.13648800
v 0.04349100 1.35384400 0.12977400
v 0.03272700 1.36689400 0.14538200
v 0.04014100 1.36198800 0.13500300
v 0.04381600 1.35186500 0.12929300
v 0.03426800 1.36653600 0.14347800
v 0.04113500 1.36043200 0.13366900
v 0.04398000 1.34988000 0.12899500
v 0.03574000 1.36593200 0.14161500
v 0.04199300 1.35873600 0.13249900
v 0.02866600 1.36639400 0.15103200
v 0.03712700 1.36509400 0.13981900
v 0.04270600 1.35692800 0.13150600
v 0.03031700 1.36671500 0.14915900
v 0.03841700 1.36403600 0.13811800
v 0.04326800 1.35503400 0.13069600
v 0.03193500 1.36678400 0.14724800
v 0.03959600 1.36277600 0.13653300
v 0.04367300 1.35308600 0.13007200
v 0.03350600 1.36659800 0.14532900
v 0.04065500 1.36133500 0.13508500
v 0.04391800 1.35111100 0.12963300
v 0.03501400 1.36616300 0.14343100
v 0.04158100 1.35973800 0.13379100
v 0.02783400 1.36580400 0.15283100
v 0.03644500 1.36548700 0.14158100
v 0.04236800 1.35801000 0.13266500
v 0.02949400 1.36629700 0.15099900
v 0.03778500 1.36458100 0.13980700
v 0.04300600 1.35617800 0.13171700
v 0.03113100 1.36653900 0.14910900
v 0.03902100 1.36346100 0.13813200
v 0.04349100 1.35427200 0.13095200
v 0.03272700 1.36652900 0.14719000
v 0.04014100 1.36214600 0.13658000
v 0.04381600 1.35232000 0.13037200
v 0.03426800 1.36626500 0.14527100
v 0.04113500 1.36065900 0.13517000
v 0.04398000 1.35035200 0.12997500
v 0.03574000 1.36575500 0.14338000
v 0.04199300 1.35902300 0.13391700
v 0.02866600 1.36574700 0.15280900
v 0.03712700 1.36500800 0.14154500
v 0.04270600 1.35726600 0.13283500
v 0.03031700 1.36616200 0.15095400
v 0.03841700 1.36403600 0.13979300
v 0.04326800 1.35541600 0.13193100
v 0.03193500 1.36632500 0.14904900
v 0.03959600 1.36285700 0.13814700
v 0.04367300 1.35350000 0.13121100
v 0.03350600 1.36623600 0.14712300
v 0.04065500 1.36149000 0.13662900
v 0.04391800 1.35155000 0.13067500
v 0.03501400 1.36589600 0.14520600
v 0.04158100 1.35995900 0.13525800
v 0.02783400 1.36506900 0.15457600
v 0.03644500 1.36531200 0.14332400
v 0.04236800 1.35828900 0.13404700
v 0.02949400 1.36565200 0.15277100
v 0.03778500 1.36449600 0.14150700
v 0.04300600 1.35650700 0.13300800
v 0.03113100 1.36598800 0.15089600
v 0.03902100 1.36346100 0.13977900
v 0.04349100 1.35464100 0.13214900
v 0.03272700 1.36607300 0.14897800
v 0.04014100 1.36222500 0.13816300
v 0.04381600 1.35272100 0.13147300
v 0.03426800 1.36590600 0.14704800
v 0.04113500 1.36081000 0.13668000
v 0.04398000 1.35077500 0.13097900
v 0.03574000 1.36549100 0.14513400
v 0.04199300 1.35923900 0.13534800
v 0.02866600 1.36501300 0.15455100
v 0.03712700 1.36483600 0.14326500
v 0.04270600 1.35753800 0.13417900
v 0.03031700 1.36551900 0.15271900
v 0.03841700 1.36395200 0.14146600
v 0.04326800 1.35573500 0.13318400
v 0.03193500 1.36577700 0.15082500
v 0.03959600 1.36285700 0.13976400
v 0.04367300 1.35385800 0.13237000
v 0.03350600 1.36578400 0.14889700
v 0.04065500 1.36156700 0.13817900
v 0.04391800 1.35193600 0.13173700
v 0.03501400 1.36554000 0.14696500
v 0.04158100 1.36010700 0.13673300
v 0.02783400 1.36424700 0.15628200
v 0.03644500 1.36505100 0.14505700
v 0.04236800 1.35849900 0.13544000
v 0.02949400 1.36492000 0.15450900
v 0.03778500 1.36432600 0.14320100
v 0.04300600 1.35677100 0.13431400
v 0.03113100 1.36534900 0.15265200
v 0.03902100 1.36337900 0.14142300
v 0.04349100 1.35495100 0.13336300
v 0.03272700 1.36552900 0.15074200
v 0.04014100 1.36222500 0.13974800
v 0.04381600 1.35306600 0.13259200
v 0.03426800 1.36545900 0.14880500
v 0.04113500 1.36088500 0.13819600
v 0.04398000 1.35114700 0.13200200
v 0.03574000 1.36513900 0.14687300
v 0.04199300 1.35938300 0.13678700
v 0.02866600 1.36419200 0.15625400
v 0.03712700 1.36457800 0.14497300
v 0.04270600 1.35774200 0.13553500
v 0.03031700 1.36478900 0.15445000
v 0.03841700 1.36378600 0.14313300
v 0.04326800 1.35599100 0.13445200
v 0.03193500 1.36514200 0.15257100
v 0.03959600 1.36277600 0.14137800
v 0.04367300 1.35415700 0.13354500
v 0.03350600 1.36524500 0.15064600
v 0.04065500 1.36156700 0.13973200
v 0.04391800 1.35226900 0.13281700
v 0.03501400 1.36509800 0.14870400
v 0.04158100 1.36018100 0.13821400
v 0.02783400 1.36334100 0.15794500
v 0.03644500 1.36470400 0.14677400
v 0.04236800 1.35863900 0.13684300
v 0.02949400 1.36410200 0.15620800
v 0.03778500 1.36407300 0.14488400
v 0.04300600 1.35697000 0.13563200
v 0.03113100 1.36462300 0.15437500
v 0.03902100 1.36321500 0.14306100
v 0.04349100 1.35519900 0.13459200
v 0.03272700 1.36489800 0.15247500
v 0.04014100 1.36214600 0.14133100
v 0.04381600 1.35335500 0.13372700
v 0.03426800 1.36492400 0.15053800
v 0.04113500 1.36088500 0.13971500
v 0.04398000 1.35146800 0.13304200
v 0.03574000 1.36470200 0.14859200
v 0.04199300 1.35945500 0.13823200
v 0.02866600 1.36328800 0.15791500
v 0.03712700 1.36423600 0.14666700
v 0.04270600 1.35787900 0.13690000
v 0.03031700 1.36397500 0.15614200
v 0.03841700 1.36353600 0.14478900
v 0.04326800 1.35618400 0.13573100
v 0.03193500 1.36442000 0.15428300
v 0.03959600 1.36261500 0.14298600
v 0.04367300 1.35439700 0.13473300
v 0.03350600 1.36461900 0.15236600
v 0.04065500 1.36149000 0.14128200
v 0.04391800 1.35254800 0.13391200
v 0.03501400 1.36456900 0.15041900
v 0.04158100 1.36018100 0.13969700
v 0.02783400 1.36235400 0.15956100
v 0.03644500 1.36427200 0.14847100
v 0.04236800 1.35871000 0.13825100
v 0.02949400 1.36320000 0.15786300
v 0.03778500 1.36373500 0.14655300
v 0.04300600 1.35710300 0.13695800
v 0.03113100 1.36381200 0.15605900
v 0.03902100 1.36296900 0.14469000
v 0.04349100 1.35538600 0.13583100
v 0.03272700 1.36418200 0.15417600
v 0.04014100 1.36198800 0.14290800
v 0.04381600 1.35358800 0.13487600
v 0.03426800 1.36430400 0.15224200
v 0.04113500 1.36081000 0.14123100
v 0.04398000 1.35173700 0.13409700
v 0.03574000 1.36417900 0.15028800
v 0.04199300 1.35945500 0.13967900
v 0.02866600 1.36230200 0.15952800
v 0.03712700 1.36380900 0.14834100
v 0.04270600 1.35794700 0.13827000
v 0.03031700 1.36307600 0.15779200
v 0.03841700 1.36320400 0.14643100
v 0.04326800 1.35631200 0.13701700
v 0.03193500 1.36361400 0.15595800
v 0.03959600 1.36237400 0.14458500
v 0.04367300 1.35457800 0.13593200
v 0.03350600 1.36390800 0.15405200
v 0.04065500 1.36133500 0.14282600
v 0.04391800 1.35277200 0.13502000
v 0.03501400 1.36395500 0.15210500
v 0.04158100 1.36010700 0.14117800
v 0.02783400 1.36128700 0.16112600
v 0.03644500 1.36375500 0.15014600
v 0.04236800 1.35871000 0.13966000
v 0.02949400 1.36221600 0.15947200
v 0.03778500 1.36331500 0.14820200
v 0.04300600 1.35716900 0.13828900
v 0.03113100 1.36291800 0.15770100
v 0.03902100 1.36264300 0.14630300
v 0.04349100 1.35551000 0.13707700
v 0.03272700 1.36338100 0.15583800
v 0.04014100 1.36175200 0.14447500
v 0.04381600 1.35376200 0.13603400
v 0.03426800 1.36360000 0.15391300
v 0.04113500 1.36065900 0.14274100
v 0.04398000 1.35195200 0.13516400
v 0.03574000 1.36357200 0.15195500
v 0.04199300 1.35938300 0.14112400
v 0.02866600 1.36123700 0.16109000
v 0.03712700 1.36330000 0.14999300
v 0.04270600 1.35794700 0.13964100
v 0.03031700 1.36209700 0.15939500
v 0.03841700 1.36279100 0.14805500
v 0.04326800 1.35637700 0.13830900
v 0.03193500 1.36272500 0.15758900
v 0.03959600 1.36205400 0.14616900
v 0.04367300 1.35469900 0.13713800
v 0.03350600 1.36311400 0.15570100
v 0.04065500 1.36110400 0.14436100
v 0.04391800 1.35294000 0.13613700
v 0.03501400 1.36325800 0.15375900
v 0.04158100 1.35995900 0.14265300
v 0.02783400 1.36014400 0.16263500
v 0.03644500 1.36315600 0.15179200
v 0.04236800 1.35863900 0.14106800
v 0.02949400 1.36115400 0.16103000
v 0.03778500 1.36281300 0.14982900
v 0.04300600 1.35716900 0.13962200
v 0.03113100 1.36194300 0.15929600
v 0.03902100 1.36223700 0.14789900
v 0.04349100 1.35557300 0.13832900
v 0.03272700 1.36249800 0.15745900
v 0.04014100 1.36143800 0.14602800
v 0.04381600 1.35387900 0.13720000
v 0.03426800 1.36281300 0.15554700
v 0.04113500 1.36043200 0.14424200
v 0.04398000 1.35211500 0.13624100
v 0.03574000 1.36288300 0.15359000
v 0.04199300 1.35923900 0.14256300
v 0.02866600 1.36009600 0.16259700
v 0.03712700 1.36270900 0.15161600
v 0.04270600 1.35787900 0.14101100
v 0.03031700 1.36103900 0.16094700
v 0.03841700 1.36229700 0.14965500
v 0.04326800 1.35637700 0.13960200
v 0.03193500 1.36175600 0.15917500
v 0.03959600 1.36165500 0.14773500
v 0.04367300 1.35475900 0.13834900
v 0.03350600 1.36223800 0.15730800
v 0.04065500 1.36079700 0.14588200
v 0.04391800 1.35305300 0.13726200
v 0.03501400 1.36247900 0.15537600
v 0.04158100 1.35973800 0.14412000
v 0.02783400 1.35892600 0.16408600
v 0.03644500 1.36247600 0.15340600
v 0.04236800 1.35849900 0.14247100
v 0.02949400 1.36001600 0.16253300
v 0.03778500 1.36223100 0.15142900
v 0.04300600 1.35710300 0.14095300
v 0.03113100 1.36089000 0.16084000
v 0.03902100 1.36175100 0.14947200
v 0.04349100 1.35557300 0.13958200
v 0.03272700 1.36153600 0.15903300
v 0.04014100 1.36104700 0.14756400
v 0.04381600 1.35393700 0.13837000
v 0.03426800 1.36194600 0.15713900
v 0.04113500 1.36013100 0.14573000
v 0.04398000 1.35222300 0.13732400
v 0.03574000 1.36211300 0.15518800
v 0.04199300 1.35902300 0.14399400
v 0.02866600 1.35888000 0.16404500
v 0.03712700 1.36203800 0.15320800
v 0.04270600 1.35774200 0.14237600
v 0.03031700 1.35990400 0.16244400
v 0.03841700 1.36172400 0.15123000
v 0.04326800 1.35631200 0.14089400
v 0.03193500 1.36070900 0.16071000
v 0.03959600 1.36117900 0.14928000
v 0.04367300 1.35475900 0.13956200
v 0.03350600 1.36128400 0.15887000
v 0.04065500 1.36041400 0.14738600
v 0.04391800 1.35310900 0.13839000
v 0.03501400 1.36162100 0.15695200
v 0.04158100 1.35944400 0.14557300
v 0.02783400 1.35763800 0.16547400
v 0.03644500 1.36171600 0.15498400
v 0.04236800 1.35828900 0.14386400
v 0.02949400 1.35880400 0.16397800
v 0.03778500 1.36157000 0.15299700
v 0.04300600 1.35697000 0.14227900
v 0.03113100 1.35976100 0.16233000
v 0.03902100 1.36118800 0.15101900
v 0.04349100 1.35551000 0.14083400
v 0.03272700 1.36049700 0.16055800
v 0.04014100 1.36058000 0.14907900
v 0.04381600 1.35393700 0.13954100
v 0.03426800 1.36100000 0.15868700
v 0.04113500 1.35975700 0.14720100
v 0.04398000 1.35227700 0.13841100
v 0.03574000 1.36126400 0.15674600
v 0.04199300 1.35873600 0.14541200
v 0.02866600 1.35759400 0.16543100
v 0.03712700 1.36128800 0.15476500
v 0.04270600 1.35753800 0.14373200
v 0.03031700 1.35869700 0.16388300
v 0.03841700 1.36107300 0.15277300
v 0.04326800 1.35618400 0.14218000
v 0.03193500 1.35958700 0.16219200
v 0.03959600 1.36062600 0.15079900
v 0.04367300 1.35469900 0.14077300
v 0.03350600 1.36025300 0.16038200
v 0.04065500 1.35995600 0.14886900
v 0.04391800 1.35310900 0.13952100
v 0.03501400 1.36068500 0.15848300
v 0.04158100 1.35907800 0.14701000
v 0.02783400 1.35628300 0.16679600
v 0.03644500 1.36087800 0.15652300
v 0.04236800 1.35801000 0.14524600
v 0.02949400 1.35752100 0.16536000
v 0.03778500 1.36083100 0.15453100
v 0.04300600 1.35677100 0.14359700
v 0.03113100 1.35856000 0.16376200
v 0.03902100 1.36054900 0.15253700
v 0.04349100 1.35538600 0.14208000
v 0.03272700 1.35938300 0.16202900
v 0.04014100 1.36003800 0.15056800
v 0.04381600 1.35387900 0.14071100
v 0.03426800 1.35997800 0.16018500
v 0.04113500 1.35930900 0.14865200
v 0.04398000 1.35227700 0.13950000
v 0.03574000 1.36033900 0.15826000
v 0.04199300 1.35837900 0.14681400
v 0.02866600 1.35624100 0.16675100
v 0.03712700 1.36046200 0.15628300
v 0.04270600 1.35726600 0.14507600
v 0.03031700 1.35741900 0.16526000
v 0.03841700 1.36034600 0.15428200
v 0.04326800 1.35599100 0.14345900
v 0.03193500 1.35839300 0.16361500
v 0.03959600 1.35999800 0.15228800
v 0.04367300 1.35457800 0.14197900
v 0.03350600 1.35914800 0.16184100
v 0.04065500 1.35942500 0.15032700
v 0.04391800 1.35305300 0.14064900
v 0.03501400 1.35967400 0.15996600
v 0.04158100 1.35864100 0.14842700
v 0.02783400 1.35486300 0.16804900
v 0.03644500 1.35996400 0.15801800
v 0.04236800 1.35766200 0.14661200
v 0.02949400 1.35617100 0.16667700
v 0.03778500 1.36001700 0.15602600
v 0.04300600 1.35650700 0.14490300
v 0.03113100 1.35728800 0.16513300
v 0.03902100 1.35983400 0.15402000
v 0.04349100 1.35519900 0.14331900
v 0.03272700 1.35819700 0.16344200
v 0.04014100 1.35942200 0.15202800
v 0.04381600 1.35376200 0.14187700
v 0.03426800 1.35888400 0.16163000
v 0.04113500 1.35879000 0.15007800
v 0.04398000 1.35222300 0.14058700
v 0.03574000 1.35934000 0.15972600
v 0.04199300 1.35795300 0.14819600
v 0.02866600 1.35482300 0.16800300
v 0.03712700 1.35956100 0.15775700
v 0.04270600 1.35692800 0.14640500
v 0.03031700 1.35607400 0.16657200
v 0.03841700 1.35954500 0.15575400
v 0.04326800 1.35573500 0.14472700
v 0.03193500 1.35712900 0.16497700
v 0.03959600 1.35929700 0.15374400
v 0.04367300 1.35439700 0.14317800
v 0.03350600 1.35797200 0.16324300
v 0.04065500 1.35882200 0.15175800
v 0.04391800 1.35294000 0.14177400
v 0.03501400 1.35859000 0.16139700
v 0.04158100 1.35813400 0.14982100
v 0.02783400 1.35338200 0.16923000
v 0.03644500 1.35897700 0.15946500
v 0.04236800 1.35724700 0.14795900
v 0.02949400 1.35475800 0.16792400
v 0.03778500 1.35913000 0.15747900
v 0.04300600 1.35617800 0.14619400
v 0.03113100 1.35595000 0.16643800
v 0.03902100 1.35904700 0.15546600
v 0.04349100 1.35495100 0.14454800
v 0.03272700 1.35694200 0.16479500
v 0.04014100 1.35873400 0.15345600
v 0.04381600 1.35358800 0.14303500
v 0.03426800 1.35771800 0.16302000
v 0.04113500 1.35820100 0.15147700
v 0.04398000 1.35211500 0.14167000
v 0.03574000 1.35826900 0.16114000
v 0.04199300 1.35745800 0.14955500
v 0.02866600 1.35334500 0.16918100
v 0.03712700 1.35858700 0.15918500
v 0.04270600 1.35652300 0.14771600
v 0.03031700 1.35466600 0.16781500
v 0.03841700 1.35867200 0.15718300
v 0.04326800 1.35541600 0.14598000
v 0.03193500 1.35579900 0.16627500
v 0.03959600 1.35852400 0.15516400
v 0.04367300 1.35415700 0.14436600
v 0.03350600 1.35672700 0.16458500
v 0.04065500 1.35814900 0.15315600
v 0.04391800 1.35277200 0.14289100
v 0.03501400 1.35743700 0.16277100
v 0.04158100 1.35755800 0.15118700
v 0.02783400 1.35184500 0.17033600
v 0.03644500 1.35792000 0.16086200
v 0.04236800 1.35676400 0.14928300
v 0.02949400 1.35328400 0.16910000
v 0.03778500 1.35817100 0.15888500
v 0.04300600 1.35578500 0.14746800
v 0.03113100 1.35454900 0.16767500
v 0.03902100 1.35818800 0.15687100
v 0.04349100 1.35464100 0.14576200
v 0.03272700 1.35562100 0.16608300
v 0.04014100 1.35797600 0.15484800
v 0.04381600 1.35335500 0.14418400
v 0.03426800 1.35648500 0.16434900
v 0.04113500 1.35754200 0.15284500
v 0.04398000 1.35195200 0.14274700
v 0.03574000 1.35712800 0.16249900
v 0.04199300 1.35689600 0.15088800
v 0.02866600 1.35181000 0.17028500
v 0.03712700 1.35754400 0.16056200
v 0.04270600 1.35605400 0.14900400
v 0.03031700 1.35319700 0.16898600
v 0.03841700 1.35772800 0.15856700
v 0.04326800 1.35503400 0.14721500
v 0.03193500 1.35440500 0.16750400
v 0.03959600 1.35768100 0.15654300
v 0.04367300 1.35385800 0.14554100
v 0.03350600 1.35541600 0.16586300
v 0.04065500 1.35740700 0.15451900
v 0.04391800 1.35254800 0.14399900
v 0.03501400 1.35621600 0.16408700
v 0.04158100 1.35691500 0.15252300
v 0.02783400 1.35025400 0.17136300
v 0.03644500 1.35679400 0.16220400
v 0.04236800 1.35621700 0.15058200
v 0.02949400 1.35175300 0.17020100
v 0.03778500 1.35714300 0.16024200
v 0.04300600 1.35533000 0.14872000
v 0.03113100 1.35308700 0.16884000
v 0.03902100 1.35726100 0.15823100
v 0.04349100 1.35427200 0.14695900
v 0.03272700 1.35423700 0.16730400
v 0.04014100 1.35715000 0.15620000
v 0.04381600 1.35306600 0.14531900
v 0.03426800 1.35518600 0.16561500
v 0.04113500 1.35681600 0.15417800
v 0.04398000 1.35173700 0.14381400
v 0.03574000 1.35592200 0.16380000
v 0.04199300 1.35626900 0.15219200
v 0.02866600 1.35022200 0.17131100
v 0.03712700 1.35643300 0.16188600
v 0.04270600 1.35552200 0.15026800
v 0.03031700 1.35167200 0.17008300
v 0.03841700 1.35671700 0.15990200
v 0.04326800 1.35459200 0.14843100
v 0.03193500 1.35295300 0.16866300
v 0.03959600 1.35677000 0.15787800
v 0.04367300 1.35350000 0.14670000
v 0.03350600 1.35404400 0.16707400
v 0.04065500 1.35659700 0.15584300
v 0.04391800 1.35226900 0.14509400
v 0.03501400 1.35493100 0.16534000
v 0.04158100 1.35620500 0.15382500
v 0.02783400 1.34861400 0.17231000
v 0.03644500 1.35560200 0.16348800
v 0.04236800 1.35560500 0.15185200
v 0.02949400 1.35016900 0.17122400
v 0.03778500 1.35604900 0.16154600
v 0.04300600 1.35481200 0.14994800
v 0.03113100 1.35156900 0.16993200
v 0.03902100 1.35626700 0.15954400
v 0.04349100 1.35384400 0.14813700
v 0.03272700 1.35279500 0.16845400
v 0.04014100 1.35625700 0.15751000
v 0.04381600 1.35272100 0.14643800
v 0.03426800 1.35382700 0.16681500
v 0.04113500 1.35602400 0.15547300
v 0.04398000 1.35146800 0.14486900
v 0.03574000 1.35465200 0.16503900
v 0.04199300 1.35557700 0.15346200
v 0.02866600 1.34858500 0.17225600
v 0.03712700 1.35525800 0.16315300
v 0.04270600 1.35492700 0.15150400
v 0.03031700 1.35009400 0.17110200
v 0.03841700 1.35564000 0.16118600
v 0.04326800 1.35409000 0.14962200
v 0.03193500 1.35144400 0.16974800
v 0.03959600 1.35579400 0.15916700
v 0.04367300 1.35308600 0.14783900
v 0.03350600 1.35261300 0.16821500
v 0.04065500 1.35572300 0.15712600
v 0.04391800 1.35193600 0.14617400
v 0.03501400 1.35358600 0.16652700
v 0.04158100 1.35543200 0.15509100
v 0.02783400 1.34692900 0.17317400
v 0.03644500 1.35434800 0.16471100
v 0.04236800 1.35493100 0.15309000
v 0.02949400 1.34853600 0.17216600
v 0.03778500 1.35489100 0.16279400
v 0.04300600 1.35423400 0.15114900
v 0.03113100 1.34999900 0.17094600
v 0.03902100 1.35520800 0.16080500
v 0.04349100 1.35335700 0.14929100
v 0.03272700 1.35129600 0.16953100
v 0.04014100 1.35530000 0.15877300
v 0.04381600 1.35232000 0.14753900
v 0.03426800 1.35240900 0.16794500
v 0.04113500 1.35516900 0.15672700
v 0.04398000 1.35114700 0.14590900
v 0.03574000 1.35332100 0.16621200
v 0.04199300 1.35482200 0.15469700
v 0.02866600 1.34690200 0.17311900
v 0.03712700 1.35402100 0.16435900
v 0.04270600 1.35427100 0.15270800
v 0.03031700 1.34846700 0.17204100
v 0.03841700 1.35450000 0.16241400
v 0.04326800 1.35352900 0.15078700
v 0.03193500 1.34988300 0.17075600
v 0.03959600 1.35475500 0.16040500
v 0.04367300 1.35261500 0.14895700
v 0.03350600 1.35112700 0.16928300
v 0.04065500 1.35478600 0.15836300
v 0.04391800 1.35155000 0.14723600
v 0.03501400 1.35218300 0.16764600
v 0.04158100 1.35459700 0.15631600
v 0.02783400 1.34520300 0.17395300
v 0.03644500 1.35303400 0.16587000
v 0.04236800 1.35419600 0.15429200
v 0.02949400 1.34685800 0.17302700
v 0.03778500 1.35367200 0.16398300
v 0.04300600 1.35359600 0.15231900
v 0.03113100 1.34838000 0.17188000
v 0.03902100 1.35408900 0.16201200
v 0.04349100 1.35281300 0.15042000
v 0.03272700 1.34974600 0.17053300
v 0.04014100 1.35428200 0.15998700
v 0.04381600 1.35186500 0.14861800
v 0.03426800 1.35093700 0.16900400
v 0.04113500 1.35425300 0.15793700
v 0.04398000 1.35077500 0.14693200
v 0.03574000 1.35193400 0.16731900
v 0.04199300 1.35400700 0.15589200
v 0.02866600 1.34517900 0.17389600
v 0.03712700 1.35272600 0.16550200
v 0.04270600 1.35355500 0.15387900
v 0.03031700 1.34679600 0.17289800
v 0.03841700 1.35330100 0.16358300
v 0.04326800 1.35291000 0.15192300
v 0.03193500 1.34827400 0.17168500
v 0.03959600 1.35365600 0.16159000
v 0.04367300 1.35208900 0.15004900
v 0.03350600 1.34959000 0.17027600
v 0.04065500 1.35378800 0.15955200
v 0.04391800 1.35111100 0.14827800
v 0.03501400 1.35072500 0.16869400
v 0.04158100 1.35370100 0.15749800
v 0.02783400 1.34344000 0.17464500
v 0.03644500 1.35166500 0.16696300
v 0.04236800 1.35340200 0.15545700
v 0.02949400 1.34513900 0.17380200
v 0.03778500 1.35239600 0.16510900
v 0.04300600 1.35290200 0.15345600
v 0.03113100 1.34671700 0.17273300
v 0.03902100 1.35291000 0.16316100
v 0.04349100 1.35221400 0.15152100
v 0.03272700 1.34814800 0.17145500
v 0.04014100 1.35320400 0.16114900
v 0.04381600 1.35135700 0.14967400
v 0.03426800 1.34941400 0.16998800
v 0.04113500 1.35327700 0.15910000
v 0.04398000 1.35035200 0.14793600
v 0.03574000 1.35049400 0.16835400
v 0.04199300 1.35313400 0.15704500
v 0.02866600 1.34341900 0.17458700
v 0.03712700 1.35137500 0.16658000
v 0.04270600 1.35278300 0.15501200
v 0.03031700 1.34508400 0.17367100
v 0.03841700 1.35204500 0.16469200
v 0.04326800 1.35223600 0.15302600
v 0.03193500 1.34662000 0.17253300
v 0.03959600 1.35249900 0.16271800
v 0.04367300 1.35150900 0.15111400
v 0.03350600 1.34800500 0.17119100
v 0.04065500 1.35273300 0.16068900
v 0.04391800 1.35062000 0.14929600
v 0.03501400 1.34921800 0.16966800
v 0.04158100 1.35274800 0.15863400
v 0.02783400 1.34164500 0.17524800
v 0.03644500 1.35024200 0.16798500
v 0.04236800 1.35255100 0.15658100
v 0.02949400 1.34338400 0.17449100
v 0.03778500 1.35106500 0.16617100
v 0.04300600 1.35215100 0.15455700
v 0.03113100 1.34501300 0.17350200
v 0.03902100 1.35167600 0.16425100
v 0.04349100 1.35156000 0.15259000
v 0.03272700 1.34650600 0.17229700
v 0.04014100 1.35206900 0.16225500
v 0.04381600 1.35079700 0.15070300
v 0.03426800 1.34784300 0.17089500
v 0.04113500 1.35224400 0.16021300
v 0.04398000 1.34988000 0.14891600
v 0.03574000 1.34900300 0.16931700
v 0.04199300 1.35220400 0.15815300
v 0.02866600 1.34162700 0.17518900
v 0.03712700 1.34997200 0.16758800
v 0.04270600 1.35195500 0.15610500
v 0.03031700 1.34333500 0.17435700
v 0.03841700 1.35073600 0.16573600
v 0.04326800 1.35150800 0.15409500
v 0.03193500 1.34492600 0.17329700
v 0.03959600 1.35128700 0.16378800
v 0.04367300 1.35087700 0.15214800
v 0.03350600 1.34637600 0.17202600
v 0.04065500 1.35162200 0.16177300
v 0.04391800 1.35008000 0.15028900
v 0.03501400 1.34766400 0.17056500
v 0.04158100 1.35174000 0.15972100
v 0.02783400 1.33982200 0.17576100
v 0.03644500 1.34877100 0.16893600
v 0.04236800 1.35164500 0.15766000
v 0.02949400 1.34159600 0.17509100
v 0.03778500 1.34968200 0.16716400
v 0.04300600 1.35134600 0.15562000
v 0.03113100 1.34327300 0.17418500
v 0.03902100 1.35038800 0.16527700
v 0.04349100 1.35085500 0.15362500
v 0.03272700 1.34482500 0.17305600
v 0.04014100 1.35088100 0.16330400
v 0.04381600 1.35018600 0.15170200
v 0.03426800 1.34622900 0.17172200
v 0.04113500 1.35115800 0.16127300
v 0.04398000 1.34935900 0.14987300
v 0.03574000 1.34746700 0.17020400
v 0.04199300 1.35122000 0.15921400
v 0.02866600 1.33980700 0.17570100
v 0.03712700 1.34852000 0.16852600
v 0.04270600 1.35107300 0.15715600
v 0.03031700 1.34155500 0.17495500
v 0.03841700 1.34937500 0.16671400
v 0.04326800 1.35072700 0.15512600
v 0.03193500 1.34319700 0.17397600
v 0.03959600 1.35002300 0.16479600
v 0.04367300 1.35019400 0.15315000
v 0.03350600 1.34470800 0.17277900
v 0.04065500 1.35045800 0.16280000
v 0.04391800 1.34949000 0.15125300
v 0.03501400 1.34606700 0.17138400
v 0.04158100 1.35067800 0.16075600
v 0.02783400 1.33797600 0.17618200
v 0.03644500 1.34725300 0.16981200
v 0.04236800 1.35068600 0.15869400
v 0.02949400 1.33978100 0.17560200
v 0.03778500 1.34825300 0.16808800
v 0.04300600 1.35049000 0.15664000
v 0.03113100 1.34150100 0.17478000
v 0.03902100 1.34905100 0.16623900
v 0.04349100 1.35009800 0.15462400
v 0.03272700 1.34310700 0.17373000
v 0.04014100 1.34964200 0.16429200
v 0.04381600 1.34952600 0.15267000
v 0.03426800 1.34457700 0.17246800
v 0.04113500 1.35002000 0.16227700
v 0.04398000 1.34879100 0.15080200
v 0.03574000 1.34588800 0.17101300
v 0.04199300 1.35018400 0.16022400
v 0.02866600 1.33796300 0.17612200
v 0.03712700 1.34702400 0.16939000
v 0.04270600 1.35014000 0.15816100
v 0.03031700 1.33974600 0.17546400
v 0.03841700 1.34796800 0.16762300
v 0.04326800 1.34989600 0.15611600
v 0.03193500 1.34143500 0.17456800
v 0.03959600 1.34871100 0.16573900
v 0.04367300 1.34946100 0.15411700
v 0.03350600 1.34300400 0.17344800
v 0.04065500 1.34924500 0.16376800
v 0.04391800 1.34885400 0.15218700
v 0.03501400 1.34443100 0.17212200
v 0.04158100 1.34956600 0.16173700
v 0.02783400 1.33611100 0.17651100
v 0.03644500 1.34569500 0.17061100
v 0.04236800 1.34967700 0.15967800
v 0.02949400 1.33794300 0.17602200
v 0.03778500 1.34677800 0.16893900
v 0.04300600 1.34958300 0.15761700
v 0.03113100 1.33970100 0.17528700
v 0.03902100 1.34766800 0.16713200
v 0.04349100 1.34929300 0.15558400
v 0.03272700 1.34135800 0.17431800
v 0.04014100 1.34835500 0.16521700
v 0.04381600 1.34881900 0.15360400
v 0.03426800 1.34288900 0.17313000
v 0.04113500 1.34883300 0.16322400
v 0.04398000 1.34817800 0.15170100
v 0.03574000 1.34427100 0.17174300
v 0.04199300 1.34910000 0.16118100
v 0.02866600 1.33610200 0.17645000
v 0.03712700 1.34548600 0.17017800
v 0.04270600 1.34915900 0.15911900
v 0.03031700 1.33791500 0.17588200
v 0.03841700 1.34651800 0.16846000
v 0.04326800 1.34901600 0.15706400
v 0.03193500 1.33964600 0.17507100
v 0.03959600 1.34735300 0.16661600
v 0.04367300 1.34868200 0.15504500
v 0.03350600 1.34126900 0.17403100
v 0.04065500 1.34798400 0.16467400
v 0.04391800 1.34817100 0.15308800
v 0.03501400 1.34276000 0.17277800
v 0.04158100 1.34840700 0.16266200
v 0.02783400 1.33423200 0.17674600
v 0.03644500 1.34409800 0.17133200
v 0.04236800 1.34862100 0.16061000
v 0.02949400 1.33608600 0.17634900
v 0.03778500 1.34526300 0.16971600
v 0.04300600 1.34862900 0.15854800
v 0.03113100 1.33787900 0.17570300
v 0.03902100 1.34624200 0.16795500
v 0.04349100 1.34844000 0.15650300
v 0.03272700 1.33958200 0.17481700
v 0.04014100 1.34702400 0.16607700
v 0.04381600 1.34806600 0.15450100
v 0.03426800 1.34117000 0.17370800
v 0.04113500 1.34760000 0.16411000
v 0.04398000 1.34752100 0.15256900
v 0.03574000 1.34262000 0.17239100
v 0.04199300 1.34796900 0.16208300
v 0.02866600 1.33422600 0.17668500
v 0.03712700 1.34391100 0.17088900
v 0.04270600 1.34813000 0.16002600
v 0.03031700 1.33606500 0.17620800
v 0.03841700 1.34502700 0.16922500
v 0.04326800 1.34809000 0.15796700
v 0.03193500 1.33783400 0.17548500
v 0.03959600 1.34595300 0.16742400
v 0.04367300 1.34785700 0.15593400
v 0.03350600 1.33950700 0.17452600
v 0.04065500 1.34668100 0.16551600
v 0.04391800 1.34744500 0.15395300
v 0.03501400 1.34105900 0.17334900
v 0.04158100 1.34720300 0.16352800
v 0.02783400 1.33234300 0.17688800
v 0.02783400 1.33045000 0.17693500
v 0.03644500 1.34246700 0.17197200
v 0.04236800 1.34751900 0.16148900
v 0.02949400 1.33421500 0.17658400
v 0.03778500 1.34371200 0.17041600
v 0.04300600 1.34763000 0.15943000
v 0.03113100 1.33603800 0.17602700
v 0.03902100 1.34477700 0.16870600
v 0.04349100 1.34754300 0.15737800
v 0.03272700 1.33778300 0.17522800
v 0.04014100 1.34565100 0.16686900
v 0.04381600 1.34726900 0.15536000
v 0.03426800 1.33942400 0.17419900
v 0.04113500 1.34632500 0.16493400
v 0.04398000 1.34682100 0.15340300
v 0.03574000 1.34093800 0.17295600
v 0.04199300 1.34679400 0.16292800
v 0.02866600 1.33234000 0.17682700
v 0.02866600 1.33045000 0.17687400
v 0.03712700 1.34230300 0.17152000
v 0.04270600 1.34705800 0.16088100
v 0.03031700 1.33420100 0.17644200
v 0.03841700 1.34350000 0.16991400
v 0.04326800 1.34712100 0.15882300
v 0.03193500 1.33600500 0.17580700
v 0.03959600 1.34451500 0.16816200
v 0.04367300 1.34699000 0.15678100
v 0.03350600 1.33772300 0.17493400
v 0.04065500 1.34533700 0.16629200
v 0.04391800 1.34667600 0.15478200
v 0.03501400 1.33933200 0.17383500
v 0.04158100 1.34595800 0.16433200
v 0.03644500 1.34080600 0.17253000
v 0.04236800 1.34637400 0.16231200
v 0.02949400 1.33233500 0.17672400
v 0.02949400 1.33045000 0.17677200
v 0.03031700 1.33045000 0.17662900
v 0.03778500 1.34212700 0.17103800
v 0.04300600 1.34658800 0.16026100
v 0.03113100 1.33418300 0.17626000
v 0.03902100 1.34327700 0.16938300
v 0.04349100 1.34660400 0.15820700
v 0.03272700 1.33596600 0.17554800
v 0.04014100 1.34424100 0.16759300
v 0.04381600 1.34643000 0.15617800
v 0.03426800 1.33765600 0.17460200
v 0.04113500 1.34501000 0.16569300
v 0.04398000 1.34608000 0.15420100
v 0.03574000 1.33923000 0.17343700
v 0.04199300 1.34557900 0.16371300
v 0.03712700 1.34066500 0.17207000
v 0.04270600 1.34594500 0.16168200
v 0.03031700 1.33232800 0.17658200
v 0.03113100 1.33045000 0.17644600
v 0.03841700 1.34194100 0.17052600
v 0.04326800 1.34611000 0.15962900
v 0.03193500 1.33416100 0.17603800
v 0.03959600 1.34304200 0.16882700
v 0.04367300 1.34608000 0.15758300
v 0.03350600 1.33592100 0.17525100
v 0.04065500 1.34395600 0.16700000
v 0.04391800 1.34586700 0.15557100
v 0.03501400 1.33758200 0.17423500
v 0.04158100 1.34467300 0.16507400
v 0.03644500 1.33912000 0.17300400
v 0.04236800 1.34519000 0.16307700
v 0.03778500 1.34051300 0.17158000
v 0.04300600 1.34550600 0.16103800
v 0.03113100 1.33231900 0.17639900
v 0.03902100 1.34174400 0.16998500
v 0.04349100 1.34562400 0.15898800
v 0.03272700 1.33413500 0.17577800
v 0.04014100 1.34279600 0.16824400
v 0.04381600 1.34555200 0.15695300
v 0.03426800 1.33587000 0.17491700
v 0.04113500 1.34366000 0.16638500
v 0.04398000 1.34530100 0.15496100
v 0.03574000 1.33750000 0.17383100
v 0.04199300 1.34432600 0.16443600
v 0.03712700 1.33900100 0.17253800
v 0.04270600 1.34479200 0.16242600
v 0.03841700 1.34035300 0.17105900
v 0.04326800 1.34506000 0.16038400
v 0.03193500 1.33230800 0.17617700
v 0.03193500 1.33045000 0.17622300
v 0.03959600 1.34153700 0.16941700
v 0.04367300 1.34513200 0.15833900
v 0.03350600 1.33410500 0.17547900
v 0.04065500 1.34254100 0.16763800
v 0.04391800 1.34502000 0.15631900
v 0.03501400 1.33581400 0.17454600
v 0.04158100 1.34335400 0.16575000
v 0.03644500 1.33741200 0.17339400
v 0.04236800 1.34397000 0.16378100
v 0.03778500 1.33887500 0.17204100
v 0.04300600 1.34438700 0.16176200
v 0.03902100 1.34018300 0.17050900
v 0.04349100 1.34460700 0.15971900
v 0.03272700 1.33229500 0.17591600
v 0.03272700 1.33045000 0.17596200
v 0.03350600 1.33045000 0.17566100
v 0.04014100 1.34132100 0.16882300
v 0.04381600 1.34463600 0.15768400
v 0.03426800 1.33407100 0.17514300
v 0.04113500 1.34227600 0.16701000
v 0.04398000 1.34448500 0.15568100
v 0.03574000 1.33575300 0.17413900
v 0.04199300 1.34303900 0.16509600
v 0.03712700 1.33731700 0.17292300
v 0.04270600 1.34360500 0.16311200
v 0.03841700 1.33874000 0.17151300
v 0.04326800 1.34397300 0.16108500
v 0.03959600 1.34000500 0.16993200
v 0.04367300 1.34414800 0.15904700
v 0.03350600 1.33228000 0.17561600
v 0.04065500 1.34109600 0.16820500
v 0.04391800 1.34413600 0.15702400
v 0.03501400 1.33403400 0.17476900
v 0.04158100 1.34200200 0.16636000
v 0.03644500 1.33568700 0.17369800
v 0.04236800 1.34271500 0.16442400
v 0.03778500 1.33721500 0.17242000
v 0.04300600 1.34323200 0.16242800
v 0.03902100 1.33859800 0.17095500
v 0.04349100 1.34355400 0.16039900
v 0.04014100 1.33981900 0.16932800
v 0.04381600 1.34368500 0.15836700
v 0.03426800 1.33226300 0.17527800
v 0.03426800 1.33045000 0.17532300
v 0.03501400 1.33045000 0.17494800
v 0.04113500 1.34086300 0.16756400
v 0.04398000 1.34363400 0.15636000
v 0.03574000 1.33399300 0.17436000
v 0.04199300 1.34172000 0.16569100
v 0.03712700 1.33561500 0.17322300
v 0.04270600 1.34238400 0.16373700
v 0.03841700 1.33710700 0.17188600
v 0.04326800 1.34285300 0.16173200
v 0.03959600 1.33844900 0.17037000
v 0.04367300 1.34313000 0.15970500
v 0.04065500 1.33962500 0.16870000
v 0.04391800 1.34321800 0.15768300
v 0.03501400 1.33224400 0.17490300
v 0.03574000 1.33045000 0.17453700
v 0.04158100 1.34062200 0.16690200
v 0.03644500 1.33394800 0.17391600
v 0.04236800 1.34143000 0.16500400
v 0.03778500 1.33553900 0.17271500
v 0.04300600 1.34204700 0.16303600
v 0.03902100 1.33699300 0.17132200
v 0.04349100 1.34246900 0.16102600
v 0.04014100 1.33829300 0.16975700
v 0.04381600 1.34270100 0.15900300
v 0.04113500 1.33942400 0.16804800
v 0.04398000 1.34275000 0.15699600
v 0.03574000 1.33222400 0.17449300
v 0.04199300 1.34037300 0.16622000
v 0.03712700 1.33390100 0.17343800
v 0.04270600 1.34113400 0.16430100
v 0.03841700 1.33545700 0.17217600
v 0.04326800 1.34170300 0.16232200
v 0.03959600 1.33687300 0.17072900
v 0.04367300 1.34208000 0.16031100
v 0.04065500 1.33813100 0.16912000
v 0.04391800 1.34226900 0.15829600
v 0.04158100 1.33921600 0.16737400
v 0.03644500 1.33220100 0.17404700
v 0.03644500 1.33045000 0.17409000
v 0.03712700 1.33045000 0.17361000
v 0.04236800 1.34011900 0.16551900
v 0.03778500 1.33384900 0.17292700
v 0.04300600 1.34083200 0.16358400
v 0.03902100 1.33537100 0.17160800
v 0.04349100 1.34135400 0.16159700
v 0.04014100 1.33674800 0.17011000
v 0.04381600 1.34168600 0.15958900
v 0.04113500 1.33796300 0.16845900
v 0.04398000 1.34183500 0.15758600
v 0.04199300 1.33900200 0.16668000
v 0.03712700 1.33217700 0.17356700
v 0.04270600 1.33985700 0.16480200
v 0.03841700 1.33379500 0.17238500
v 0.04326800 1.34052400 0.16285400
v 0.03959600 1.33528100 0.17101000
v 0.04367300 1.34100100 0.16086400
v 0.04065500 1.33661800 0.16946500
v 0.04391800 1.34129000 0.15886200
v 0.04158100 1.33778800 0.16777600
v 0.04236800 1.33878200 0.16596800
v 0.03778500 1.33215200 0.17305400
v 0.03778500 1.33045000 0.17309700
v 0.04300600 1.33959100 0.16407100
v 0.03902100 1.33373800 0.17181200
v 0.04349100 1.34021200 0.16211300
v 0.04014100 1.33518700 0.17038500
v 0.04381600 1.34064400 0.16012300
v 0.04113500 1.33648300 0.16879700
v 0.04398000 1.34089200 0.15813100
v 0.04199300 1.33760900 0.16707200
v 0.04270600 1.33855700 0.16523900
v 0.03841700 1.33212500 0.17251000
v 0.03841700 1.33045000 0.17255200
v 0.04326800 1.33932000 0.16332600
v 0.03959600 1.33367800 0.17121100
v 0.04367300 1.33989500 0.16136300
v 0.04065500 1.33508900 0.16973500
v 0.04391800 1.34028500 0.15937700
v 0.04158100 1.33634300 0.16810600
v 0.04236800 1.33742500 0.16635000
v 0.04300600 1.33832800 0.16449500
v 0.03902100 1.33209600 0.17193500
v 0.03902100 1.33045000 0.17197600
v 0.03959600 1.33045000 0.17137200
v 0.04349100 1.33904500 0.16257100
v 0.04014100 1.33361500 0.17058200
v 0.04381600 1.33957600 0.16060500
v 0.04113500 1.33498800 0.16906000
v 0.04398000 1.33992400 0.15862700
v 0.04199300 1.33619900 0.16739400
v 0.04270600 1.33723700 0.16561100
v 0.04326800 1.33809500 0.16373800
v 0.03959600 1.33206600 0.17133200
v 0.04367300 1.33876700 0.16180600
v 0.04065500 1.33354900 0.16992800
v 0.04391800 1.33925400 0.15984200
v 0.04158100 1.33488200 0.16836300
v 0.04236800 1.33605100 0.16666300
v 0.04300600 1.33704500 0.16485600
v 0.04349100 1.33785700 0.16297000
v 0.04014100 1.33203400 0.17070100
v 0.04014100 1.33045000 0.17074000
v 0.04065500 1.33045000 0.17008200
v 0.04381600 1.33848600 0.16103300
v 0.04113500 1.33348100 0.16924900
v 0.04398000 1.33893100 0.15907500
v 0.04199300 1.33477400 0.16764500
v 0.04270600 1.33590000 0.16591600
v 0.04326800 1.33685000 0.16408800
v 0.04367300 1.33761800 0.16219200
v 0.04065500 1.33200200 0.17004400
v 0.04391800 1.33820200 0.16025500
v 0.04158100 1.33341100 0.16854700
v 0.04236800 1.33466300 0.16690800
v 0.04300600 1.33574600 0.16515300
v 0.04349100 1.33665100 0.16330900
v 0.04381600 1.33737500 0.16140600
v 0.04113500 1.33196800 0.16936200
v 0.04113500 1.33045000 0.16940000
v 0.04398000 1.33791800 0.15947300
v 0.04199300 1.33333900 0.16782500
v 0.04270600 1.33455000 0.16615400
v 0.04326800 1.33558900 0.16437600
v 0.04367300 1.33645000 0.16252000
v 0.04391800 1.33713100 0.16061500
v 0.04158100 1.33193200 0.16865800
v 0.04158100 1.33045000 0.16869500
v 0.04199300 1.33045000 0.16796900
v 0.04236800 1.33326500 0.16708300
v 0.04300600 1.33443400 0.16538400
v 0.04349100 1.33543000 0.16358800
v 0.04381600 1.33624700 0.16172300
v 0.04398000 1.33688600 0.15982000
v 0.04199300 1.33189600 0.16793300
v 0.04270600 1.33318900 0.16632400
v 0.04326800 1.33431600 0.16460100
v 0.04367300 1.33526800 0.16279000
v 0.04391800 1.33604300 0.16092100
v 0.04236800 1.33185900 0.16718900
v 0.04236800 1.33045000 0.16722400
v 0.04270600 1.33045000 0.16646100
v 0.04300600 1.33311100 0.16555000
v 0.04349100 1.33419600 0.16380500
v 0.04381600 1.33510500 0.16198400
v 0.04398000 1.33583800 0.16011400
v 0.04270600 1.33182100 0.16642700
v 0.04326800 1.33303200 0.16476100
v 0.04367300 1.33407400 0.16300000
v 0.04391800 1.33494100 0.16117200
v 0.04300600 1.33178200 0.16564900
v 0.04300600 1.33045000 0.16568300
v 0.04349100 1.33295200 0.16396100
v 0.04381600 1.33395200 0.16218800
v 0.04398000 1.33477600 0.16035700
v 0.04326800 1.33174300 0.16485800
v 0.04326800 1.33045000 0.16489000
v 0.04367300 1.33287100 0.16315100
v 0.04391800 1.33382800 0.16136900
v 0.04349100 1.33170300 0.16405500
v 0.04349100 1.33045000 0.16408600
v 0.04367300 1.33045000 0.16327200
v 0.04381600 1.33278900 0.16233300
v 0.04398000 1.33370400 0.16054600
v 0.04367300 1.33166200 0.16324200
v 0.04391800 1.33270700 0.16150900
v 0.04381600 1.33162100 0.16242100
v 0.04381600 1.33045000 0.16245000
v 0.04391800 1.33045000 0.16162200
v 0.04398000 1.33262400 0.16068100
v 0.04391800 1.33158000 0.16159400
v 0.04398000 1.33153800 0.16076300
v -0.02864100 1.18335000 0.13968800
v -0.02864100 1.18335000 0.13968800
v -0.02861300 1.18335000 0.14042100
v -0.02861300 1.18335000 0.14042100
v -0.02855500 1.18335000 0.14128100
v -0.02855500 1.18335000 0.14128100
v -0.02847200 1.18335000 0.14214200
v -0.02847200 1.18335000 0.14214200
v -0.02836300 1.18335000 0.14299800
v -0.02836300 1.18335000 0.14299800
v -0.02822900 1.18335000 0.14384900
v -0.02822900 1.18335000 0.14384900
v -0.02807000 1.18335000 0.14469200
v -0.02807000 1.18335000 0.14469200
v -0.02788600 1.18335000 0.14552800
v -0.02788600 1.18335000 0.14552800
v -0.02767800 1.18335000 0.14635700
v -0.02767800 1.18335000 0.14635700
v -0.02744500 1.18335000 0.14718000
v -0.02744500 1.18335000 0.14718000
v -0.02718700 1.18335000 0.14799500
v -0.02718700 1.18335000 0.14799500
v -0.02690500 1.18335000 0.14880300
v -0.02690500 1.18335000 0.14880300
v -0.02659700 1.18335000 0.14960500
v -0.02659700 1.18335000 0.14960500
v -0.02626500 1.18335000 0.15039900
v -0.02626500 1.18335000 0.15039900
v -0.02590800 1.18335000 0.15118600
v -0.02590800 1.18335000 0.15118600
v -0.02552700 1.18335000 0.15196300
v -0.02552700 1.18335000 0.15196300
v -0.02512400 1.18335000 0.15272400
v -0.02512400 1.18335000 0.15272400
v -0.02470100 1.18335000 0.15347100
v -0.02470100 1.18335000 0.15347100
v -0.02425600 1.18335000 0.15420300
v -0.02425600 1.18335000 0.15420300
v -0.02379000 1.18335000 0.15492000
v -0.02379000 1.18335000 0.15492000
v -0.02330300 1.18335000 0.15562200
v -0.02330300 1.18335000 0.15562200
v -0.02279600 1.18335000 0.15631000
v -0.02279600 1.18335000 0.15631000
v -0.02226700 1.18335000 0.15698300
v -0.02226700 1.18335000 0.15698300
v -0.02171700 1.18335000 0.15764200
v -0.02171700 1.18335000 0.15764200
v -0.02114600 1.18335000 0.15828600
v -0.02114600 1.18335000 0.15828600
v -0.02055400 1.18335000 0.15891400
v -0.02055400 1.18335000 0.15891400
v -0.01994200 1.18335000 0.15952600
v -0.01994200 1.18335000 0.15952600
v -0.01931400 1.18335000 0.16011700
v -0.01931400 1.18335000 0.16011700
v -0.01867100 1.18335000 0.16068600
v -0.01867100 1.18335000 0.16068600
v -0.01801300 1.18335000 0.16123500
v -0.01801300 1.18335000 0.16123500
v -0.01734000 1.18335000 0.16176300
v -0.01734000 1.18335000 0.16176300
v -0.01665200 1.18335000 0.16227000
v -0.01665200 1.18335000 0.16227000
v -0.01594900 1.18335000 0.16275600
v -0.01594900 1.18335000 0.16275600
v -0.01523100 1.18335000 0.16322200
v -0.01523100 1.18335000 0.16322200
v -0.01449800 1.18335000 0.16366600
v -0.01449800 1.18335000 0.16366600
v -0.01375100 1.18335000 0.16409000
v -0.01375100 1.18335000 0.16409000
v -0.01298700 1.18335000 0.16449300
v -0.01298700 1.18335000 0.16449300
v -0.01221000 1.18335000 0.16487300
v -0.01221000 1.18335000 0.16487300
v -0.01142400 1.18335000 0.16522900
v -0.01142400 1.18335000 0.16522900
v -0.01063000 1.18335000 0.16556000
v -0.01063000 1.18335000 0.16556000
v -0.00982900 1.18335000 0.16586700
v -0.00982900 1.18335000 0.16586700
v -0.00902100 1.18335000 0.16614800
v -0.00902100 1.18335000 0.16614800
v -0.00820600 1.18335000 0.16640500
v -0.00820600 1.18335000 0.16640500
v -0.00738400 1.18335000 0.16663800
v -0.00738400 1.18335000 0.16663800
v -0.00655400 1.18335000 0.16684600
v -0.00655400 1.18335000 0.16684600
v -0.00571700 1.18335000 0.16702900
v -0.00571700 1.18335000 0.16702900
v -0.00487300 1.18335000 0.16718800
v -0.00487300 1.18335000 0.16718800
v -0.00402200 1.18335000 0.16732200
v -0.00402200 1.18335000 0.16732200
v -0.00316300 1.18335000 0.16743000
v -0.00316300 1.18335000 0.16743000
v -0.00230300 1.18335000 0.16751300
v -0.00230300 1.18335000 0.16751300
v -0.00144500 1.18335000 0.16756900
v -0.00144500 1.18335000 0.16756900
v -0.00058700 1.18335000 0.16759900
v -0.00058700 1.18335000 0.16759900
v 0.00026900 1.18335000 0.16760400
v 0.00026900 1.18335000 0.16760400
v 0.00112400 1.18335000 0.16758400
v 0.00112400 1.18335000 0.16758400
v 0.00197700 1.18335000 0.16753700
v 0.00197700 1.18335000 0.16753700
v 0.00282900 1.18335000 0.16746600
v 0.00282900 1.18335000 0.16746600
v 0.00368000 1.18335000 0.16736900
v 0.00368000 1.18335000 0.16736900
v 0.00452900 1.18335000 0.16724500
v 0.00452900 1.18335000 0.16724500
v 0.00537700 1.18335000 0.16709600
v 0.00537700 1.18335000 0.16709600
v 0.00622300 1.18335000 0.16692100
v 0.00622300 1.18335000 0.16692100
v 0.00706500 1.18335000 0.16672100
v 0.00706500 1.18335000 0.16672100
v 0.00789600 1.18335000 0.16649600
v 0.00789600 1.18335000 0.16649600
v 0.00871800 1.18335000 0.16624700
v 0.00871800 1.18335000 0.16624700
v 0.00953000 1.18335000 0.16597400
v 0.00953000 1.18335000 0.16597400
v 0.01033200 1.18335000 0.16567800
v 0.01033200 1.18335000 0.16567800
v 0.01112400 1.18335000 0.16535800
v 0.01112400 1.18335000 0.16535800
v 0.01190700 1.18335000 0.16501400
v 0.01190700 1.18335000 0.16501400
v 0.01268000 1.18335000 0.16464700
v 0.01268000 1.18335000 0.16464700
v 0.01344300 1.18335000 0.16425600
v 0.01344300 1.18335000 0.16425600
v 0.01419700 1.18335000 0.16384100
v 0.01419700 1.18335000 0.16384100
v 0.01494000 1.18335000 0.16340200
v 0.01494000 1.18335000 0.16340200
v 0.01567200 1.18335000 0.16293900
v 0.01567200 1.18335000 0.16293900
v 0.01638700 1.18335000 0.16245600
v 0.01638700 1.18335000 0.16245600
v 0.01708400 1.18335000 0.16195500
v 0.01708400 1.18335000 0.16195500
v 0.01776500 1.18335000 0.16143400
v 0.01776500 1.18335000 0.16143400
v 0.01842800 1.18335000 0.16089300
v 0.01842800 1.18335000 0.16089300
v 0.01907400 1.18335000 0.16033400
v 0.01907400 1.18335000 0.16033400
v 0.01970300 1.18335000 0.15975500
v 0.01970300 1.18335000 0.15975500
v 0.02031500 1.18335000 0.15915800
v 0.02031500 1.18335000 0.15915800
v 0.02091000 1.18335000 0.15854100
v 0.02091000 1.18335000 0.15854100
v 0.02148800 1.18335000 0.15790500
v 0.02148800 1.18335000 0.15790500
v 0.02204900 1.18335000 0.15724900
v 0.02204900 1.18335000 0.15724900
v 0.02259100 1.18335000 0.15657500
v 0.02259100 1.18335000 0.15657500
v 0.02311200 1.18335000 0.15588600
v 0.02311200 1.18335000 0.15588600
v 0.02361000 1.18335000 0.15518500
v 0.02361000 1.18335000 0.15518500
v 0.02408500 1.18335000 0.15447100
v 0.02408500 1.18335000 0.15447100
v 0.02453800 1.18335000 0.15374500
v 0.02453800 1.18335000 0.15374500
v 0.02496800 1.18335000 0.15300700
v 0.02496800 1.18335000 0.15300700
v 0.02537600 1.18335000 0.15225600
v 0.02537600 1.18335000 0.15225600
v 0.02576200 1.18335000 0.15149200
v 0.02576200 1.18335000 0.15149200
v 0.02612500 1.18335000 0.15071600
v 0.02612500 1.18335000 0.15071600
v 0.02649600 1.18335000 0.14985500
v 0.02649600 1.18335000 0.14985500
v 0.02687000 1.18335000 0.14889700
v 0.02687000 1.18335000 0.14889700
v 0.02721000 1.18335000 0.14792400
v 0.02721000 1.18335000 0.14792400
v 0.02749000 1.18335000 0.14702500
v 0.02749000 1.18335000 0.14702500
v 0.02784300 1.18335000 0.14570700
v 0.02784300 1.18335000 0.14570700
v 0.02813200 1.18335000 0.14437900
v 0.02813200 1.18335000 0.14437900
v 0.02835800 1.18335000 0.14303900
v 0.02835800 1.18335000 0.14303900
v 0.02852000 1.18335000 0.14168900
v 0.02852000 1.18335000 0.14168900
v 0.02861700 1.18335000 0.14032800
v 0.02861700 1.18335000 0.14032800
v -0.00955000 1.18335000 0.14850500
v -0.00955000 1.18335000 0.12940600
v 0.00955000 1.18335000 0.14850500
v 0.00955000 1.18335000 0.12940600
v -0.03410000 1.32116700 0.14817300
v -0.03410000 1.33177000 0.16667400
v -0.03410000 1.33177000 0.16667400
v -0.03410000 1.33966700 0.14823800
v -0.03410000 1.33311600 0.16657700
v -0.03410000 1.33311600 0.16657700
v -0.03410000 1.33446300 0.16641400
v -0.03410000 1.33446300 0.16641400
v -0.03410000 1.33579900 0.16618500
v -0.03410000 1.33579900 0.16618500
v -0.03410000 1.33669100 0.16599500
v -0.03410000 1.33669100 0.16599500
v -0.03410000 1.33767600 0.16574800
v -0.03410000 1.33767600 0.16574800
v -0.03410000 1.33855300 0.16549600
v -0.03410000 1.33855300 0.16549600
v -0.03410000 1.33933400 0.16524500
v -0.03410000 1.33933400 0.16524500
v -0.03410000 1.34010600 0.16497100
v -0.03410000 1.34010600 0.16497100
v -0.03410000 1.34087100 0.16467400
v -0.03410000 1.34087100 0.16467400
v -0.03410000 1.34162100 0.16435800
v -0.03410000 1.34162100 0.16435800
v -0.03410000 1.34236000 0.16402000
v -0.03410000 1.34236000 0.16402000
v -0.03410000 1.34308900 0.16366000
v -0.03410000 1.34308900 0.16366000
v -0.03410000 1.34380800 0.16327900
v -0.03410000 1.34380800 0.16327900
v -0.03410000 1.34451500 0.16287700
v -0.03410000 1.34451500 0.16287700
v -0.03410000 1.34521000 0.16245500
v -0.03410000 1.34521000 0.16245500
v -0.03410000 1.34589300 0.16201200
v -0.03410000 1.34589300 0.16201200
v -0.03410000 1.34656800 0.16154500
v -0.03410000 1.34656800 0.16154500
v -0.03410000 1.34722800 0.16105900
v -0.03410000 1.34722800 0.16105900
v -0.03410000 1.34787500 0.16055300
v -0.03410000 1.34787500 0.16055300
v -0.03410000 1.34850200 0.16003100
v -0.03410000 1.34850200 0.16003100
v -0.03410000 1.34911300 0.15949200
v -0.03410000 1.34911300 0.15949200
v -0.03410000 1.34970900 0.15893400
v -0.03410000 1.34970900 0.15893400
v -0.03410000 1.35028700 0.15836100
v -0.03410000 1.35028700 0.15836100
v -0.03410000 1.35084600 0.15777200
v -0.03410000 1.35084600 0.15777200
v -0.03410000 1.35138800 0.15716700
v -0.03410000 1.35138800 0.15716700
v -0.03410000 1.35191200 0.15654700
v -0.03410000 1.35191200 0.15654700
v -0.03410000 1.35242100 0.15590700
v -0.03410000 1.35242100 0.15590700
v -0.03410000 1.35291000 0.15525300
v -0.03410000 1.35291000 0.15525300
v -0.03410000 1.35338000 0.15458500
v -0.03410000 1.35338000 0.15458500
v -0.03410000 1.35383200 0.15390100
v -0.03410000 1.35383200 0.15390100
v -0.03410000 1.35426200 0.15320500
v -0.03410000 1.35426200 0.15320500
v -0.03410000 1.35467200 0.15249600
v -0.03410000 1.35467200 0.15249600
v -0.03410000 1.35506000 0.15177700
v -0.03410000 1.35506000 0.15177700
v -0.03410000 1.35542500 0.15105200
v -0.03410000 1.35542500 0.15105200
v -0.03410000 1.35576800 0.15031600
v -0.03410000 1.35576800 0.15031600
v -0.03410000 1.35609000 0.14956900
v -0.03410000 1.35609000 0.14956900
v -0.03410000 1.35639100 0.14881200
v -0.03410000 1.35639100 0.14881200
v -0.03410000 1.35666800 0.14804700
v -0.03410000 1.35666800 0.14804700
v -0.03410000 1.35692400 0.14727500
v -0.03410000 1.35692400 0.14727500
v -0.03410000 1.35715800 0.14649000
v -0.03410000 1.35715800 0.14649000
v -0.03410000 1.35736900 0.14569700
v -0.03410000 1.35736900 0.14569700
v -0.03410000 1.35755600 0.14489800
v -0.03410000 1.35755600 0.14489800
v -0.03410000 1.35772000 0.14409600
v -0.03410000 1.35772000 0.14409600
v -0.03410000 1.35785900 0.14329300
v -0.03410000 1.35785900 0.14329300
v -0.03410000 1.35797400 0.14248700
v -0.03410000 1.35797400 0.14248700
v -0.03410000 1.35806600 0.14167800
v -0.03410000 1.35806600 0.14167800
v -0.03410000 1.35813400 0.14086900
v -0.03410000 1.35813400 0.14086900
v -0.03410000 1.35817800 0.14005800
v -0.03410000 1.35817800 0.14005800
v -0.03410000 1.35819900 0.13924600
v -0.03410000 1.35819900 0.13924600
v -0.03410000 1.32123200 0.12967300
v -0.03410000 1.33270900 0.11129800
v -0.03410000 1.33270900 0.11129800
v -0.03410000 1.33973200 0.12973800
v -0.03410000 1.33352200 0.11137600
v -0.03410000 1.33352200 0.11137600
v -0.03410000 1.33189500 0.11124300
v -0.03410000 1.33189500 0.11124300
v -0.03410000 1.33117300 0.11121500
v -0.03410000 1.33117300 0.11121500
v -0.03410000 1.35819500 0.13842900
v -0.03410000 1.35819500 0.13842900
v -0.03410000 1.35816700 0.13761100
v -0.03410000 1.35816700 0.13761100
v -0.03410000 1.35811600 0.13679400
v -0.03410000 1.35811600 0.13679400
v -0.03410000 1.35804000 0.13597900
v -0.03410000 1.35804000 0.13597900
v -0.03410000 1.35794000 0.13516800
v -0.03410000 1.35794000 0.13516800
v -0.03410000 1.35781700 0.13436000
v -0.03410000 1.35781700 0.13436000
v -0.03410000 1.35766900 0.13355500
v -0.03410000 1.35766900 0.13355500
v -0.03410000 1.35750000 0.13276000
v -0.03410000 1.35750000 0.13276000
v -0.03410000 1.35730700 0.13197200
v -0.03410000 1.35730700 0.13197200
v -0.03410000 1.35709100 0.13118900
v -0.03410000 1.35709100 0.13118900
v -0.03410000 1.35685200 0.13041000
v -0.03410000 1.35685200 0.13041000
v -0.03410000 1.35658900 0.12963900
v -0.03410000 1.35658900 0.12963900
v -0.03410000 1.35630500 0.12887600
v -0.03410000 1.35630500 0.12887600
v -0.03410000 1.35599700 0.12811900
v -0.03410000 1.35599700 0.12811900
v -0.03410000 1.35566500 0.12736900
v -0.03410000 1.35566500 0.12736900
v -0.03410000 1.35531200 0.12662900
v -0.03410000 1.35531200 0.12662900
v -0.03410000 1.35493600 0.12589900
v -0.03410000 1.35493600 0.12589900
v -0.03410000 1.35454300 0.12518600
v -0.03410000 1.35454300 0.12518600
v -0.03410000 1.35412900 0.12448600
v -0.03410000 1.35412900 0.12448600
v -0.03410000 1.35369500 0.12379800
v -0.03410000 1.35369500 0.12379800
v -0.03410000 1.35324000 0.12312300
v -0.03410000 1.35324000 0.12312300
v -0.03410000 1.35276700 0.12246300
v -0.03410000 1.35276700 0.12246300
v -0.03410000 1.35227500 0.12181600
v -0.03410000 1.35227500 0.12181600
v -0.03410000 1.35176200 0.12118300
v -0.03410000 1.35176200 0.12118300
v -0.03410000 1.35122800 0.12056100
v -0.03410000 1.35122800 0.12056100
v -0.03410000 1.35067600 0.11995600
v -0.03410000 1.35067600 0.11995600
v -0.03410000 1.35010600 0.11936700
v -0.03410000 1.35010600 0.11936700
v -0.03410000 1.34952100 0.11879700
v -0.03410000 1.34952100 0.11879700
v -0.03410000 1.34892000 0.11824500
v -0.03410000 1.34892000 0.11824500
v -0.03410000 1.34830200 0.11771000
v -0.03410000 1.34830200 0.11771000
v -0.03410000 1.34767100 0.11719600
v -0.03410000 1.34767100 0.11719600
v -0.03410000 1.34702700 0.11670100
v -0.03410000 1.34702700 0.11670100
v -0.03410000 1.34637000 0.11622600
v -0.03410000 1.34637000 0.11622600
v -0.03410000 1.34569600 0.11576900
v -0.03410000 1.34569600 0.11576900
v -0.03410000 1.34500800 0.11533100
v -0.03410000 1.34500800 0.11533100
v -0.03410000 1.34430700 0.11491300
v -0.03410000 1.34430700 0.11491300
v -0.03410000 1.34359500 0.11451600
v -0.03410000 1.34359500 0.11451600
v -0.03410000 1.34286700 0.11413900
v -0.03410000 1.34286700 0.11413900
v -0.03410000 1.34212900 0.11378300
v -0.03410000 1.34212900 0.11378300
v -0.03410000 1.34137900 0.11344800
v -0.03410000 1.34137900 0.11344800
v -0.03410000 1.34062500 0.11313800
v -0.03410000 1.34062500 0.11313800
v -0.03410000 1.33986400 0.11285100
v -0.03410000 1.33986400 0.11285100
v -0.03410000 1.33909500 0.11258700
v -0.03410000 1.33909500 0.11258700
v -0.03410000 1.33831900 0.11234400
v -0.03410000 1.33831900 0.11234400
v -0.03410000 1.33753600 0.11212500
v -0.03410000 1.33753600 0.11212500
v -0.03410000 1.33674700 0.11192900
v -0.03410000 1.33674700 0.11192900
v -0.03410000 1.33595200 0.11175600
v -0.03410000 1.33595200 0.11175600
v -0.03410000 1.33514600 0.11160600
v -0.03410000 1.33514600 0.11160600
v -0.03410000 1.33433600 0.11147900
v -0.03410000 1.33433600 0.11147900
vn -0.70650000 -0.01940000 0.70740000
vn -1.00000000 -0.00000000 -0.00000000
vn -0.00000000 -0.04880000 0.99880000
vn -0.70530000 -0.03480000 0.70810000
vn -0.70610000 -0.00780000 0.70800000
vn -0.00000000 -0.01270000 0.99990000
vn -1.00000000 -0.00000000 -0.00000000
vn -0.70740000 0.00290000 0.70680000
vn -0.70680000 -0.03980000 0.70630000
vn -1.00000000 -0.00000000 -0.00000000
vn -1.00000000 -0.00000000 -0.00000000
vn -0.70660000 -0.05820000 0.70520000
vn -0.70530000 -0.06810000 0.70560000
vn -0.00000000 -0.09630000 0.99540000
vn -1.00000000 -0.00000000 -0.00000000
vn -0.70660000 -0.08040000 0.70300000
vn -0.70530000 -0.10170000 0.70160000
vn -0.00010000 -0.14360000 0.98960000
vn -1.00000000 -0.00000000 -0.00000000
vn -0.70700000 -0.09980000 0.70010000
vn -0.70680000 -0.12030000 0.69720000
vn -1.00000000 -0.00000000 -0.00000000
vn -0.00010000 -0.19070000 0.98170000
vn -0.70540000 -0.13550000 0.69570000
vn -0.70660000 -0.14200000 0.69320000
vn -1.00000000 -0.00000000 -0.00000000
vn -1.00000000 -0.00000000 -0.00000000
vn -0.70650000 -0.16010000 0.68940000
vn -0.00010000 -0.23730000 0.97140000
vn -0.70540000 -0.16780000 0.68860000
vn -0.70670000 -0.18170000 0.68380000
vn -1.00000000 -0.00000000 -0.00000000
vn -0.70530000 -0.20090000 0.67980000
vn -0.00010000 -0.28330000 0.95900000
vn -1.00000000 -0.00000000 -0.00000000
vn -0.70710000 -0.20140000 0.67790000
vn -1.00000000 -0.00000000 -0.00000000
vn -0.70670000 -0.22050000 0.67230000
vn -0.00010000 -0.32860000 0.94450000
vn -0.70530000 -0.23310000 0.66940000
vn -1.00000000 -0.00000000 -0.00000000
vn -0.70660000 -0.24160000 0.66510000
vn -0.70540000 -0.26440000 0.65770000
vn -0.00010000 -0.37330000 0.92770000
vn -0.70680000 -0.25900000 0.65830000
vn -1.00000000 -0.00000000 -0.00000000
vn -1.00000000 -0.00000000 -0.00000000
vn -0.70670000 -0.27900000 0.65020000
vn -0.70530000 -0.29590000 0.64420000
vn -0.00010000 -0.41720000 0.90880000
vn -0.70700000 -0.29810000 0.64140000
vn -1.00000000 -0.00000000 -0.00000000
vn -1.00000000 -0.00000000 -0.00000000
vn -0.70660000 -0.31560000 0.63330000
vn -0.70530000 -0.32610000 0.62940000
vn -0.00010000 -0.46010000 0.88790000
vn -0.70660000 -0.33530000 0.62310000
vn -1.00000000 -0.00000000 -0.00000000
vn -0.00010000 -0.50180000 0.86500000
vn -0.70530000 -0.35560000 0.61320000
vn -0.70690000 -0.35210000 0.61340000
vn -1.00000000 -0.00000000 -0.00000000
vn -1.00000000 -0.00000000 -0.00000000
vn -0.70670000 -0.37040000 0.60280000
vn -0.70540000 -0.38480000 0.59530000
vn -0.00010000 -0.54250000 0.84010000
vn -1.00000000 -0.00000000 -0.00000000
vn -0.70670000 -0.38890000 0.59110000
vn -0.70650000 -0.40440000 0.58070000
vn -1.00000000 -0.00000000 -0.00000000
vn -0.00010000 -0.58190000 0.81320000
vn -0.70540000 -0.41230000 0.57660000
vn -0.70670000 -0.42250000 0.56750000
vn -1.00000000 -0.00000000 -0.00000000
vn -0.00010000 -0.62010000 0.78450000
vn -0.70530000 -0.43960000 0.55620000
vn -0.70710000 -0.43820000 0.55500000
vn -1.00000000 -0.00000000 -0.00000000
vn -1.00000000 -0.00000000 -0.00000000
vn -0.70660000 -0.45410000 0.54260000
vn -0.00010000 -0.65680000 0.75410000
vn -0.70540000 -0.46570000 0.53430000
vn -0.70650000 -0.47100000 0.52820000
vn -1.00000000 -0.00000000 -0.00000000
vn -0.00010000 -0.69200000 0.72190000
vn -0.70540000 -0.49020000 0.51200000
vn -0.70660000 -0.48440000 0.51580000
vn -1.00000000 -0.00000000 -0.00000000
vn -0.70670000 -0.50020000 0.50030000
vn -1.00000000 -0.00000000 -0.00000000
vn -0.00010000 -0.72560000 0.68810000
vn -0.70530000 -0.51440000 0.48770000
vn -0.70710000 -0.51430000 0.48530000
vn -1.00000000 -0.00000000 -0.00000000
vn -0.70670000 -0.52800000 0.47100000
vn -1.00000000 -0.00000000 -0.00000000
vn -0.00010000 -0.75750000 0.65280000
vn -0.70530000 -0.53710000 0.46270000
vn -1.00000000 -0.00000000 -0.00000000
vn -0.70660000 -0.54270000 0.45410000
vn -0.70530000 -0.55830000 0.43680000
vn -0.00010000 -0.78770000 0.61600000
vn -1.00000000 -0.00000000 -0.00000000
vn -0.70690000 -0.55440000 0.43930000
vn -1.00000000 -0.00000000 -0.00000000
vn -0.70670000 -0.56760000 0.42240000
vn -0.00010000 -0.81630000 0.57770000
vn -0.70540000 -0.57880000 0.40920000
vn -1.00000000 -0.00000000 -0.00000000
vn -0.70680000 -0.58010000 0.40480000
vn -1.00000000 -0.00000000 -0.00000000
vn -0.70660000 -0.59090000 0.38930000
vn -0.00000000 -0.84300000 0.53790000
vn -0.70530000 -0.59750000 0.38150000
vn -0.70660000 -0.60290000 0.37030000
vn -1.00000000 -0.00000000 -0.00000000
vn -0.70530000 -0.61500000 0.35250000
vn -0.00000000 -0.86760000 0.49720000
vn -0.70710000 -0.61260000 0.35330000
vn -1.00000000 -0.00000000 -0.00000000
vn -0.70670000 -0.62290000 0.33550000
vn -1.00000000 -0.00000000 -0.00000000
vn -0.00000000 -0.89030000 0.45540000
vn -0.70540000 -0.63120000 0.32250000
vn -0.70660000 -0.63310000 0.31610000
vn -1.00000000 -0.00000000 -0.00000000
vn -1.00000000 -0.00000000 -0.00000000
vn -0.70650000 -0.64120000 0.29960000
vn -0.00000000 -0.91100000 0.41240000
vn -0.70540000 -0.64560000 0.29260000
vn -0.70670000 -0.65010000 0.27920000
vn -1.00000000 -0.00000000 -0.00000000
vn -0.00000000 -0.92960000 0.36850000
vn -0.70530000 -0.65900000 0.26120000
vn -0.70710000 -0.65750000 0.26030000
vn -1.00000000 -0.00000000 -0.00000000
vn -0.70670000 -0.66500000 0.24150000
vn -1.00000000 -0.00000000 -0.00000000
vn -0.70540000 -0.67080000 0.22930000
vn -0.00000000 -0.94620000 0.32360000
vn -1.00000000 -0.00000000 -0.00000000
vn -0.70660000 -0.67250000 0.22040000
vn -0.70540000 -0.68080000 0.19760000
vn -0.00010000 -0.96060000 0.27800000
vn -1.00000000 -0.00000000 -0.00000000
vn -0.70680000 -0.67790000 0.20240000
vn -1.00000000 -0.00000000 -0.00000000
vn -0.70670000 -0.68380000 0.18140000
vn -0.00010000 -0.97270000 0.23210000
vn -0.70530000 -0.68960000 0.16440000
vn -1.00000000 -0.00000000 -0.00000000
vn -0.70700000 -0.68870000 0.16110000
vn -1.00000000 -0.00000000 -0.00000000
vn -0.70660000 -0.69310000 0.14240000
vn -0.70530000 -0.69660000 0.13150000
vn -0.00010000 -0.98260000 0.18550000
vn -0.70660000 -0.69730000 0.12030000
vn -1.00000000 -0.00000000 -0.00000000
vn -0.70530000 -0.70210000 0.09830000
vn -0.00010000 -0.99040000 0.13820000
vn -1.00000000 -0.00000000 -0.00000000
vn -0.70690000 -0.70000000 0.10140000
vn -0.70670000 -0.70290000 0.08060000
vn -1.00000000 -0.00000000 -0.00000000
vn -0.70540000 -0.70590000 0.06420000
vn -0.00010000 -0.99590000 0.09090000
vn -1.00000000 -0.00000000 -0.00000000
vn -0.70680000 -0.70500000 0.05900000
vn -0.70660000 -0.70650000 0.04030000
vn -1.00000000 -0.00000000 -0.00000000
vn -0.70530000 -0.70820000 0.03110000
vn -0.00010000 -0.99910000 0.04350000
vn -1.00000000 -0.00000000 -0.00000000
vn -0.70670000 -0.70730000 0.01800000
vn -0.00010000 -1.00000000 -0.00420000
vn -0.70530000 -0.70890000 -0.00290000
vn -0.70710000 -0.70710000 -0.00200000
vn -1.00000000 -0.00000000 -0.00000000
vn -1.00000000 -0.00000000 -0.00000000
vn -0.70670000 -0.70710000 -0.02240000
vn -0.70540000 -0.70780000 -0.03710000
vn -0.00010000 -0.99860000 -0.05200000
vn -0.70650000 -0.70630000 -0.04480000
vn -1.00000000 -0.00000000 -0.00000000
vn -0.70540000 -0.70530000 -0.07010000
vn -0.00010000 -0.99500000 -0.09960000
vn -0.70650000 -0.70490000 -0.06310000
vn -1.00000000 -0.00000000 -0.00000000
vn -1.00000000 -0.00000000 -0.00000000
vn -0.70670000 -0.70240000 -0.08510000
vn -0.00010000 -0.98920000 -0.14680000
vn -0.70530000 -0.70120000 -0.10410000
vn -1.00000000 -0.00000000 -0.00000000
vn -0.70700000 -0.69930000 -0.10540000
vn -0.70670000 -0.69640000 -0.12490000
vn -1.00000000 -0.00000000 -0.00000000
vn -0.00010000 -0.98100000 -0.19380000
vn -0.70540000 -0.69540000 -0.13750000
vn -0.70660000 -0.69220000 -0.14680000
vn -1.00000000 -0.00000000 -0.00000000
vn -0.00010000 -0.97070000 -0.24050000
vn -0.70540000 -0.68810000 -0.17010000
vn -1.00000000 -0.00000000 -0.00000000
vn -0.70680000 -0.68790000 -0.16510000
vn -0.70670000 -0.68260000 -0.18590000
vn -1.00000000 -0.00000000 -0.00000000
vn -0.00010000 -0.95810000 -0.28630000
vn -0.70530000 -0.67910000 -0.20310000
vn -0.70690000 -0.67650000 -0.20630000
vn -1.00000000 -0.00000000 -0.00000000
vn -1.00000000 -0.00000000 -0.00000000
vn -0.70660000 -0.67100000 -0.22470000
vn -0.70530000 -0.66880000 -0.23500000
vn -0.00010000 -0.94340000 -0.33160000
vn -0.70670000 -0.66350000 -0.24580000
vn -1.00000000 -0.00000000 -0.00000000
vn -0.70530000 -0.65680000 -0.26660000
vn -0.00010000 -0.92650000 -0.37620000
vn -1.00000000 -0.00000000 -0.00000000
vn -0.70700000 -0.65610000 -0.26400000
vn -0.70670000 -0.64830000 -0.28330000
vn -1.00000000 -0.00000000 -0.00000000
vn -0.00010000 -0.90750000 -0.42000000
vn -0.70540000 -0.64310000 -0.29800000
vn -0.70660000 -0.63930000 -0.30330000
vn -1.00000000 -0.00000000 -0.00000000
vn -1.00000000 -0.00000000 -0.00000000
vn -0.70650000 -0.63130000 -0.31980000
vn -0.00010000 -0.88650000 -0.46270000
vn -0.70540000 -0.62850000 -0.32780000
vn -1.00000000 -0.00000000 -0.00000000
vn -0.70670000 -0.62080000 -0.33950000
vn -0.70530000 -0.61210000 -0.35770000
vn -0.00000000 -0.86350000 -0.50440000
vn -0.70710000 -0.61050000 -0.35680000
vn -1.00000000 -0.00000000 -0.00000000
vn -1.00000000 -0.00000000 -0.00000000
vn -0.70670000 -0.60050000 -0.37420000
vn -0.70540000 -0.59410000 -0.38660000
vn -0.00000000 -0.83840000 -0.54510000
vn -0.70650000 -0.58850000 -0.39300000
vn -1.00000000 -0.00000000 -0.00000000
vn -0.00000000 -0.81140000 -0.58450000
vn -0.70540000 -0.57530000 -0.41400000
vn -0.70670000 -0.57790000 -0.40820000
vn -1.00000000 -0.00000000 -0.00000000
vn -1.00000000 -0.00000000 -0.00000000
vn -0.70670000 -0.56490000 -0.42600000
vn -0.70550000 -0.55450000 -0.44140000
vn -0.00000000 -0.78260000 -0.62260000
vn -1.00000000 -0.00000000 -0.00000000
vn -0.70700000 -0.55150000 -0.44280000
vn -0.70690000 -0.53760000 -0.45970000
vn -1.00000000 -0.00000000 -0.00000000
vn -0.00000000 -0.75210000 -0.65910000
vn -0.70550000 -0.53310000 -0.46690000
vn -0.70740000 -0.51990000 -0.47890000
vn -1.00000000 -0.00000000 -0.00000000
vn -0.00010000 -0.71970000 -0.69420000
vn -0.70550000 -0.51010000 -0.49210000
vn -0.70730000 -0.50150000 -0.49830000
vn -1.00000000 -0.00000000 -0.00000000
vn -0.00010000 -0.68580000 -0.72780000
vn -0.70590000 -0.48560000 -0.51560000
vn -0.70700000 -0.48320000 -0.51630000
vn -1.00000000 -0.00000000 -0.00000000
vn -1.00000000 -0.00000000 -0.00000000
vn -0.70700000 -0.46510000 -0.53280000
vn -0.70570000 -0.46110000 -0.53800000
vn -0.00010000 -0.65030000 -0.75960000
vn -1.00000000 -0.00000000 -0.00000000
vn -0.70730000 -0.44470000 -0.54950000
vn -0.70540000 -0.43480000 -0.55980000
vn -0.00010000 -0.61340000 -0.78970000
vn -1.00000000 -0.00000000 -0.00000000
vn -0.70730000 -0.42380000 -0.56580000
vn -0.70590000 -0.40700000 -0.57970000
vn -0.00010000 -0.57510000 -0.81810000
vn -1.00000000 -0.00000000 -0.00000000
vn -0.70690000 -0.40260000 -0.58160000
vn -0.00010000 -0.53540000 -0.84460000
vn -0.70590000 -0.37960000 -0.59800000
vn -0.70690000 -0.38240000 -0.59500000
vn -1.00000000 -0.00000000 -0.00000000
vn -1.00000000 -0.00000000 -0.00000000
vn -0.70730000 -0.35980000 -0.60850000
vn -0.00010000 -0.49450000 -0.86920000
vn -0.70540000 -0.35060000 -0.61600000
vn -0.70740000 -0.33650000 -0.62160000
vn -1.00000000 -0.00000000 -0.00000000
vn -0.70560000 -0.32040000 -0.63200000
vn -0.00010000 -0.45250000 -0.89180000
vn -1.00000000 -0.00000000 -0.00000000
vn -0.70700000 -0.31310000 -0.63410000
vn -0.70570000 -0.29040000 -0.64630000
vn -0.00010000 -0.40950000 -0.91230000
vn -1.00000000 -0.00000000 -0.00000000
vn -0.70700000 -0.29120000 -0.64440000
vn -0.70750000 -0.26750000 -0.65410000
vn -1.00000000 -0.00000000 -0.00000000
vn -0.00010000 -0.36550000 -0.93080000
vn -0.70600000 -0.25870000 -0.65920000
vn -0.70830000 -0.23680000 -0.66500000
vn -1.00000000 -0.00000000 -0.00000000
vn -0.00010000 -0.32070000 -0.94720000
vn -0.70600000 -0.22690000 -0.67080000
vn -1.00000000 -0.00000000 -0.00000000
vn -0.70820000 -0.20420000 -0.67580000
vn -0.70610000 -0.19470000 -0.68090000
vn -0.00010000 -0.27530000 -0.96140000
vn -1.00000000 -0.00000000 -0.00000000
vn -0.70820000 -0.17080000 -0.68500000
vn -0.70620000 -0.16200000 -0.68930000
vn -0.00010000 -0.22910000 -0.97340000
vn -1.00000000 -0.00000000 -0.00000000
vn -0.70820000 -0.13710000 -0.69260000
vn -0.70620000 -0.12890000 -0.69620000
vn -0.00010000 -0.18240000 -0.98320000
vn -0.70810000 -0.10300000 -0.69860000
vn -1.00000000 -0.00000000 -0.00000000
vn -0.70630000 -0.09550000 -0.70150000
vn -0.00010000 -0.13530000 -0.99080000
vn -1.00000000 -0.00000000 -0.00000000
vn -0.70800000 -0.06880000 -0.70290000
vn -0.70650000 -0.06230000 -0.70490000
vn -0.00010000 -0.08880000 -0.99600000
vn -0.70790000 -0.03420000 -0.70550000
vn -1.00000000 -0.00000000 -0.00000000
vn -0.00000000 -0.04400000 -0.99900000
vn -0.70690000 -0.03070000 -0.70660000
vn -1.00000000 -0.00000000 -0.00000000
vn -0.70730000 -0.00370000 -0.70690000
vn -0.70610000 -0.00050000 -0.70810000
vn -0.00000000 0.00090000 -1.00000000
vn -0.00000000 -0.00000000 -1.00000000
vn -1.00000000 -0.00000000 -0.00000000
vn -0.00000000 0.04770000 -0.99890000
vn -0.70530000 0.03400000 -0.70810000
vn -1.00000000 -0.00000000 -0.00000000
vn -0.00000000 0.04980000 -0.99880000
vn -0.70530000 0.06750000 -0.70570000
vn -0.00000000 0.09520000 -0.99550000
vn 0.00010000 0.09960000 -0.99500000
vn -1.00000000 -0.00000000 -0.00000000
vn -0.00010000 0.14260000 -0.98980000
vn -0.70530000 0.10090000 -0.70170000
vn -1.00000000 -0.00000000 -0.00000000
vn 0.00010000 0.14900000 -0.98880000
vn -0.70550000 0.13480000 -0.69580000
vn -0.00010000 0.18960000 -0.98190000
vn -1.00000000 -0.00000000 -0.00000000
vn 0.00010000 0.19820000 -0.98020000
vn -0.00010000 0.23620000 -0.97170000
vn -0.70540000 0.16710000 -0.68880000
vn -1.00000000 -0.00000000 -0.00000000
vn 0.00010000 0.24680000 -0.96910000
vn -0.70530000 0.20020000 -0.68010000
vn -0.00010000 0.28230000 -0.95930000
vn -1.00000000 -0.00000000 -0.00000000
vn 0.00010000 0.29480000 -0.95560000
vn -0.00010000 0.32770000 -0.94480000
vn -0.70530000 0.23240000 -0.66970000
vn -1.00000000 -0.00000000 -0.00000000
vn 0.00010000 0.34200000 -0.93970000
vn -0.70540000 0.26370000 -0.65800000
vn -0.00010000 0.37240000 -0.92810000
vn -1.00000000 -0.00000000 -0.00000000
vn 0.00010000 0.38840000 -0.92150000
vn -0.00010000 0.41630000 -0.90920000
vn -0.70540000 0.29520000 -0.64440000
vn -1.00000000 -0.00000000 -0.00000000
vn 0.00020000 0.43390000 -0.90100000
vn -0.00010000 0.45910000 -0.88840000
vn -0.70530000 0.32540000 -0.62980000
vn -1.00000000 -0.00000000 -0.00000000
vn 0.00020000 0.47820000 -0.87820000
vn -0.00010000 0.50080000 -0.86550000
vn -0.70530000 0.35500000 -0.61360000
vn -1.00000000 -0.00000000 -0.00000000
vn 0.00020000 0.52150000 -0.85330000
vn -0.00010000 0.54150000 -0.84070000
vn -0.70540000 0.38420000 -0.59560000
vn -1.00000000 -0.00000000 -0.00000000
vn 0.00020000 0.56340000 -0.82620000
vn -0.00010000 0.58110000 -0.81390000
vn -0.70540000 0.41150000 -0.57710000
vn -1.00000000 -0.00000000 -0.00000000
vn 0.00020000 0.60380000 -0.79710000
vn -0.00010000 0.61920000 -0.78520000
vn -0.70530000 0.43900000 -0.55660000
vn -1.00000000 -0.00000000 -0.00000000
vn 0.00010000 0.64280000 -0.76600000
vn -0.00010000 0.65590000 -0.75490000
vn -0.70530000 0.46510000 -0.53500000
vn -1.00000000 -0.00000000 -0.00000000
vn 0.00010000 0.68020000 -0.73300000
vn -0.00010000 0.69110000 -0.72270000
vn -0.70540000 0.48980000 -0.51240000
vn -1.00000000 -0.00000000 -0.00000000
vn 0.00010000 0.71590000 -0.69820000
vn -0.00010000 0.72490000 -0.68890000
vn -0.70540000 0.51400000 -0.48810000
vn -1.00000000 -0.00000000 -0.00000000
vn 0.00010000 0.74980000 -0.66170000
vn -0.00010000 0.75680000 -0.65360000
vn -0.70530000 0.53640000 -0.46340000
vn -1.00000000 -0.00000000 -0.00000000
vn 0.00010000 0.78190000 -0.62340000
vn -0.00010000 0.78720000 -0.61670000
vn -0.70530000 0.55800000 -0.43730000
vn -1.00000000 -0.00000000 -0.00000000
vn 0.00010000 0.81190000 -0.58370000
vn -0.00010000 0.81570000 -0.57850000
vn -0.70540000 0.57830000 -0.40970000
vn 0.00010000 0.84000000 -0.54260000
vn -1.00000000 -0.00000000 -0.00000000
vn -0.70540000 0.59690000 -0.38230000
vn -0.00000000 0.84230000 -0.53900000
vn -1.00000000 -0.00000000 -0.00000000
vn -0.00000000 0.86610000 -0.50000000
vn -0.00000000 0.86700000 -0.49820000
vn -0.70530000 0.61470000 -0.35310000
vn -0.00000000 0.88990000 -0.45610000
vn -1.00000000 -0.00000000 -0.00000000
vn -0.70530000 0.63080000 -0.32340000
vn -0.00000000 0.88980000 -0.45630000
vn -0.00000000 0.91050000 -0.41340000
vn -0.70540000 0.64540000 -0.29320000
vn -1.00000000 -0.00000000 -0.00000000
vn -0.00000000 0.91150000 -0.41120000
vn -0.70540000 0.65880000 -0.26160000
vn -0.00000000 0.92920000 -0.36960000
vn -1.00000000 -0.00000000 -0.00000000
vn 0.00010000 0.93090000 -0.36520000
vn -0.00010000 0.94580000 -0.32480000
vn -0.70530000 0.67040000 -0.23040000
vn -1.00000000 -0.00000000 -0.00000000
vn 0.00010000 0.94790000 -0.31850000
vn -0.00010000 0.96020000 -0.27930000
vn -0.70530000 0.68070000 -0.19800000
vn -1.00000000 -0.00000000 -0.00000000
vn 0.00010000 0.96260000 -0.27090000
vn -0.00010000 0.97250000 -0.23310000
vn -0.70540000 0.68930000 -0.16500000
vn -1.00000000 -0.00000000 -0.00000000
vn 0.00010000 0.97490000 -0.22250000
vn -0.00010000 0.98250000 -0.18650000
vn -0.70540000 0.69630000 -0.13250000
vn -1.00000000 -0.00000000 -0.00000000
vn 0.00010000 0.98480000 -0.17360000
vn -0.00010000 0.99020000 -0.13960000
vn -0.70530000 0.70200000 -0.09870000
vn -1.00000000 -0.00000000 -0.00000000
vn 0.00010000 0.99220000 -0.12430000
vn -0.00010000 0.99570000 -0.09220000
vn -0.70530000 0.70590000 -0.06530000
vn -1.00000000 -0.00000000 -0.00000000
vn 0.00010000 0.99720000 -0.07470000
vn -0.00010000 0.99900000 -0.04450000
vn -0.70540000 0.70810000 -0.03180000
vn -1.00000000 -0.00000000 -0.00000000
vn 0.00020000 0.99970000 -0.02490000
vn -0.00010000 1.00000000 0.00310000
vn -0.70540000 0.70880000 0.00250000
vn -1.00000000 -0.00000000 -0.00000000
vn 0.00020000 0.99970000 0.02490000
vn -0.00010000 0.99870000 0.05080000
vn -0.70540000 0.70790000 0.03580000
vn -1.00000000 -0.00000000 -0.00000000
vn 0.00020000 0.99720000 0.07470000
vn -0.00010000 0.99510000 0.09840000
vn -0.70530000 0.70550000 0.06970000
vn -1.00000000 -0.00000000 -0.00000000
vn 0.00020000 0.99220000 0.12440000
vn -0.00010000 0.98930000 0.14560000
vn -0.70540000 0.70120000 0.10350000
vn -1.00000000 -0.00000000 -0.00000000
vn 0.00020000 0.98480000 0.17370000
vn -0.00010000 0.98130000 0.19270000
vn -0.70540000 0.69560000 0.13620000
vn -1.00000000 -0.00000000 -0.00000000
vn 0.00010000 0.97490000 0.22250000
vn -0.00010000 0.97100000 0.23930000
vn -0.70530000 0.68820000 0.16980000
vn -1.00000000 -0.00000000 -0.00000000
vn 0.00010000 0.96260000 0.27090000
vn -0.00010000 0.95850000 0.28520000
vn -0.70530000 0.67940000 0.20220000
vn -1.00000000 -0.00000000 -0.00000000
vn 0.00010000 0.94790000 0.31860000
vn -0.00010000 0.94380000 0.33050000
vn -0.70530000 0.66910000 0.23430000
vn -1.00000000 -0.00000000 -0.00000000
vn 0.00010000 0.93080000 0.36550000
vn -0.00010000 0.92690000 0.37520000
vn -0.70540000 0.65690000 0.26630000
vn -1.00000000 -0.00000000 -0.00000000
vn 0.00010000 0.91150000 0.41130000
vn -0.70540000 0.64370000 0.29680000
vn -0.00010000 0.90790000 0.41910000
vn 0.00010000 0.88990000 0.45610000
vn -1.00000000 -0.00000000 -0.00000000
vn -0.70530000 0.62880000 0.32750000
vn -0.00010000 0.88690000 0.46190000
vn 0.00010000 0.86600000 0.50000000
vn -1.00000000 -0.00000000 -0.00000000
vn -0.70540000 0.61230000 0.35710000
vn -0.00000000 0.86400000 0.50360000
vn -0.00000000 0.84000000 0.54260000
vn -1.00000000 -0.00000000 -0.00000000
vn -0.70540000 0.59480000 0.38550000
vn -0.00000000 0.83890000 0.54420000
vn -0.00000000 0.81190000 0.58380000
vn -1.00000000 -0.00000000 -0.00000000
vn -0.70540000 0.57550000 0.41390000
vn -0.00000000 0.81210000 0.58360000
vn -0.00000000 0.78330000 0.62170000
vn -0.70530000 0.55530000 0.44070000
vn -1.00000000 -0.00000000 -0.00000000
vn -0.00000000 0.78180000 0.62350000
vn -0.00000000 0.75280000 0.65830000
vn -0.70530000 0.53370000 0.46660000
vn -1.00000000 -0.00000000 -0.00000000
vn 0.00010000 0.74980000 0.66170000
vn -0.00010000 0.72060000 0.69340000
vn -0.70540000 0.51050000 0.49180000
vn -1.00000000 -0.00000000 -0.00000000
vn 0.00010000 0.71590000 0.69820000
vn -0.00010000 0.68660000 0.72700000
vn -0.70540000 0.48690000 0.51510000
vn -1.00000000 -0.00000000 -0.00000000
vn 0.00010000 0.68020000 0.73300000
vn -0.00010000 0.65120000 0.75890000
vn -0.70530000 0.46160000 0.53810000
vn -1.00000000 -0.00000000 -0.00000000
vn 0.00010000 0.64270000 0.76610000
vn -0.00010000 0.61430000 0.78910000
vn -0.70530000 0.43530000 0.55950000
vn -1.00000000 -0.00000000 -0.00000000
vn 0.00010000 0.60380000 0.79710000
vn -0.00010000 0.57600000 0.81750000
vn -0.70540000 0.40840000 0.57930000
vn 0.00010000 0.56330000 0.82620000
vn -1.00000000 -0.00000000 -0.00000000
vn -0.70530000 0.38000000 0.59840000
vn -0.00010000 0.53630000 0.84400000
vn -1.00000000 -0.00000000 -0.00000000
vn 0.00010000 0.52140000 0.85330000
vn -0.00010000 0.49540000 0.86870000
vn -0.70530000 0.35130000 0.61570000
vn 0.00020000 0.47830000 0.87820000
vn -1.00000000 -0.00000000 -0.00000000
vn -0.70530000 0.32160000 0.63180000
vn -0.00010000 0.45350000 0.89130000
vn 0.00020000 0.43390000 0.90100000
vn -1.00000000 -0.00000000 -0.00000000
vn -0.00010000 0.41050000 0.91190000
vn -0.70540000 0.29060000 0.64650000
vn 0.00020000 0.38840000 0.92150000
vn -1.00000000 -0.00000000 -0.00000000
vn -0.70550000 0.26010000 0.65930000
vn -0.00010000 0.36650000 0.93040000
vn 0.00020000 0.34200000 0.93970000
vn -1.00000000 -0.00000000 -0.00000000
vn -0.00010000 0.32170000 0.94680000
vn -0.70530000 0.22800000 0.67120000
vn -1.00000000 -0.00000000 -0.00000000
vn 0.00020000 0.29480000 0.95560000
vn -0.00010000 0.27630000 0.96110000
vn -0.70530000 0.19580000 0.68130000
vn -1.00000000 -0.00000000 -0.00000000
vn 0.00010000 0.24670000 0.96910000
vn -0.00010000 0.23020000 0.97310000
vn -0.70570000 0.16280000 0.68950000
vn 0.00010000 0.19810000 0.98020000
vn -1.00000000 -0.00000000 -0.00000000
vn -0.00010000 0.18340000 0.98300000
vn -0.70630000 0.12960000 0.69590000
vn -1.00000000 -0.00000000 -0.00000000
vn 0.00010000 0.14900000 0.98880000
vn -0.00010000 0.13630000 0.99070000
vn -0.70640000 0.09620000 0.70120000
vn 0.00010000 0.09960000 0.99500000
vn -1.00000000 -0.00000000 -0.00000000
vn -0.00010000 0.08980000 0.99600000
vn -0.70660000 0.06300000 0.70480000
vn -1.00000000 -0.00000000 -0.00000000
vn 0.00010000 0.04980000 0.99880000
vn -0.70700000 0.03110000 0.70650000
vn -0.00000000 0.04460000 0.99900000
vn -0.00000000 -0.00000000 1.00000000
vn -1.00000000 -0.00000000 -0.00000000
vn -0.70720000 0.00780000 0.70700000
vn -0.00000000 0.01090000 0.99990000
vn 1.00000000 0.00010000 -0.00000000
vn -0.00000000 -1.00000000 -0.00000000
vn 1.00000000 -0.00000000 0.00580000
vn -0.00000000 -1.00000000 -0.00010000
vn -0.00000000 -1.00000000 -0.00030000
vn 0.99970000 -0.00000000 -0.02450000
vn 0.99880000 0.00010000 -0.04980000
vn -0.00000000 -1.00000000 -0.00000000
vn 0.99870000 -0.00000000 -0.05040000
vn -0.00000000 -1.00000000 -0.00000000
vn -0.00000000 -1.00000000 -0.00000000
vn 0.99690000 -0.00000000 -0.07880000
vn 0.99500000 0.00010000 -0.09960000
vn -0.00000000 -1.00000000 -0.00000000
vn 0.99410000 -0.00000000 -0.10860000
vn -0.00000000 -1.00000000 -0.00000000
vn -0.00000000 -1.00000000 -0.00000000
vn 0.99040000 -0.00000000 -0.13810000
vn 0.98880000 0.00010000 -0.14900000
vn -0.00000000 -1.00000000 0.00010000
vn -0.00000000 -1.00000000 0.00020000
vn 0.98590000 -0.00000000 -0.16760000
vn 0.98020000 0.00010000 -0.19810000
vn -0.00000000 -1.00000000 -0.00000000
vn -0.00000000 -1.00000000 -0.00000000
vn 0.98040000 -0.00000000 -0.19680000
vn -0.00000000 -1.00000000 -0.00020000
vn 0.97420000 -0.00000000 -0.22580000
vn -0.00000000 -1.00000000 -0.00010000
vn 0.96910000 0.00010000 -0.24680000
vn -0.00000000 -1.00000000 0.00030000
vn 0.96700000 -0.00000000 -0.25470000
vn 0.95910000 -0.00000000 -0.28320000
vn -0.00000000 -1.00000000 -0.00010000
vn -0.00000000 -1.00000000 -0.00000000
vn 0.95560000 0.00010000 -0.29470000
vn -0.00000000 -1.00000000 -0.00010000
vn 0.95030000 -0.00000000 -0.31150000
vn 0.93970000 0.00010000 -0.34200000
vn -0.00000000 -1.00000000 -0.00000000
vn -0.00000000 -1.00000000 0.00010000
vn 0.94070000 -0.00000000 -0.33940000
vn 0.93020000 -0.00000000 -0.36690000
vn -0.00000000 -1.00000000 -0.00020000
vn 0.92150000 0.00010000 -0.38840000
vn -0.00000000 -1.00000000 -0.00000000
vn -0.00000000 -1.00000000 0.00010000
vn 0.91900000 -0.00000000 -0.39420000
vn 0.90700000 -0.00000000 -0.42110000
vn -0.00000000 -1.00000000 0.00020000
vn 0.90100000 0.00010000 -0.43390000
vn -0.00000000 -1.00000000 -0.00000000
vn 0.89420000 -0.00000000 -0.44770000
vn -0.00000000 -1.00000000 -0.00020000
vn 0.87820000 0.00010000 -0.47820000
vn -0.00000000 -1.00000000 0.00010000
vn 0.88050000 -0.00000000 -0.47400000
vn -0.00000000 -1.00000000 0.00010000
vn -0.00000000 -1.00000000 0.00010000
vn 0.86600000 -0.00000000 -0.50000000
vn -0.00000000 -1.00000000 0.00010000
vn 0.85330000 0.00010000 -0.52140000
vn 0.85080000 -0.00000000 -0.52550000
vn -0.00000000 -1.00000000 -0.00000000
vn 0.83480000 -0.00000000 -0.55050000
vn -0.00000000 -1.00000000 -0.00000000
vn -0.00000000 -1.00000000 -0.00000000
vn 0.82620000 0.00010000 -0.56330000
vn -0.00000000 -1.00000000 -0.00000000
vn 0.81810000 -0.00000000 -0.57500000
vn 0.79710000 0.00010000 -0.60380000
vn -0.00000000 -1.00000000 0.00010000
vn 0.80080000 -0.00000000 -0.59890000
vn -0.00000000 -1.00000000 -0.00010000
vn -0.00000000 -1.00000000 -0.00000000
vn 0.78270000 -0.00000000 -0.62240000
vn -0.00000000 -1.00000000 0.00010000
vn 0.76600000 0.00010000 -0.64280000
vn 0.76400000 -0.00000000 -0.64530000
vn -0.00000000 -1.00000000 -0.00000000
vn 0.74460000 -0.00000000 -0.66750000
vn -0.00000000 -1.00000000 -0.00010000
vn -0.00000000 -1.00000000 -0.00000000
vn 0.73300000 0.00010000 -0.68020000
vn 0.72460000 -0.00000000 -0.68920000
vn -0.00000000 -1.00000000 -0.00000000
vn -0.00000000 -1.00000000 -0.00000000
vn 0.69820000 0.00010000 -0.71590000
vn -0.00000000 -1.00000000 -0.00000000
vn 0.70400000 -0.00000000 -0.71020000
vn 0.68270000 -0.00000000 -0.73070000
vn -0.00000000 -1.00000000 -0.00000000
vn -0.00000000 -1.00000000 -0.00000000
vn 0.66170000 0.00010000 -0.74980000
vn 0.66070000 -0.00000000 -0.75060000
vn -0.00000000 -1.00000000 -0.00000000
vn -0.00000000 -1.00000000 -0.00000000
vn 0.63810000 -0.00000000 -0.76990000
vn 0.62350000 0.00010000 -0.78180000
vn -0.00000000 -1.00000000 -0.00000000
vn -0.00000000 -1.00000000 -0.00000000
vn 0.61490000 -0.00000000 -0.78860000
vn 0.58380000 0.00010000 -0.81190000
vn -0.00000000 -1.00000000 -0.00000000
vn 0.59120000 -0.00000000 -0.80650000
vn -0.00000000 -1.00000000 -0.00000000
vn -0.00000000 -1.00000000 0.00010000
vn 0.56700000 -0.00000000 -0.82370000
vn 0.54250000 0.00010000 -0.84000000
vn -0.00000000 -1.00000000 -0.00000000
vn 0.54260000 -0.00000000 -0.84000000
vn -0.00000000 -1.00000000 -0.00000000
vn 0.51760000 -0.00000000 -0.85560000
vn -0.00000000 -1.00000000 -0.00000000
vn -0.00000000 -1.00000000 -0.00010000
vn 0.50000000 0.00010000 -0.86600000
vn 0.49210000 -0.00000000 -0.87050000
vn -0.00000000 -1.00000000 -0.00000000
vn -0.00000000 -1.00000000 -0.00000000
vn 0.46620000 -0.00000000 -0.88470000
vn 0.45620000 0.00010000 -0.88990000
vn -0.00000000 -1.00000000 -0.00000000
vn -0.00000000 -1.00000000 -0.00000000
vn 0.43970000 -0.00000000 -0.89810000
vn 0.41130000 0.00010000 -0.91150000
vn -0.00000000 -1.00000000 0.00010000
vn -0.00000000 -1.00000000 -0.00000000
vn 0.41300000 -0.00000000 -0.91070000
vn -0.00000000 -1.00000000 -0.00000000
vn 0.38590000 -0.00000000 -0.92250000
vn 0.36530000 0.00010000 -0.93090000
vn -0.00000000 -1.00000000 -0.00010000
vn -0.00000000 -1.00000000 -0.00000000
vn 0.35830000 -0.00000000 -0.93360000
vn -0.00000000 -1.00000000 -0.00000000
vn 0.33050000 -0.00000000 -0.94380000
vn -0.00000000 -1.00000000 -0.00000000
vn 0.31850000 0.00010000 -0.94790000
vn -0.00000000 -1.00000000 -0.00000000
vn 0.30230000 -0.00000000 -0.95320000
vn 0.27080000 0.00010000 -0.96260000
vn -0.00000000 -1.00000000 -0.00000000
vn -0.00000000 -1.00000000 -0.00000000
vn 0.27390000 -0.00000000 -0.96180000
vn 0.24530000 -0.00000000 -0.96940000
vn -0.00000000 -1.00000000 -0.00000000
vn 0.22250000 0.00010000 -0.97490000
vn -0.00000000 -1.00000000 -0.00000000
vn -0.00000000 -1.00000000 -0.00000000
vn 0.21650000 -0.00000000 -0.97630000
vn 0.18770000 -0.00000000 -0.98220000
vn -0.00000000 -1.00000000 -0.00000000
vn -0.00000000 -1.00000000 -0.00000000
vn 0.17360000 0.00010000 -0.98480000
vn 0.15870000 -0.00000000 -0.98730000
vn -0.00000000 -1.00000000 -0.00000000
vn -0.00000000 -1.00000000 -0.00000000
vn 0.12430000 0.00010000 -0.99220000
vn 0.12950000 -0.00000000 -0.99160000
vn -0.00000000 -1.00000000 -0.00000000
vn -0.00000000 -1.00000000 -0.00000000
vn 0.10020000 -0.00000000 -0.99500000
vn 0.07470000 0.00010000 -0.99720000
vn -0.00000000 -1.00000000 -0.00000000
vn -0.00000000 -1.00000000 -0.00000000
vn 0.07070000 -0.00000000 -0.99750000
vn 0.04110000 -0.00000000 -0.99920000
vn -0.00000000 -1.00000000 -0.00000000
vn -0.00000000 -1.00000000 -0.00000000
vn 0.02490000 0.00010000 -0.99970000
vn 0.01130000 -0.00000000 -0.99990000
vn -0.00000000 -1.00000000 -0.00000000
vn -0.00000000 -1.00000000 -0.00000000
vn -0.02490000 0.00010000 -0.99970000
vn -0.01830000 -0.00000000 -0.99980000
vn -0.00000000 -1.00000000 -0.00000000
vn -0.00000000 -1.00000000 0.00010000
vn -0.04800000 -0.00000000 -0.99880000
vn -0.07470000 0.00010000 -0.99720000
vn -0.00000000 -1.00000000 -0.00000000
vn -0.00000000 -1.00000000 -0.00000000
vn -0.07760000 -0.00000000 -0.99700000
vn -0.10710000 -0.00000000 -0.99420000
vn -0.00000000 -1.00000000 -0.00000000
vn -0.00000000 -1.00000000 -0.00000000
vn -0.12430000 0.00010000 -0.99220000
vn -0.13650000 -0.00000000 -0.99060000
vn -0.00000000 -1.00000000 -0.00000000
vn -0.00000000 -1.00000000 -0.00000000
vn -0.17360000 0.00010000 -0.98480000
vn -0.16560000 -0.00000000 -0.98620000
vn -0.00000000 -1.00000000 -0.00000000
vn -0.00000000 -1.00000000 -0.00000000
vn -0.19450000 -0.00000000 -0.98090000
vn -0.22250000 0.00010000 -0.97490000
vn -0.00000000 -1.00000000 -0.00000000
vn -0.00000000 -1.00000000 -0.00000000
vn -0.22330000 -0.00000000 -0.97480000
vn -0.25200000 -0.00000000 -0.96770000
vn -0.00000000 -1.00000000 -0.00000000
vn -0.27090000 0.00010000 -0.96260000
vn -0.00000000 -1.00000000 -0.00000000
vn -0.28070000 -0.00000000 -0.95980000
vn -0.00000000 -1.00000000 -0.00000000
vn -0.31850000 0.00010000 -0.94790000
vn -0.00000000 -1.00000000 -0.00000000
vn -0.00000000 -1.00000000 -0.00000000
vn -0.30900000 -0.00000000 -0.95110000
vn -0.33720000 -0.00000000 -0.94140000
vn -0.00000000 -1.00000000 -0.00000000
vn -0.00000000 -1.00000000 -0.00000000
vn -0.36530000 0.00010000 -0.93090000
vn -0.36500000 -0.00000000 -0.93100000
vn -0.00000000 -1.00000000 -0.00000000
vn -0.00000000 -1.00000000 -0.00000000
vn -0.39240000 -0.00000000 -0.91980000
vn -0.41130000 0.00010000 -0.91150000
vn -0.00000000 -1.00000000 -0.00000000
vn -0.00000000 -1.00000000 -0.00000000
vn -0.41940000 -0.00000000 -0.90780000
vn -0.44590000 -0.00000000 -0.89510000
vn -0.00000000 -1.00000000 -0.00000000
vn -0.00000000 -1.00000000 -0.00000000
vn -0.45620000 0.00010000 -0.88990000
vn -0.47230000 -0.00000000 -0.88150000
vn -0.00000000 -1.00000000 -0.00000000
vn -0.00000000 -1.00000000 -0.00000000
vn -0.50000000 0.00010000 -0.86600000
vn -0.49810000 -0.00000000 -0.86710000
vn -0.00000000 -1.00000000 -0.00000000
vn -0.00000000 -1.00000000 -0.00000000
vn -0.52350000 -0.00000000 -0.85200000
vn -0.54260000 0.00010000 -0.84000000
vn -0.00000000 -1.00000000 -0.00000000
vn -0.00000000 -1.00000000 -0.00000000
vn -0.54840000 -0.00000000 -0.83620000
vn -0.57280000 -0.00000000 -0.81970000
vn -0.00000000 -1.00000000 -0.00000000
vn -0.00000000 -1.00000000 -0.00000000
vn -0.58370000 0.00010000 -0.81190000
vn -0.00000000 -1.00000000 -0.00000000
vn -0.59690000 -0.00000000 -0.80230000
vn -0.00000000 -1.00000000 -0.00000000
vn -0.62350000 0.00010000 -0.78180000
vn -0.00000000 -1.00000000 -0.00000000
vn -0.62050000 -0.00000000 -0.78420000
vn -0.00000000 -1.00000000 -0.00000000
vn -0.64360000 -0.00000000 -0.76540000
vn -0.00000000 -1.00000000 -0.00000000
vn -0.66170000 0.00010000 -0.74980000
vn -0.00000000 -1.00000000 -0.00000000
vn -0.66600000 -0.00000000 -0.74590000
vn -0.68780000 -0.00000000 -0.72590000
vn -0.00000000 -1.00000000 -0.00000000
vn -0.69820000 0.00010000 -0.71590000
vn -0.00000000 -1.00000000 -0.00000000
vn -0.00000000 -1.00000000 -0.00000000
vn -0.70890000 -0.00000000 -0.70530000
vn -0.73300000 0.00010000 -0.68020000
vn -0.00000000 -1.00000000 -0.00000000
vn -0.72930000 -0.00000000 -0.68420000
vn -0.00000000 -1.00000000 -0.00000000
vn -0.00000000 -1.00000000 -0.00000000
vn -0.74910000 -0.00000000 -0.66240000
vn -0.76600000 0.00010000 -0.64280000
vn -0.00000000 -1.00000000 -0.00000000
vn -0.00000000 -1.00000000 -0.00000000
vn -0.76840000 -0.00000000 -0.64000000
vn -0.78700000 -0.00000000 -0.61690000
vn -0.00000000 -1.00000000 -0.00000000
vn -0.00000000 -1.00000000 -0.00000000
vn -0.79710000 0.00010000 -0.60380000
vn -0.80500000 -0.00000000 -0.59330000
vn -0.00000000 -1.00000000 -0.00000000
vn -0.00000000 -1.00000000 -0.00000000
vn -0.82620000 0.00010000 -0.56330000
vn -0.00000000 -1.00000000 0.00010000
vn -0.82220000 -0.00000000 -0.56920000
vn -0.00000000 -1.00000000 0.00010000
vn -0.83870000 -0.00000000 -0.54460000
vn -0.85330000 0.00010000 -0.52140000
vn -0.00000000 -1.00000000 0.00010000
vn -0.85450000 -0.00000000 -0.51940000
vn -0.00000000 -1.00000000 -0.00000000
vn -0.00000000 -1.00000000 -0.00000000
vn -0.86960000 -0.00000000 -0.49380000
vn -0.00000000 -1.00000000 -0.00000000
vn -0.87820000 0.00010000 -0.47820000
vn -0.88420000 -0.00000000 -0.46710000
vn -0.00000000 -1.00000000 -0.00000000
vn -0.90100000 0.00010000 -0.43390000
vn -0.00000000 -1.00000000 -0.00010000
vn -0.89900000 -0.00000000 -0.43800000
vn -0.00000000 -1.00000000 -0.00020000
vn -0.00000000 -1.00000000 0.00010000
vn -0.91350000 -0.00000000 -0.40680000
vn -0.00000000 -1.00000000 -0.00000000
vn -0.92150000 0.00010000 -0.38840000
vn -0.92800000 -0.00010000 -0.37250000
vn -0.00000000 -1.00000000 0.00020000
vn -0.00000000 -1.00000000 -0.00000000
vn -0.93970000 0.00010000 -0.34200000
vn -0.94360000 -0.00010000 -0.33110000
vn -0.00000000 -1.00000000 -0.00010000
vn -0.00000000 -1.00000000 -0.00000000
vn -0.95560000 0.00010000 -0.29480000
vn -0.95850000 -0.00010000 -0.28530000
vn -0.00000000 -1.00000000 -0.00010000
vn -0.00000000 -1.00000000 0.00010000
vn -0.96910000 0.00010000 -0.24680000
vn -0.97110000 -0.00010000 -0.23860000
vn -0.00000000 -1.00000000 0.00010000
vn -0.00000000 -1.00000000 0.00010000
vn -0.98020000 0.00010000 -0.19810000
vn -0.00000000 -1.00000000 -0.00010000
vn -0.98150000 -0.00010000 -0.19130000
vn -0.98880000 0.00010000 -0.14900000
vn -0.00000000 -1.00000000 -0.00000000
vn -0.00000000 -1.00000000 -0.00010000
vn -0.98960000 -0.00000000 -0.14380000
vn -0.99500000 0.00010000 -0.09960000
vn -0.00000000 -1.00000000 -0.00000000
vn -0.00000000 -1.00000000 -0.00000000
vn -0.99540000 -0.00000000 -0.09590000
vn -0.99880000 -0.00000000 -0.04980000
vn -0.00000000 -1.00000000 -0.00000000
vn -0.00000000 -1.00000000 -0.00000000
vn -0.99890000 -0.00000000 -0.04790000
vn -1.00000000 0.00010000 -0.00000000
vn -0.00000000 -1.00000000 -0.00000000
vn -1.00000000 -0.00000000 -0.00560000
vn -0.00000000 -1.00000000 0.00010000
vn -0.00000000 -1.00000000 -0.00000000
vn -0.04910000 -0.00000000 0.99880000
vn -0.01230000 -0.00000000 0.99990000
vn -0.00000000 1.00000000 -0.00000000
vn -0.00000000 1.00000000 0.00290000
vn -0.04910000 -0.00000000 0.99880000
vn -0.01230000 -0.00000000 0.99990000
vn -0.00000000 -1.00000000 -0.00000000
vn -0.00000000 -1.00000000 -0.00000000
vn -0.09800000 -0.00000000 0.99520000
vn -0.09800000 -0.00000000 0.99520000
vn -0.00000000 1.00000000 -0.00190000
vn -0.00000000 -1.00000000 -0.00000000
vn -0.14670000 -0.00000000 0.98920000
vn -0.14670000 -0.00000000 0.98920000
vn -0.00000000 1.00000000 0.00040000
vn -0.00000000 1.00000000 -0.00030000
vn -0.19510000 -0.00000000 0.98080000
vn -0.19510000 -0.00000000 0.98080000
vn -0.00000000 -1.00000000 -0.00000000
vn -0.00000000 -1.00000000 -0.00000000
vn -0.24300000 -0.00000000 0.97000000
vn -0.24300000 -0.00000000 0.97000000
vn -0.00000000 1.00000000 0.00040000
vn -0.00000000 -1.00000000 -0.00000000
vn -0.29030000 -0.00000000 0.95690000
vn -0.29030000 -0.00000000 0.95690000
vn -0.00000000 1.00000000 -0.00010000
vn -0.00000000 -1.00000000 -0.00000000
vn -0.33690000 -0.00000000 0.94150000
vn -0.33690000 -0.00000000 0.94150000
vn -0.00000000 1.00000000 -0.00010000
vn -0.00000000 1.00000000 0.00020000
vn -0.38270000 -0.00000000 0.92390000
vn -0.38270000 -0.00000000 0.92390000
vn -0.00000000 -1.00000000 -0.00000000
vn -0.00000000 1.00000000 -0.00020000
vn -0.42760000 -0.00000000 0.90400000
vn -0.42760000 -0.00000000 0.90400000
vn -0.00000000 -1.00000000 -0.00000000
vn -0.00000000 -1.00000000 -0.00000000
vn -0.47140000 -0.00000000 0.88190000
vn -0.47140000 -0.00000000 0.88190000
vn -0.00000000 1.00000000 0.00020000
vn -0.00000000 1.00000000 -0.00020000
vn -0.51410000 -0.00000000 0.85770000
vn -0.51410000 -0.00000000 0.85770000
vn -0.00000000 -1.00000000 -0.00000000
vn -0.00000000 -1.00000000 -0.00000000
vn -0.55560000 -0.00000000 0.83150000
vn -0.55560000 -0.00000000 0.83150000
vn -0.00000000 1.00000000 -0.00000000
vn -0.00000000 -1.00000000 -0.00000000
vn -0.59570000 -0.00000000 0.80320000
vn -0.59570000 -0.00000000 0.80320000
vn -0.00000000 1.00000000 -0.00000000
vn -0.00000000 1.00000000 -0.00000000
vn -0.63440000 -0.00000000 0.77300000
vn -0.00000000 -1.00000000 -0.00000000
vn -0.63440000 -0.00000000 0.77300000
vn -0.67160000 -0.00000000 0.74100000
vn -0.00000000 -1.00000000 -0.00000000
vn -0.67160000 -0.00000000 0.74100000
vn -0.00000000 1.00000000 -0.00010000
vn -0.00000000 -1.00000000 -0.00000000
vn -0.70710000 -0.00000000 0.70710000
vn -0.00000000 1.00000000 0.00010000
vn -0.70710000 -0.00000000 0.70710000
vn -0.74100000 -0.00000000 0.67160000
vn -0.00000000 -1.00000000 -0.00000000
vn -0.74090000 -0.00000000 0.67160000
vn -0.00000000 1.00000000 -0.00010000
vn -0.00000000 -1.00000000 -0.00000000
vn -0.77300000 -0.00000000 0.63440000
vn -0.77300000 -0.00000000 0.63440000
vn -0.00000000 1.00000000 0.00010000
vn -0.80320000 -0.00000000 0.59570000
vn -0.00000000 -1.00000000 -0.00000000
vn -0.80320000 -0.00000000 0.59570000
vn -0.00000000 1.00000000 -0.00000000
vn -0.00000000 -1.00000000 -0.00000000
vn -0.83150000 -0.00000000 0.55560000
vn -0.00000000 1.00000000 -0.00010000
vn -0.83150000 -0.00000000 0.55560000
vn -0.85770000 -0.00000000 0.51410000
vn -0.00000000 1.00000000 -0.00000000
vn -0.85770000 -0.00000000 0.51410000
vn -0.00000000 -1.00000000 -0.00000000
vn -0.00000000 -1.00000000 -0.00000000
vn -0.88190000 -0.00000000 0.47140000
vn -0.88190000 -0.00000000 0.47140000
vn -0.00000000 1.00000000 -0.00000000
vn -0.90400000 -0.00000000 0.42760000
vn -0.00000000 -1.00000000 -0.00000000
vn -0.90400000 -0.00000000 0.42750000
vn -0.00000000 1.00000000 0.00050000
vn -0.00000000 -1.00000000 -0.00000000
vn -0.92390000 -0.00000000 0.38270000
vn -0.00000000 1.00000000 0.00070000
vn -0.92390000 -0.00000000 0.38270000
vn -0.94150000 -0.00000000 0.33690000
vn -0.00000000 -1.00000000 -0.00000000
vn -0.94150000 -0.00000000 0.33690000
vn -0.00000000 1.00000000 0.00010000
vn -0.00000000 1.00000000 -0.00000000
vn -0.95690000 -0.00000000 0.29030000
vn -0.00000000 -1.00000000 -0.00000000
vn -0.95690000 -0.00000000 0.29030000
vn -0.00000000 -1.00000000 -0.00000000
vn -0.97000000 -0.00000000 0.24300000
vn -0.97000000 -0.00000000 0.24300000
vn -0.00000000 1.00000000 0.00010000
vn -0.98080000 -0.00000000 0.19510000
vn -0.00000000 -1.00000000 -0.00000000
vn -0.00000000 1.00000000 -0.00000000
vn -0.98080000 -0.00000000 0.19510000
vn -0.00000000 -1.00000000 -0.00000000
vn -0.98920000 -0.00000000 0.14670000
vn -0.98920000 -0.00000000 0.14670000
vn -0.00000000 1.00000000 0.00040000
vn -0.99520000 -0.00000000 0.09800000
vn -0.00000000 -1.00000000 -0.00000000
vn -0.99520000 -0.00000000 0.09800000
vn -0.00000000 1.00000000 -0.00000000
vn -0.00000000 1.00000000 -0.00000000
vn -0.99880000 -0.00000000 0.04910000
vn -0.00000000 -1.00000000 -0.00000000
vn -0.99880000 -0.00000000 0.04910000
vn -1.00000000 -0.00000000 -0.00000000
vn -0.00000000 -1.00000000 -0.00000000
vn -1.00000000 -0.00000000 -0.00000000
vn -0.00000000 1.00000000 -0.00000000
vn -0.00000000 -0.00000000 1.00000000
vn -0.99990000 0.01230000 -0.00000000
vn 0.00010000 -0.68010000 0.73310000
vn -1.00000000 -0.00000000 -0.00000000
vn -1.00000000 -0.00000000 -0.00000000
vn 0.00010000 -0.71580000 0.69830000
vn 0.00010000 -0.74980000 0.66160000
vn -1.00000000 -0.00000000 -0.00000000
vn -1.00000000 -0.00000000 -0.00000000
vn 0.00010000 -0.64270000 0.76610000
vn 0.00010000 -0.78190000 0.62340000
vn -1.00000000 -0.00000000 -0.00000000
vn -1.00000000 -0.00000000 -0.00000000
vn 0.00020000 -0.60380000 0.79710000
vn 0.00010000 -0.81200000 0.58370000
vn -1.00000000 -0.00000000 -0.00000000
vn -1.00000000 -0.00000000 -0.00000000
vn 0.00020000 -0.56330000 0.82620000
vn 0.00010000 -0.84000000 0.54260000
vn -1.00000000 -0.00000000 -0.00000000
vn -1.00000000 -0.00000000 -0.00000000
vn 0.00020000 -0.52140000 0.85330000
vn -0.00000000 -0.86600000 0.50000000
vn -1.00000000 -0.00000000 -0.00000000
vn -1.00000000 -0.00000000 -0.00000000
vn 0.00020000 -0.47820000 0.87820000
vn -1.00000000 -0.00000000 -0.00000000
vn -0.00000000 -0.88990000 0.45610000
vn -0.00000000 -0.91150000 0.41130000
vn -1.00000000 -0.00000000 -0.00000000
vn -1.00000000 -0.00000000 -0.00000000
vn -0.00000000 0.01250000 0.99990000
vn 0.00020000 -0.43390000 0.90100000
vn -1.00000000 -0.00000000 -0.00000000
vn 0.00010000 -0.38850000 0.92150000
vn -1.00000000 -0.00000000 -0.00000000
vn -1.00000000 -0.00000000 -0.00000000
vn 0.00010000 -0.93080000 0.36550000
vn -1.00000000 -0.00000000 -0.00000000
vn 0.00010000 -0.34200000 0.93970000
vn -1.00000000 -0.00000000 -0.00000000
vn 0.00010000 -0.94790000 0.31870000
vn 0.00010000 -0.29480000 0.95560000
vn -1.00000000 -0.00000000 -0.00000000
vn 0.00010000 -0.96260000 0.27110000
vn -1.00000000 -0.00000000 -0.00000000
vn -1.00000000 -0.00000000 -0.00000000
vn 0.00010000 -0.24680000 0.96910000
vn 0.00010000 -0.97490000 0.22250000
vn -1.00000000 -0.00000000 -0.00000000
vn -1.00000000 -0.00000000 -0.00000000
vn 0.00010000 -0.19810000 0.98020000
vn -1.00000000 -0.00000000 -0.00000000
vn 0.00010000 -0.98480000 0.17370000
vn -1.00000000 -0.00000000 -0.00000000
vn 0.00010000 -0.14900000 0.98880000
vn 0.00010000 -0.99220000 0.12450000
vn -1.00000000 -0.00000000 -0.00000000
vn -1.00000000 -0.00000000 -0.00000000
vn -0.00000000 -0.09960000 0.99500000
vn -1.00000000 -0.00000000 -0.00000000
vn 0.00010000 -0.99720000 0.07480000
vn -1.00000000 -0.00000000 -0.00000000
vn -0.00000000 -0.04980000 0.99880000
vn 0.00020000 -0.99970000 0.02500000
vn -1.00000000 -0.00000000 -0.00000000
vn -1.00000000 -0.00000000 -0.00000000
vn -0.00000000 0.04990000 0.99880000
vn -1.00000000 -0.00000000 -0.00000000
vn 0.00020000 -0.99970000 -0.02480000
vn -1.00000000 -0.00000000 -0.00000000
vn -0.00000000 0.09960000 0.99500000
vn -0.00000000 0.14900000 0.98880000
vn -1.00000000 -0.00000000 -0.00000000
vn -1.00000000 -0.00000000 -0.00000000
vn -0.00000000 0.19810000 0.98020000
vn -1.00000000 -0.00000000 -0.00000000
vn -0.00000000 0.24670000 0.96910000
vn -1.00000000 -0.00000000 -0.00000000
vn -0.00000000 0.29470000 0.95560000
vn 0.00010000 -0.97490000 -0.22240000
vn -1.00000000 -0.00000000 -0.00000000
vn -0.00000000 -0.00000000 -1.00000000
vn -0.99990000 0.01230000 -0.00000000
vn 0.00020000 -0.98480000 -0.17350000
vn -1.00000000 -0.00000000 -0.00000000
vn -1.00000000 -0.00000000 -0.00000000
vn 0.00020000 -0.99230000 -0.12420000
vn -1.00000000 -0.00000000 -0.00000000
vn 0.00020000 -0.99720000 -0.07460000
vn 0.00010000 -0.96270000 -0.27070000
vn -1.00000000 -0.00000000 -0.00000000
vn 0.00010000 -0.94790000 -0.31850000
vn -1.00000000 -0.00000000 -0.00000000
vn -1.00000000 -0.00000000 -0.00000000
vn -0.00000000 0.38840000 0.92150000
vn -0.00000000 0.34200000 0.93970000
vn -1.00000000 -0.00000000 -0.00000000
vn 0.00010000 -0.93090000 -0.36540000
vn -1.00000000 -0.00000000 -0.00000000
vn 0.00010000 -0.91150000 -0.41140000
vn -1.00000000 -0.00000000 -0.00000000
vn -0.00000000 0.43390000 0.90100000
vn -1.00000000 -0.00000000 -0.00000000
vn -1.00000000 -0.00000000 -0.00000000
vn 0.00010000 -0.88980000 -0.45630000
vn -1.00000000 -0.00000000 -0.00000000
vn -0.00000000 0.47820000 0.87820000
vn 0.00010000 -0.86600000 -0.50000000
vn -1.00000000 -0.00000000 -0.00000000
vn -1.00000000 -0.00000000 -0.00000000
vn -0.00000000 0.52140000 0.85330000
vn -0.00000000 -0.84000000 -0.54260000
vn -1.00000000 -0.00000000 -0.00000000
vn -1.00000000 -0.00000000 -0.00000000
vn -0.00000000 0.56330000 0.82620000
vn -0.00000000 -0.81190000 -0.58380000
vn -1.00000000 -0.00000000 -0.00000000
vn -1.00000000 -0.00000000 -0.00000000
vn -0.00000000 0.60380000 0.79710000
vn -0.00000000 -0.78190000 -0.62340000
vn -1.00000000 -0.00000000 -0.00000000
vn -0.00000000 0.64280000 0.76600000
vn -1.00000000 -0.00000000 -0.00000000
vn -1.00000000 -0.00000000 -0.00000000
vn 0.00010000 -0.74990000 -0.66160000
vn -1.00000000 -0.00000000 -0.00000000
vn -0.00000000 0.68020000 0.73300000
vn 0.00010000 -0.71590000 -0.69820000
vn -1.00000000 -0.00000000 -0.00000000
vn -0.00000000 0.71580000 0.69830000
vn -1.00000000 -0.00000000 -0.00000000
vn -1.00000000 -0.00000000 -0.00000000
vn 0.00010000 -0.68020000 -0.73300000
vn -1.00000000 -0.00000000 -0.00000000
vn -0.00000000 0.74980000 0.66170000
vn 0.00010000 -0.64280000 -0.76610000
vn -1.00000000 -0.00000000 -0.00000000
vn -1.00000000 -0.00000000 -0.00000000
vn 0.00010000 -0.60380000 -0.79710000
vn -0.00000000 0.78180000 0.62350000
vn -1.00000000 -0.00000000 -0.00000000
vn -1.00000000 -0.00000000 -0.00000000
vn 0.00010000 -0.56330000 -0.82620000
vn -0.00000000 0.81190000 0.58370000
vn -1.00000000 -0.00000000 -0.00000000
vn -1.00000000 -0.00000000 -0.00000000
vn 0.00010000 -0.52140000 -0.85330000
vn -0.00000000 0.84000000 0.54260000
vn -1.00000000 -0.00000000 -0.00000000
vn -1.00000000 -0.00000000 -0.00000000
vn 0.00020000 -0.47830000 -0.87820000
vn -1.00000000 -0.00000000 -0.00000000
vn -0.00000000 0.86600000 0.50000000
vn -0.00000000 0.88990000 0.45620000
vn -1.00000000 -0.00000000 -0.00000000
vn -1.00000000 -0.00000000 -0.00000000
vn -0.00000000 0.91150000 0.41130000
vn -0.00000000 0.93090000 0.36530000
vn -1.00000000 -0.00000000 -0.00000000
vn -1.00000000 -0.00000000 -0.00000000
vn -0.00000000 0.94790000 0.31850000
vn -0.00000000 0.96260000 0.27090000
vn -1.00000000 -0.00000000 -0.00000000
vn -1.00000000 -0.00000000 -0.00000000
vn -0.00000000 0.97490000 0.22260000
vn -0.00000000 0.98480000 0.17370000
vn -1.00000000 -0.00000000 -0.00000000
vn -1.00000000 -0.00000000 -0.00000000
vn -0.00000000 0.99220000 0.12440000
vn -0.00000000 0.99720000 0.07480000
vn -1.00000000 -0.00000000 -0.00000000
vn -1.00000000 -0.00000000 -0.00000000
vn -0.00000000 0.99970000 0.02500000
vn -0.00000000 0.01250000 -0.99990000
vn -1.00000000 -0.00000000 -0.00000000
vn 0.00010000 -0.04980000 -0.99880000
vn -1.00000000 -0.00000000 -0.00000000
vn -1.00000000 -0.00000000 -0.00000000
vn 0.00010000 -0.09960000 -0.99500000
vn -1.00000000 -0.00000000 -0.00000000
vn 0.00010000 -0.14900000 -0.98880000
vn 0.00010000 -0.19810000 -0.98020000
vn -1.00000000 -0.00000000 -0.00000000
vn -1.00000000 -0.00000000 -0.00000000
vn 0.00010000 -0.24670000 -0.96910000
vn 0.00020000 -0.29480000 -0.95560000
vn -1.00000000 -0.00000000 -0.00000000
vn -1.00000000 -0.00000000 -0.00000000
vn 0.00020000 -0.34200000 -0.93970000
vn -1.00000000 -0.00000000 -0.00000000
vn 0.00020000 -0.38850000 -0.92150000
vn 0.00020000 -0.43400000 -0.90090000
vn -1.00000000 -0.00000000 -0.00000000
vn -0.00000000 0.99970000 -0.02500000
vn -1.00000000 -0.00000000 -0.00000000
vn -1.00000000 -0.00000000 -0.00000000
vn -0.00000000 0.04990000 -0.99880000
vn -0.00000000 0.99720000 -0.07480000
vn -1.00000000 -0.00000000 -0.00000000
vn -0.00000000 0.09960000 -0.99500000
vn -1.00000000 -0.00000000 -0.00000000
vn -0.00000000 0.99220000 -0.12440000
vn -1.00000000 -0.00000000 -0.00000000
vn -1.00000000 -0.00000000 -0.00000000
vn -0.00000000 0.14900000 -0.98880000
vn -0.00000000 0.98480000 -0.17360000
vn -1.00000000 -0.00000000 -0.00000000
vn -0.00000000 0.19820000 -0.98020000
vn -1.00000000 -0.00000000 -0.00000000
vn -0.00000000 0.97490000 -0.22250000
vn -1.00000000 -0.00000000 -0.00000000
vn -1.00000000 -0.00000000 -0.00000000
vn -0.00000000 0.24680000 -0.96910000
vn -1.00000000 -0.00000000 -0.00000000
vn -0.00000000 0.96260000 -0.27080000
vn -0.00000000 0.29480000 -0.95560000
vn -1.00000000 -0.00000000 -0.00000000
vn -0.00000000 0.94790000 -0.31840000
vn -1.00000000 -0.00000000 -0.00000000
vn -1.00000000 -0.00000000 -0.00000000
vn -0.00000000 0.34200000 -0.93970000
vn -0.00000000 0.93090000 -0.36530000
vn -1.00000000 -0.00000000 -0.00000000
vn -1.00000000 -0.00000000 -0.00000000
vn -0.00000000 0.38840000 -0.92150000
vn -0.00000000 0.91150000 -0.41130000
vn -1.00000000 -0.00000000 -0.00000000
vn -1.00000000 -0.00000000 -0.00000000
vn -0.00000000 0.43390000 -0.90100000
vn -0.00000000 0.88990000 -0.45620000
vn -1.00000000 -0.00000000 -0.00000000
vn -1.00000000 -0.00000000 -0.00000000
vn -0.00000000 0.47830000 -0.87820000
vn -1.00000000 -0.00000000 -0.00000000
vn -0.00000000 0.86600000 -0.50000000
vn -0.00000000 0.52140000 -0.85330000
vn -1.00000000 -0.00000000 -0.00000000
vn -1.00000000 -0.00000000 -0.00000000
vn -0.00000000 0.84000000 -0.54250000
vn -1.00000000 -0.00000000 -0.00000000
vn -0.00000000 0.56330000 -0.82620000
vn -0.00000000 0.81190000 -0.58380000
vn -1.00000000 -0.00000000 -0.00000000
vn -0.00000000 0.60380000 -0.79710000
vn -1.00000000 -0.00000000 -0.00000000
vn -1.00000000 -0.00000000 -0.00000000
vn -0.00000000 0.78180000 -0.62350000
vn -0.00000000 0.64280000 -0.76610000
vn -1.00000000 -0.00000000 -0.00000000
vn -0.00000000 0.74980000 -0.66170000
vn -1.00000000 -0.00000000 -0.00000000
vn -1.00000000 -0.00000000 -0.00000000
vn -0.00000000 0.68020000 -0.73310000
vn -0.00000000 0.71590000 -0.69820000
vn -1.00000000 -0.00000000 -0.00000000
vn 0.01230000 0.01250000 -0.99980000
vn -0.00000000 -0.00000000 -1.00000000
vn -0.01240000 0.99990000 -0.00000000
vn -0.00000000 -1.00000000 -0.00000000
vn -0.01230000 -0.00000000 -0.99990000
vn -0.01230000 -0.00000000 -0.99990000
vn -0.00000000 1.00000000 -0.00000000
vn -0.04900000 0.99880000 -0.00000000
vn -0.00000000 -0.00000000 -1.00000000
vn -0.00000000 -1.00000000 0.00010000
vn 0.01230000 -0.00000000 -0.99990000
vn -0.09800000 0.99520000 -0.00000000
vn -0.00000000 -0.00000000 -1.00000000
vn -0.00000000 -0.00000000 -1.00000000
vn -0.14680000 0.98920000 -0.00000000
vn -0.00000000 -0.00000000 -1.00000000
vn -0.19500000 0.98080000 -0.00000000
vn -0.24310000 0.97000000 -0.00000000
vn -0.00000000 -0.00000000 -1.00000000
vn -0.29030000 0.95690000 -0.00000000
vn -0.00000000 -0.00000000 -1.00000000
vn -0.00000000 -0.00000000 -1.00000000
vn -0.33690000 0.94160000 -0.00000000
vn -0.00000000 -0.00000000 -1.00000000
vn -0.38260000 0.92390000 -0.00000000
vn -0.42760000 0.90400000 -0.00000000
vn -0.00000000 -0.00000000 -1.00000000
vn -0.00000000 -0.00000000 -1.00000000
vn -0.47140000 0.88190000 -0.00000000
vn -0.00000000 -0.00000000 -1.00000000
vn -0.51400000 0.85780000 -0.00000000
vn -0.55550000 0.83150000 -0.00000000
vn -0.00000000 -0.00000000 -1.00000000
vn -0.59580000 0.80310000 -0.00000000
vn -0.00000000 -0.00000000 -1.00000000
vn -0.63440000 0.77300000 -0.00000000
vn -0.00000000 -0.00000000 -1.00000000
vn -0.00000000 -0.00000000 -1.00000000
vn -0.67150000 0.74100000 -0.00000000
vn -0.00000000 -0.00000000 -1.00000000
vn -0.70710000 0.70710000 -0.00000000
vn -0.74090000 0.67160000 -0.00000000
vn -0.00000000 -0.00000000 -1.00000000
vn -0.77300000 0.63440000 -0.00000000
vn -0.00000000 -0.00000000 -1.00000000
vn 0.00010000 -0.00000000 -1.00000000
vn -0.80320000 0.59560000 -0.00000000
vn -0.83150000 0.55550000 -0.00000000
vn -0.00010000 -0.00000000 -1.00000000
vn -0.00000000 -0.00000000 -1.00000000
vn -0.85770000 0.51410000 -0.00000000
vn -0.88190000 0.47140000 -0.00000000
vn -0.00000000 -0.00000000 -1.00000000
vn -0.00010000 -0.00000000 -1.00000000
vn -0.90400000 0.42760000 -0.00000000
vn -0.92390000 0.38280000 -0.00000000
vn 0.00010000 -0.00000000 -1.00000000
vn -0.94160000 0.33690000 -0.00000000
vn -0.00000000 -0.00000000 -1.00000000
vn -0.00010000 -0.00000000 -1.00000000
vn -0.95690000 0.29030000 -0.00000000
vn -0.00000000 -0.00000000 -1.00000000
vn -0.97000000 0.24300000 -0.00000000
vn -0.98080000 0.19510000 -0.00000000
vn 0.00020000 -0.00000000 -1.00000000
vn -0.00000000 -0.00000000 -1.00000000
vn -0.98920000 0.14670000 -0.00000000
vn -0.00030000 -0.00000000 -1.00000000
vn -0.99520000 0.09800000 -0.00000000
vn -0.99880000 0.04910000 -0.00000000
vn 0.00030000 -0.00000000 -1.00000000
vn 0.01230000 0.01250000 0.99980000
vn 0.01230000 0.04980000 0.99870000
vn 0.01230000 0.09960000 0.99500000
vn 0.01230000 0.14900000 0.98880000
vn 0.01230000 0.19810000 0.98010000
vn 0.01230000 0.24670000 0.96900000
vn 0.01230000 0.29470000 0.95550000
vn 0.01230000 0.34200000 0.93960000
vn 0.01230000 0.38840000 0.92140000
vn 0.01230000 0.43390000 0.90090000
vn 0.01230000 0.47820000 0.87810000
vn 0.01220000 0.52140000 0.85320000
vn 0.01230000 0.56330000 0.82620000
vn 0.01230000 0.60380000 0.79710000
vn 0.01230000 0.64270000 0.76600000
vn 0.01230000 0.68010000 0.73300000
vn 0.01230000 0.71580000 0.69820000
vn 0.01220000 0.74970000 0.66160000
vn 0.01230000 0.78180000 0.62350000
vn 0.01230000 0.81190000 0.58370000
vn 0.01230000 0.84000000 0.54250000
vn 0.01230000 0.86590000 0.50000000
vn 0.01230000 0.88980000 0.45620000
vn 0.01230000 0.91140000 0.41130000
vn 0.01230000 0.93080000 0.36530000
vn 0.01230000 0.94790000 0.31850000
vn 0.01220000 0.96260000 0.27080000
vn 0.01230000 0.97490000 0.22250000
vn 0.01230000 0.98470000 0.17360000
vn 0.01220000 0.99220000 0.12440000
vn 0.01220000 0.99710000 0.07470000
vn 0.01230000 0.99960000 0.02490000
vn 0.01230000 0.99960000 -0.02500000
vn 0.01230000 0.99710000 -0.07470000
vn 0.01220000 0.99220000 -0.12440000
vn 0.01230000 0.98470000 -0.17360000
vn 0.01230000 0.97480000 -0.22250000
vn 0.01220000 0.96260000 -0.27080000
vn 0.01230000 0.94790000 -0.31850000
vn 0.01230000 0.93080000 -0.36530000
vn 0.01230000 0.91140000 -0.41130000
vn 0.01230000 0.88980000 -0.45620000
vn 0.01230000 0.86590000 -0.50000000
vn 0.01230000 0.83990000 -0.54250000
vn 0.01230000 0.81190000 -0.58370000
vn 0.01230000 0.78180000 -0.62340000
vn 0.01220000 0.74970000 -0.66160000
vn 0.01230000 0.71580000 -0.69820000
vn 0.01230000 0.68010000 -0.73300000
vn 0.01230000 0.64280000 -0.76600000
vn 0.01220000 0.60380000 -0.79710000
vn 0.01230000 0.56330000 -0.82620000
vn 0.01230000 0.52140000 -0.85320000
vn 0.01230000 0.47820000 -0.87820000
vn 0.01230000 0.43380000 -0.90090000
vn 0.01230000 0.38840000 -0.92140000
vn 0.01230000 0.34200000 -0.93960000
vn 0.01230000 0.29470000 -0.95550000
vn 0.01230000 0.24670000 -0.96900000
vn 0.01230000 0.19810000 -0.98010000
vn 0.01230000 0.14900000 -0.98880000
vn 0.01230000 0.09960000 -0.99500000
vn 0.01230000 0.04980000 -0.99870000
vn -0.00000000 -0.00000000 1.00000000
vn -0.01240000 0.99990000 -0.00000000
vn 0.01230000 -0.00000000 0.99990000
vn -0.00000000 -1.00000000 -0.00010000
vn -0.00000000 -0.00000000 1.00000000
vn -0.04900000 0.99880000 -0.00000000
vn -0.09800000 0.99520000 -0.00000000
vn -0.00000000 -0.00000000 1.00000000
vn -0.14680000 0.98920000 -0.00000000
vn -0.00000000 -0.00000000 1.00000000
vn -0.00000000 -0.00000000 1.00000000
vn -0.19500000 0.98080000 -0.00000000
vn -0.24310000 0.97000000 -0.00000000
vn -0.00000000 -0.00000000 1.00000000
vn -0.00000000 -0.00000000 1.00000000
vn -0.29030000 0.95690000 -0.00000000
vn -0.00000000 -0.00000000 1.00000000
vn -0.33690000 0.94160000 -0.00000000
vn -0.38260000 0.92390000 -0.00000000
vn -0.00000000 -0.00000000 1.00000000
vn -0.00000000 -0.00000000 1.00000000
vn -0.42760000 0.90400000 -0.00000000
vn -0.47140000 0.88190000 -0.00000000
vn -0.00000000 -0.00000000 1.00000000
vn -0.00000000 -0.00000000 1.00000000
vn -0.51400000 0.85780000 -0.00000000
vn -0.55550000 0.83150000 -0.00000000
vn -0.00000000 -0.00000000 1.00000000
vn -0.00000000 -0.00000000 1.00000000
vn -0.59580000 0.80310000 -0.00000000
vn -0.63440000 0.77300000 -0.00000000
vn -0.00000000 -0.00000000 1.00000000
vn -0.67150000 0.74100000 -0.00000000
vn -0.00000000 -0.00000000 1.00000000
vn -0.00000000 -0.00000000 1.00000000
vn -0.70710000 0.70710000 -0.00000000
vn -0.74090000 0.67160000 -0.00000000
vn 0.00010000 -0.00000000 1.00000000
vn -0.00000000 -0.00000000 1.00000000
vn -0.77300000 0.63440000 -0.00000000
vn -0.00010000 -0.00000000 1.00000000
vn -0.80320000 0.59570000 -0.00000000
vn -0.83150000 0.55550000 -0.00000000
vn -0.00000000 -0.00000000 1.00000000
vn -0.85770000 0.51410000 -0.00000000
vn 0.00010000 -0.00000000 1.00000000
vn -0.00000000 -0.00000000 1.00000000
vn -0.88190000 0.47140000 -0.00000000
vn -0.90400000 0.42760000 -0.00000000
vn -0.00000000 -0.00000000 1.00000000
vn -0.00000000 -0.00000000 1.00000000
vn -0.92390000 0.38270000 -0.00000000
vn -0.94160000 0.33690000 -0.00000000
vn -0.00000000 -0.00000000 1.00000000
vn -0.00000000 -0.00000000 1.00000000
vn -0.95690000 0.29030000 -0.00000000
vn -0.97000000 0.24300000 -0.00000000
vn -0.00020000 -0.00000000 1.00000000
vn -0.00000000 -0.00000000 1.00000000
vn -0.98080000 0.19510000 -0.00000000
vn 0.00020000 -0.00000000 1.00000000
vn -0.98920000 0.14670000 -0.00000000
vn -0.00000000 -0.00000000 1.00000000
vn -0.99520000 0.09800000 -0.00000000
vn 0.00010000 -0.00000000 1.00000000
vn -0.99880000 0.04910000 -0.00000000
vn -0.69820000 0.00010000 0.71590000
vn -0.00000000 -1.00000000 -0.00000000
vn -0.73310000 0.00010000 0.68020000
vn -0.00000000 -1.00000000 -0.00000000
vn -0.00000000 -1.00000000 -0.00000000
vn -0.66170000 0.00010000 0.74980000
vn -0.76600000 0.00010000 0.64280000
vn -0.00000000 -1.00000000 -0.00000000
vn -0.62350000 0.00010000 0.78180000
vn -0.00000000 -1.00000000 -0.00000000
vn -0.00000000 -1.00000000 -0.00000000
vn -0.79710000 0.00010000 0.60380000
vn -0.58370000 0.00010000 0.81190000
vn -0.00000000 -1.00000000 -0.00000000
vn -0.00000000 -1.00000000 -0.00000000
vn -0.82620000 0.00010000 0.56330000
vn -0.54250000 0.00010000 0.84000000
vn -0.00000000 -1.00000000 -0.00000000
vn -0.00000000 -1.00000000 -0.00010000
vn -0.85330000 0.00010000 0.52140000
vn -0.00000000 -1.00000000 -0.00000000
vn -0.50000000 0.00010000 0.86600000
vn -0.00000000 -1.00000000 -0.00000000
vn -0.87820000 0.00010000 0.47830000
vn -0.00000000 -1.00000000 -0.00000000
vn -0.45620000 0.00010000 0.88990000
vn -0.90100000 0.00010000 0.43390000
vn -0.00000000 -1.00000000 0.00010000
vn -0.00000000 -1.00000000 -0.00000000
vn -0.41130000 0.00010000 0.91150000
vn -0.92150000 0.00010000 0.38840000
vn -0.00000000 -1.00000000 -0.00000000
vn -0.36530000 0.00010000 0.93090000
vn -0.00000000 -1.00000000 -0.00000000
vn -0.00000000 -1.00000000 -0.00000000
vn -0.93970000 0.00010000 0.34200000
vn -0.31850000 0.00010000 0.94790000
vn -0.00000000 -1.00000000 -0.00000000
vn -0.00000000 -1.00000000 -0.00000000
vn -0.95560000 0.00010000 0.29470000
vn -0.00000000 -1.00000000 -0.00000000
vn -0.27080000 0.00010000 0.96260000
vn -0.00000000 -1.00000000 -0.00010000
vn -0.96910000 0.00010000 0.24680000
vn -0.00000000 -1.00000000 -0.00000000
vn -0.22250000 0.00010000 0.97490000
vn -0.00000000 -1.00000000 -0.00010000
vn -0.98020000 0.00010000 0.19810000
vn -0.00000000 -1.00000000 -0.00000000
vn -0.17360000 0.00010000 0.98480000
vn -0.98880000 0.00010000 0.14900000
vn -0.00000000 -1.00000000 -0.00000000
vn -0.00000000 -1.00000000 -0.00000000
vn -0.12440000 0.00010000 0.99220000
vn -0.99500000 0.00010000 0.09960000
vn -0.00000000 -1.00000000 -0.00000000
vn -0.00000000 -1.00000000 -0.00000000
vn -0.07470000 0.00010000 0.99720000
vn -0.99880000 0.00010000 0.04980000
vn -0.00000000 -1.00000000 -0.00000000
vn -0.00000000 -1.00000000 -0.00000000
vn -0.02490000 0.00010000 0.99970000
vn -0.00000000 -1.00000000 -0.00000000
vn -0.99880000 -0.00000000 -0.04910000
vn 0.02490000 0.00010000 0.99970000
vn -0.00000000 -1.00000000 -0.00000000
vn -0.99520000 -0.00000000 -0.09800000
vn -0.00000000 -1.00000000 -0.00000000
vn -0.00000000 -1.00000000 -0.00000000
vn 0.07470000 0.00010000 0.99720000
vn -0.00000000 -1.00000000 -0.00000000
vn -0.98920000 -0.00000000 -0.14670000
vn -0.00000000 -1.00000000 -0.00000000
vn 0.12430000 0.00010000 0.99220000
vn -0.98080000 -0.00000000 -0.19510000
vn -0.00000000 -1.00000000 -0.00000000
vn -0.00000000 -1.00000000 -0.00000000
vn 0.17360000 0.00010000 0.98480000
vn -0.00000000 -1.00000000 -0.00000000
vn -0.97000000 -0.00000000 -0.24300000
vn 0.22250000 0.00010000 0.97490000
vn -0.00000000 -1.00000000 -0.00000000
vn -0.95690000 -0.00000000 -0.29030000
vn -0.00000000 -1.00000000 -0.00000000
vn 0.27090000 0.00010000 0.96260000
vn -0.00000000 -1.00000000 -0.00000000
vn -0.94150000 -0.00000000 -0.33690000
vn -0.00000000 -1.00000000 -0.00000000
vn 0.31850000 0.00010000 0.94790000
vn -0.00000000 -1.00000000 -0.00000000
vn -0.00000000 -1.00000000 -0.00000000
vn -0.92390000 -0.00000000 -0.38270000
vn -0.90400000 -0.00000000 -0.42760000
vn -0.00000000 -1.00000000 -0.00000000
vn -0.00000000 -1.00000000 -0.00000000
vn -0.88190000 -0.00000000 -0.47140000
vn -0.85770000 -0.00000000 -0.51410000
vn -0.00000000 -1.00000000 -0.00000000
vn -0.00000000 -1.00000000 -0.00000000
vn 0.45620000 0.00010000 0.88990000
vn 0.41130000 0.00010000 0.91150000
vn -0.00000000 -1.00000000 -0.00010000
vn -0.00000000 -1.00000000 0.00010000
vn 0.36530000 0.00010000 0.93090000
vn -0.00000000 -1.00000000 0.00010000
vn 0.50000000 0.00010000 0.86600000
vn -0.83150000 -0.00000000 -0.55560000
vn -0.00000000 -1.00000000 -0.00000000
vn -0.00000000 -1.00000000 -0.00000000
vn 0.54250000 0.00010000 0.84000000
vn -0.00000000 -1.00000000 -0.00000000
vn -0.80320000 -0.00000000 -0.59570000
vn 0.58370000 0.00010000 0.81190000
vn -0.00000000 -1.00000000 -0.00000000
vn -0.77300000 -0.00000000 -0.63440000
vn -0.00000000 -1.00000000 -0.00000000
vn -0.00000000 -1.00000000 -0.00000000
vn 0.62350000 0.00010000 0.78180000
vn -0.00000000 -1.00000000 -0.00000000
vn -0.74100000 -0.00000000 -0.67160000
vn 0.66170000 0.00010000 0.74980000
vn -0.00000000 -1.00000000 -0.00000000
vn -0.00000000 -1.00000000 -0.00000000
vn 0.09800000 -0.00000000 0.99520000
vn -0.00000000 -1.00000000 -0.00000000
vn 0.69820000 0.00010000 0.71590000
vn -0.00000000 -1.00000000 -0.00000000
vn 0.14670000 -0.00000000 0.98920000
vn -0.00000000 -1.00000000 -0.00010000
vn 0.04910000 -0.00000000 0.99880000
vn -0.00000000 -1.00000000 -0.00000000
vn -0.70710000 -0.00000000 -0.70710000
vn 0.42760000 -0.00000000 0.90400000
vn -0.00000000 -1.00000000 0.00010000
vn -0.00000000 -1.00000000 -0.00000000
vn 0.73300000 0.00010000 0.68020000
vn 0.47140000 -0.00000000 0.88190000
vn -0.00000000 -1.00000000 -0.00000000
vn -0.00000000 -1.00000000 0.00010000
vn 0.38270000 -0.00000000 0.92390000
vn 0.33690000 -0.00000000 0.94160000
vn -0.00000000 -1.00000000 -0.00000000
vn -0.00000000 -1.00000000 -0.00000000
vn 0.29030000 -0.00000000 0.95690000
vn 0.24300000 -0.00000000 0.97000000
vn -0.00000000 -1.00000000 -0.00000000
vn -0.00000000 -1.00000000 -0.00000000
vn 0.19510000 -0.00000000 0.98080000
vn -0.00000000 -1.00000000 -0.00000000
vn -0.67160000 -0.00000000 -0.74100000
vn 0.55560000 -0.00000000 0.83150000
vn -0.00000000 -1.00000000 0.00010000
vn 0.76600000 0.00010000 0.64280000
vn -0.00000000 -1.00000000 -0.00010000
vn 0.59570000 -0.00000000 0.80320000
vn -0.00000000 -1.00000000 -0.00000000
vn -0.00000000 -1.00000000 0.00010000
vn 0.51410000 -0.00000000 0.85770000
vn -0.00000000 -1.00000000 -0.00000000
vn 0.63440000 -0.00000000 0.77300000
vn 0.67160000 -0.00000000 0.74100000
vn -0.00000000 -1.00000000 -0.00000000
vn -0.63440000 -0.00000000 -0.77300000
vn -0.00000000 -1.00000000 -0.00000000
vn 0.70710000 -0.00000000 0.70710000
vn -0.00000000 -1.00000000 0.00010000
vn -0.00000000 -1.00000000 -0.00010000
vn 0.79710000 0.00010000 0.60380000
vn -0.00000000 -1.00000000 0.00010000
vn 0.74100000 -0.00000000 0.67160000
vn -0.00000000 -1.00000000 -0.00000000
vn -0.59570000 -0.00000000 -0.80320000
vn 0.77300000 -0.00000000 0.63440000
vn -0.00000000 -1.00000000 -0.00000000
vn -0.00000000 -1.00000000 -0.00000000
vn 0.80320000 -0.00000000 0.59570000
vn -0.55560000 -0.00000000 -0.83150000
vn -0.00000000 -1.00000000 -0.00000000
vn -0.00000000 -1.00000000 -0.00000000
vn 0.83150000 -0.00000000 0.55560000
vn 0.85770000 -0.00000000 0.51410000
vn -0.00000000 -1.00000000 -0.00000000
vn -0.00000000 -1.00000000 -0.00000000
vn 0.88190000 -0.00000000 0.47140000
vn -0.51410000 -0.00000000 -0.85770000
vn -0.00000000 -1.00000000 -0.00000000
vn -0.00000000 -1.00000000 -0.00000000
vn 0.90400000 -0.00000000 0.42760000
vn 0.82620000 0.00010000 0.56330000
vn -0.00000000 -1.00000000 -0.00000000
vn -0.00000000 -1.00000000 -0.00000000
vn 0.92390000 -0.00000000 0.38270000
vn -0.47140000 -0.00000000 -0.88190000
vn -0.00000000 -1.00000000 -0.00000000
vn -0.00000000 -1.00000000 -0.00000000
vn 0.94150000 -0.00000000 0.33690000
vn 0.95690000 -0.00000000 0.29030000
vn -0.00000000 -1.00000000 -0.00000000
vn -0.00000000 -1.00000000 -0.00000000
vn -0.42760000 -0.00000000 -0.90400000
vn -0.00000000 -1.00000000 0.00010000
vn 0.97000000 -0.00000000 0.24300000
vn -0.00000000 -1.00000000 -0.00000000
vn 0.98080000 -0.00000000 0.19510000
vn 0.98920000 -0.00000000 0.14670000
vn -0.00000000 -1.00000000 -0.00000000
vn -0.00000000 -1.00000000 -0.00000000
vn -0.38270000 -0.00000000 -0.92390000
vn -0.00000000 -1.00000000 -0.00000000
vn 0.99520000 -0.00000000 0.09800000
vn 0.85330000 0.00010000 0.52140000
vn -0.00000000 -1.00000000 -0.00010000
vn 0.99880000 -0.00000000 0.04910000
vn -0.00000000 -1.00000000 -0.00000000
vn -0.33690000 -0.00000000 -0.94150000
vn -0.00000000 -1.00000000 -0.00000000
vn 0.99990000 -0.00000000 0.01230000
vn -0.00000000 -1.00000000 0.00010000
vn 0.93970000 0.00010000 0.34200000
vn -0.00000000 -1.00000000 -0.00000000
vn -0.00000000 -1.00000000 -0.00000000
vn 0.92150000 0.00010000 0.38840000
vn 0.90100000 0.00010000 0.43390000
vn -0.00000000 -1.00000000 -0.00000000
vn 0.87820000 0.00010000 0.47830000
vn -0.00000000 -1.00000000 -0.00010000
vn -0.00000000 -1.00000000 -0.00000000
vn 0.98020000 0.00010000 0.19810000
vn 0.96910000 0.00010000 0.24680000
vn -0.00000000 -1.00000000 0.00010000
vn 0.95560000 0.00010000 0.29470000
vn -0.00000000 -1.00000000 -0.00000000
vn 0.98880000 0.00010000 0.14900000
vn -0.00000000 -1.00000000 -0.00010000
vn -0.00000000 -1.00000000 -0.00000000
vn -0.29030000 -0.00000000 -0.95690000
vn 0.99500000 0.00010000 0.09960000
vn -0.00000000 -1.00000000 -0.00000000
vn -0.00000000 -1.00000000 -0.00000000
vn 0.99880000 -0.00000000 0.04980000
vn -0.24300000 -0.00000000 -0.97000000
vn -0.00000000 -1.00000000 -0.00000000
vn -0.00000000 -1.00000000 -0.00000000
vn -0.19510000 -0.00000000 -0.98080000
vn -0.14670000 -0.00000000 -0.98920000
vn -0.00000000 -1.00000000 -0.00000000
vn -0.00000000 -1.00000000 -0.00000000
vn -0.09800000 -0.00000000 -0.99520000
vn -0.04910000 -0.00000000 -0.99880000
vn -0.00000000 -1.00000000 -0.00000000
vn 0.99990000 -0.00000000 -0.01230000
vn -0.00000000 -1.00000000 -0.00010000
vn 0.04910000 -0.00000000 -0.99880000
vn -0.00000000 -1.00000000 0.00010000
vn -0.00000000 -1.00000000 -0.00000000
vn 0.99880000 -0.00000000 -0.04910000
vn -0.00000000 -1.00000000 -0.00000000
vn 0.09800000 -0.00000000 -0.99520000
vn 0.99520000 -0.00000000 -0.09800000
vn -0.00000000 -1.00000000 -0.00000000
vn 0.14670000 -0.00000000 -0.98920000
vn -0.00000000 -1.00000000 -0.00000000
vn -0.00000000 -1.00000000 -0.00000000
vn 0.98920000 -0.00000000 -0.14670000
vn -0.00000000 -1.00000000 -0.00000000
vn 0.19510000 -0.00000000 -0.98080000
vn 0.98080000 -0.00000000 -0.19510000
vn -0.00000000 -1.00000000 -0.00000000
vn 0.24300000 -0.00000000 -0.97000000
vn -0.00000000 -1.00000000 -0.00000000
vn -0.00000000 -1.00000000 -0.00010000
vn 0.97000000 -0.00000000 -0.24300000
vn -0.00000000 -1.00000000 -0.00000000
vn 0.29030000 -0.00000000 -0.95690000
vn -0.00000000 -1.00000000 -0.00000000
vn 0.95690000 -0.00000000 -0.29030000
vn 0.33690000 -0.00000000 -0.94150000
vn -0.00000000 -1.00000000 -0.00000000
vn 0.94150000 -0.00000000 -0.33690000
vn -0.00000000 -1.00000000 -0.00000000
vn -0.00000000 -1.00000000 -0.00010000
vn 0.38270000 -0.00000000 -0.92390000
vn 0.92390000 -0.00000000 -0.38270000
vn -0.00000000 -1.00000000 -0.00000000
vn -0.00000000 -1.00000000 -0.00010000
vn 0.42760000 -0.00000000 -0.90400000
vn -0.00000000 -1.00000000 -0.00000000
vn 0.90400000 -0.00000000 -0.42760000
vn -0.00000000 -1.00000000 -0.00000000
vn 0.47140000 -0.00000000 -0.88190000
vn 0.88190000 -0.00000000 -0.47140000
vn -0.00000000 -1.00000000 -0.00000000
vn 0.51410000 -0.00000000 -0.85770000
vn -0.00000000 -1.00000000 -0.00010000
vn -0.00000000 -1.00000000 -0.00000000
vn 0.85770000 -0.00000000 -0.51410000
vn -0.00000000 -1.00000000 -0.00000000
vn 0.83150000 -0.00000000 -0.55560000
vn 0.55560000 -0.00000000 -0.83150000
vn -0.00000000 -1.00000000 -0.00010000
vn -0.00000000 -1.00000000 -0.00000000
vn 0.59570000 -0.00000000 -0.80320000
vn 0.80320000 -0.00000000 -0.59570000
vn -0.00000000 -1.00000000 -0.00000000
vn 0.63440000 -0.00000000 -0.77300000
vn -0.00000000 -1.00000000 -0.00000000
vn -0.00000000 -1.00000000 -0.00000000
vn 0.77300000 -0.00000000 -0.63440000
vn 0.67150000 -0.00000000 -0.74100000
vn -0.00000000 -1.00000000 -0.00000000
vn 0.74100000 -0.00000000 -0.67160000
vn -0.00000000 -1.00000000 -0.00010000
vn 0.70710000 -0.00000000 -0.70710000
vn -0.00000000 -1.00000000 -0.00000000
vn 0.99990000 0.00020000 0.01240000
vn 0.99990000 0.00120000 0.01240000
vn 0.99990000 0.00060000 0.01250000
vn 0.99990000 0.00250000 0.01220000
vn 0.99990000 0.00190000 0.01230000
vn 0.99990000 0.00370000 0.01190000
vn 0.99990000 0.00310000 0.01210000
vn 0.99990000 0.00430000 0.01170000
vn 0.99990000 0.00480000 0.01150000
vn 0.99990000 0.00540000 0.01120000
vn 0.99990000 0.00650000 0.01060000
vn 0.99990000 0.00600000 0.01090000
vn 0.99990000 0.00700000 0.01030000
vn 0.99990000 0.00800000 0.00950000
vn 0.99990000 0.00750000 0.00990000
vn 0.99990000 0.00890000 0.00870000
vn 0.99990000 0.00850000 0.00910000
vn 0.99990000 0.01010000 0.00730000
vn 0.99990000 0.00970000 0.00780000
vn 0.99990000 0.00930000 0.00820000
vn 0.99990000 0.01050000 0.00680000
vn 0.99990000 0.01080000 0.00620000
vn 0.99990000 0.01140000 0.00510000
vn 0.99990000 0.01110000 0.00570000
vn 0.99990000 0.01180000 0.00400000
vn 0.99990000 0.01160000 0.00460000
vn 0.99990000 0.01220000 0.00280000
vn 0.99990000 0.01200000 0.00340000
vn 0.99990000 0.01240000 0.00090000
vn 0.99990000 0.01240000 0.00150000
vn 0.99990000 0.01230000 0.00220000
vn 0.99990000 0.01250000 0.00030000
vn 0.99990000 0.00020000 -0.01240000
vn 0.99990000 0.01250000 -0.00030000
vn 0.99990000 0.00060000 -0.01250000
vn 0.99990000 0.00120000 -0.01240000
vn 0.99990000 0.01240000 -0.00160000
vn 0.99990000 0.01240000 -0.00090000
vn 0.99990000 0.00190000 -0.01230000
vn 0.99990000 0.01230000 -0.00220000
vn 0.99990000 0.01220000 -0.00280000
vn 0.99990000 0.00430000 -0.01170000
vn 0.99990000 0.00250000 -0.01220000
vn 0.99990000 0.00310000 -0.01210000
vn 0.99990000 0.00370000 -0.01190000
vn 0.99990000 0.01160000 -0.00460000
vn 0.99990000 0.01180000 -0.00400000
vn 0.99990000 0.01200000 -0.00340000
vn 0.99990000 0.00480000 -0.01150000
vn 0.99990000 0.01140000 -0.00510000
vn 0.99990000 0.00600000 -0.01090000
vn 0.99990000 0.00540000 -0.01120000
vn 0.99990000 0.01080000 -0.00620000
vn 0.99990000 0.01110000 -0.00570000
vn 0.99990000 0.00650000 -0.01060000
vn 0.99990000 0.01050000 -0.00680000
vn 0.99990000 0.00750000 -0.00990000
vn 0.99990000 0.00700000 -0.01030000
vn 0.99990000 0.00980000 -0.00780000
vn 0.99990000 0.01010000 -0.00730000
vn 0.99990000 0.00800000 -0.00950000
vn 0.99990000 0.00930000 -0.00820000
vn 0.99990000 0.00890000 -0.00870000
vn 0.99990000 0.00850000 -0.00910000
vn -0.00000000 1.00000000 -0.00000000
vn -0.04910000 -0.00000000 -0.99880000
vn -0.00000000 1.00000000 -0.00000000
vn -0.99880000 -0.00000000 -0.04910000
vn -0.00000000 1.00000000 -0.00000000
vn -0.99520000 -0.00000000 -0.09800000
vn -0.14670000 -0.00000000 -0.98920000
vn -0.00000000 1.00000000 -0.00000000
vn -0.00000000 1.00000000 -0.00000000
vn -0.09800000 -0.00000000 -0.99520000
vn -0.98080000 -0.00000000 -0.19510000
vn -0.00000000 1.00000000 -0.00000000
vn -0.98920000 -0.00000000 -0.14670000
vn -0.00000000 1.00000000 -0.00040000
vn -0.19510000 -0.00000000 -0.98080000
vn -0.00000000 1.00000000 -0.00000000
vn -0.00000000 1.00000000 -0.00000000
vn -0.24300000 -0.00000000 -0.97000000
vn -0.29030000 -0.00000000 -0.95690000
vn -0.00000000 1.00000000 -0.00000000
vn -0.00000000 1.00000000 -0.00000000
vn -0.95690000 -0.00000000 -0.29030000
vn -0.00000000 1.00000000 -0.00070000
vn -0.97000000 -0.00000000 -0.24300000
vn -0.00000000 1.00000000 -0.00000000
vn -0.33690000 -0.00000000 -0.94150000
vn -0.94150000 -0.00000000 -0.33690000
vn -0.00000000 1.00000000 -0.00000000
vn -0.00000000 1.00000000 -0.00000000
vn -0.42750000 -0.00000000 -0.90400000
vn -0.38270000 -0.00000000 -0.92390000
vn -0.00000000 1.00000000 -0.00000000
vn -0.90400000 -0.00000000 -0.42760000
vn -0.00000000 1.00000000 -0.00000000
vn -0.00000000 1.00000000 -0.00070000
vn -0.92390000 -0.00000000 -0.38270000
vn -0.85770000 -0.00000000 -0.51410000
vn -0.00000000 1.00000000 -0.00000000
vn -0.00000000 1.00000000 -0.00000000
vn -0.88190000 -0.00000000 -0.47140000
vn -0.51410000 -0.00000000 -0.85770000
vn -0.00000000 1.00000000 -0.00000000
vn -0.00000000 1.00000000 -0.00000000
vn -0.47140000 -0.00000000 -0.88190000
vn -0.83150000 -0.00000000 -0.55560000
vn -0.00000000 1.00000000 -0.00000000
vn -0.00000000 1.00000000 -0.00000000
vn -0.55560000 -0.00000000 -0.83150000
vn -0.59570000 -0.00000000 -0.80320000
vn -0.00000000 1.00000000 -0.00000000
vn -0.00000000 1.00000000 -0.00000000
vn -0.63440000 -0.00000000 -0.77300000
vn -0.67160000 -0.00000000 -0.74100000
vn -0.00000000 1.00000000 -0.00000000
vn -0.00000000 1.00000000 -0.00000000
vn -0.70710000 -0.00000000 -0.70710000
vn -0.80320000 -0.00000000 -0.59570000
vn -0.00000000 1.00000000 -0.00000000
vn -0.77300000 -0.00000000 -0.63440000
vn -0.00000000 1.00000000 0.00090000
vn -0.00000000 1.00000000 -0.00000000
vn -0.74100000 -0.00000000 -0.67160000
vn 0.04910000 0.01240000 -0.99870000
vn 0.09800000 0.01240000 -0.99510000
vn 0.14670000 0.01230000 -0.98910000
vn 0.19500000 0.01220000 -0.98070000
vn 0.24290000 0.01210000 -0.97000000
vn 0.29020000 0.01190000 -0.95690000
vn 0.33680000 0.01170000 -0.94150000
vn 0.38260000 0.01150000 -0.92380000
vn 0.42740000 0.01130000 -0.90400000
vn 0.47130000 0.01100000 -0.88190000
vn 0.51400000 0.01070000 -0.85770000
vn 0.55540000 0.01040000 -0.83150000
vn 0.59560000 0.01000000 -0.80320000
vn 0.63430000 0.00960000 -0.77310000
vn 0.67140000 0.00920000 -0.74100000
vn 0.70700000 0.00880000 -0.70720000
vn 0.74080000 0.00840000 -0.67160000
vn 0.77290000 0.00790000 -0.63450000
vn 0.80310000 0.00740000 -0.59580000
vn 0.83140000 0.00690000 -0.55570000
vn 0.85760000 0.00640000 -0.51420000
vn 0.88180000 0.00590000 -0.47150000
vn 0.90390000 0.00530000 -0.42770000
vn 0.92380000 0.00480000 -0.38290000
vn 0.94150000 0.00420000 -0.33710000
vn 0.95690000 0.00360000 -0.29050000
vn 0.97000000 0.00300000 -0.24320000
vn 0.98070000 0.00240000 -0.19530000
vn 0.98910000 0.00180000 -0.14690000
vn 0.99520000 0.00120000 -0.09820000
vn 0.99880000 0.00060000 -0.04930000
vn 0.99880000 0.00060000 0.04930000
vn 0.04900000 0.04980000 -0.99760000
vn 0.09800000 0.04960000 -0.99400000
vn 0.04900000 0.09940000 -0.99380000
vn 0.14670000 0.04930000 -0.98800000
vn 0.09800000 0.09910000 -0.99020000
vn 0.19500000 0.04890000 -0.97960000
vn 0.04910000 0.14890000 -0.98760000
vn 0.14670000 0.09850000 -0.98430000
vn 0.24290000 0.04840000 -0.96880000
vn 0.09800000 0.14830000 -0.98410000
vn 0.19500000 0.09770000 -0.97590000
vn 0.29020000 0.04770000 -0.95580000
vn 0.04910000 0.19790000 -0.97900000
vn 0.14670000 0.14740000 -0.97810000
vn 0.24290000 0.09660000 -0.96520000
vn 0.33680000 0.04690000 -0.94040000
vn 0.09800000 0.19720000 -0.97550000
vn 0.19500000 0.14620000 -0.96980000
vn 0.29020000 0.09530000 -0.95220000
vn 0.38260000 0.04610000 -0.92280000
vn 0.04900000 0.24650000 -0.96790000
vn 0.14670000 0.19600000 -0.96960000
vn 0.24290000 0.14460000 -0.95920000
vn 0.33680000 0.09380000 -0.93690000
vn 0.42740000 0.04510000 -0.90290000
vn 0.09800000 0.24560000 -0.96440000
vn 0.19500000 0.19430000 -0.96140000
vn 0.29020000 0.14260000 -0.94630000
vn 0.38250000 0.09200000 -0.91930000
vn 0.47120000 0.04400000 -0.88090000
vn 0.04910000 0.29440000 -0.95440000
vn 0.14670000 0.24410000 -0.95860000
vn 0.24290000 0.19220000 -0.95080000
vn 0.33680000 0.14030000 -0.93110000
vn 0.42740000 0.09000000 -0.89960000
vn 0.51390000 0.04280000 -0.85680000
vn 0.09800000 0.29330000 -0.95100000
vn 0.19500000 0.24200000 -0.95050000
vn 0.29020000 0.18960000 -0.93800000
vn 0.38250000 0.13770000 -0.91360000
vn 0.47120000 0.08780000 -0.87760000
vn 0.04900000 0.34160000 -0.93860000
vn 0.55540000 0.04140000 -0.83050000
vn 0.14670000 0.29160000 -0.94520000
vn 0.24290000 0.23940000 -0.94010000
vn 0.33670000 0.18660000 -0.92290000
vn 0.42740000 0.13470000 -0.89400000
vn 0.51390000 0.08540000 -0.85360000
vn 0.09800000 0.34040000 -0.93520000
vn 0.59550000 0.04000000 -0.80230000
vn 0.19500000 0.28910000 -0.93720000
vn 0.29020000 0.23610000 -0.92740000
vn 0.38250000 0.18310000 -0.90560000
vn 0.47120000 0.13150000 -0.87220000
vn 0.04910000 0.38800000 -0.92040000
vn 0.55540000 0.08280000 -0.82750000
vn 0.14670000 0.33830000 -0.92950000
vn 0.63420000 0.03850000 -0.77220000
vn 0.24290000 0.28590000 -0.92700000
vn 0.33680000 0.23230000 -0.91250000
vn 0.42740000 0.17910000 -0.88610000
vn 0.51390000 0.12790000 -0.84830000
vn 0.09800000 0.38660000 -0.91700000
vn 0.59550000 0.08000000 -0.79930000
vn 0.19500000 0.33550000 -0.92160000
vn 0.67140000 0.03690000 -0.74020000
vn 0.29020000 0.28210000 -0.91450000
vn 0.38250000 0.22800000 -0.89540000
vn 0.47120000 0.17480000 -0.86450000
vn 0.04910000 0.43340000 -0.89990000
vn 0.55540000 0.12390000 -0.82230000
vn 0.14670000 0.38420000 -0.91150000
vn 0.63420000 0.07700000 -0.76930000
vn 0.24290000 0.33180000 -0.91160000
vn 0.70690000 0.03530000 -0.70640000
vn 0.33680000 0.27750000 -0.89980000
vn 0.42740000 0.22310000 -0.87610000
vn 0.51390000 0.17000000 -0.84080000
vn 0.09800000 0.43180000 -0.89660000
vn 0.59550000 0.11970000 -0.79440000
vn 0.19500000 0.38100000 -0.90380000
vn 0.67140000 0.07380000 -0.73740000
vn 0.29020000 0.32730000 -0.89930000
vn 0.74080000 0.03350000 -0.67090000
vn 0.38260000 0.27230000 -0.88290000
vn 0.47120000 0.21760000 -0.85470000
vn 0.04910000 0.47770000 -0.87720000
vn 0.55540000 0.16480000 -0.81510000
vn 0.14670000 0.42920000 -0.89120000
vn 0.63420000 0.11520000 -0.76450000
vn 0.24290000 0.37680000 -0.89390000
vn 0.70690000 0.07040000 -0.70380000
vn 0.33680000 0.32210000 -0.88480000
vn 0.77280000 0.03160000 -0.63380000
vn 0.42740000 0.26650000 -0.86390000
vn 0.51390000 0.21170000 -0.83130000
vn 0.09800000 0.47600000 -0.87400000
vn 0.59550000 0.15920000 -0.78740000
vn 0.19500000 0.42560000 -0.88370000
vn 0.67140000 0.11050000 -0.73290000
vn 0.29020000 0.37170000 -0.88180000
vn 0.74080000 0.06690000 -0.66840000
vn 0.38250000 0.31600000 -0.86820000
vn 0.80300000 0.02970000 -0.59520000
vn 0.47120000 0.26000000 -0.84280000
vn 0.04910000 0.52080000 -0.85230000
vn 0.55540000 0.20520000 -0.80590000
vn 0.14670000 0.47310000 -0.86870000
vn 0.63420000 0.15320000 -0.75780000
vn 0.24290000 0.42090000 -0.87400000
vn 0.70690000 0.10540000 -0.69940000
vn 0.33680000 0.36570000 -0.86770000
vn 0.77280000 0.06320000 -0.63150000
vn 0.42740000 0.30920000 -0.84950000
vn 0.83130000 0.02770000 -0.55510000
vn 0.51390000 0.25280000 -0.81970000
vn 0.09800000 0.51890000 -0.84920000
vn 0.59550000 0.19820000 -0.77850000
vn 0.19500000 0.46910000 -0.86140000
vn 0.67140000 0.14680000 -0.72640000
vn 0.29020000 0.41520000 -0.86220000
vn 0.74070000 0.10010000 -0.66430000
vn 0.38250000 0.35890000 -0.85140000
vn 0.80300000 0.05930000 -0.59300000
vn 0.47130000 0.30170000 -0.82880000
vn 0.85760000 0.02560000 -0.51370000
vn 0.04910000 0.56260000 -0.82520000
vn 0.55540000 0.24510000 -0.79460000
vn 0.14670000 0.51580000 -0.84410000
vn 0.63420000 0.19080000 -0.74930000
vn 0.24290000 0.46390000 -0.85190000
vn 0.70690000 0.14010000 -0.69330000
vn 0.33680000 0.40850000 -0.84830000
vn 0.77280000 0.09460000 -0.62750000
vn 0.42740000 0.35120000 -0.83310000
vn 0.83130000 0.05530000 -0.55310000
vn 0.51390000 0.29340000 -0.80610000
vn 0.88180000 0.02350000 -0.47110000
vn 0.09800000 0.56060000 -0.82230000
vn 0.59550000 0.23680000 -0.76770000
vn 0.19500000 0.51140000 -0.83690000
vn 0.67140000 0.18290000 -0.71820000
vn 0.29020000 0.45770000 -0.84040000
vn 0.74070000 0.13310000 -0.65850000
vn 0.38260000 0.40090000 -0.83240000
vn 0.80300000 0.08880000 -0.58930000
vn 0.47130000 0.34260000 -0.81270000
vn 0.85750000 0.05120000 -0.51190000
vn 0.04910000 0.60310000 -0.79620000
vn 0.55540000 0.28440000 -0.78140000
vn 0.90380000 0.02130000 -0.42730000
vn 0.14670000 0.55720000 -0.81730000
vn 0.63420000 0.22790000 -0.73880000
vn 0.24290000 0.50580000 -0.82770000
vn 0.70690000 0.17450000 -0.68540000
vn 0.33680000 0.45030000 -0.82690000
vn 0.77280000 0.12570000 -0.62200000
vn 0.42740000 0.39220000 -0.81460000
vn 0.83130000 0.08280000 -0.54960000
vn 0.51390000 0.33320000 -0.79050000
vn 0.88180000 0.04700000 -0.46940000
vn 0.09800000 0.60090000 -0.79330000
vn 0.59550000 0.27480000 -0.75490000
vn 0.92370000 0.01910000 -0.38250000
vn 0.19500000 0.55250000 -0.81040000
vn 0.67140000 0.21850000 -0.70820000
vn 0.29020000 0.49900000 -0.81660000
vn 0.74080000 0.16580000 -0.65100000
vn 0.38260000 0.44190000 -0.81140000
vn 0.80300000 0.11810000 -0.58410000
vn 0.47120000 0.38270000 -0.79470000
vn 0.85760000 0.07670000 -0.50860000
vn 0.04900000 0.64200000 -0.76510000
vn 0.55540000 0.32300000 -0.76630000
vn 0.90380000 0.04260000 -0.42570000
vn 0.14660000 0.59730000 -0.78850000
vn 0.63420000 0.26440000 -0.72650000
vn 0.94140000 0.01680000 -0.33680000
vn 0.24290000 0.54650000 -0.80150000
vn 0.70690000 0.20850000 -0.67590000
vn 0.33680000 0.49100000 -0.80340000
vn 0.77280000 0.15660000 -0.61500000
vn 0.42740000 0.43240000 -0.79400000
vn 0.83130000 0.11010000 -0.54480000
vn 0.51390000 0.37220000 -0.77290000
vn 0.88180000 0.07030000 -0.46640000
vn 0.09800000 0.63970000 -0.76230000
vn 0.59550000 0.31200000 -0.74030000
vn 0.92370000 0.03810000 -0.38110000
vn 0.19500000 0.59220000 -0.78180000
vn 0.67140000 0.25350000 -0.69640000
vn 0.95680000 0.01450000 -0.29030000
vn 0.29020000 0.53910000 -0.79070000
vn 0.74070000 0.19800000 -0.64190000
vn 0.38250000 0.48180000 -0.78840000
vn 0.80300000 0.14710000 -0.57750000
vn 0.47120000 0.42180000 -0.77460000
vn 0.85760000 0.10190000 -0.50420000
vn 0.04900000 0.67930000 -0.73220000
vn 0.55540000 0.36080000 -0.74920000
vn 0.90380000 0.06380000 -0.42310000
vn 0.14670000 0.63580000 -0.75780000
vn 0.63420000 0.30030000 -0.71250000
vn 0.94140000 0.03360000 -0.33560000
vn 0.24290000 0.58570000 -0.77330000
vn 0.70690000 0.24190000 -0.66470000
vn 0.96990000 0.01210000 -0.24300000
vn 0.33680000 0.53040000 -0.77800000
vn 0.77280000 0.18710000 -0.60640000
vn 0.42740000 0.47140000 -0.77140000
vn 0.83130000 0.13720000 -0.53860000
vn 0.51390000 0.41030000 -0.75340000
vn 0.88180000 0.09350000 -0.46230000
vn 0.09800000 0.67690000 -0.72950000
vn 0.59550000 0.34860000 -0.72380000
vn 0.92370000 0.05710000 -0.37870000
vn 0.19500000 0.63040000 -0.75130000
vn 0.67140000 0.28790000 -0.68290000
vn 0.95680000 0.02890000 -0.28920000
vn 0.29020000 0.57780000 -0.76280000
vn 0.74070000 0.22980000 -0.63130000
vn 0.98070000 0.00970000 -0.19520000
vn 0.38250000 0.52050000 -0.76340000
vn 0.80300000 0.17560000 -0.56950000
vn 0.47120000 0.45990000 -0.75260000
vn 0.85760000 0.12690000 -0.49850000
vn 0.04900000 0.71500000 -0.69740000
vn 0.55540000 0.39770000 -0.73030000
vn 0.90380000 0.08480000 -0.41940000
vn 0.14670000 0.67280000 -0.72510000
vn 0.63420000 0.33550000 -0.69660000
vn 0.94140000 0.05030000 -0.33350000
vn 0.24290000 0.62350000 -0.74310000
vn 0.70690000 0.27480000 -0.65180000
vn 0.96990000 0.02420000 -0.24210000
vn 0.33680000 0.56850000 -0.75060000
vn 0.77280000 0.21710000 -0.59640000
vn 0.98910000 0.00730000 -0.14690000
vn 0.42740000 0.50930000 -0.74700000
vn 0.83130000 0.16380000 -0.53120000
vn 0.51390000 0.44730000 -0.73200000
vn 0.88180000 0.11640000 -0.45710000
vn 0.09800000 0.71240000 -0.69490000
vn 0.59550000 0.38420000 -0.70550000
vn 0.92370000 0.07590000 -0.37540000
vn 0.19500000 0.66710000 -0.71900000
vn 0.67140000 0.32160000 -0.66770000
vn 0.95680000 0.04330000 -0.28740000
vn 0.29020000 0.61510000 -0.73310000
vn 0.74080000 0.26090000 -0.61900000
vn 0.98070000 0.01950000 -0.19450000
vn 0.38250000 0.55790000 -0.73650000
vn 0.80300000 0.20380000 -0.56000000
vn 0.99510000 0.00490000 -0.09830000
vn 0.47120000 0.49680000 -0.72870000
vn 0.85760000 0.15160000 -0.49150000
vn 0.04910000 0.74890000 -0.66090000
vn 0.55540000 0.43360000 -0.70960000
vn 0.90380000 0.10560000 -0.41460000
vn 0.14670000 0.70810000 -0.69070000
vn 0.63420000 0.36980000 -0.67900000
vn 0.94140000 0.06680000 -0.33050000
vn 0.24290000 0.65980000 -0.71110000
vn 0.70690000 0.30690000 -0.63730000
vn 0.96990000 0.03630000 -0.24060000
vn 0.33680000 0.60530000 -0.72130000
vn 0.77280000 0.24650000 -0.58480000
vn 0.98910000 0.01460000 -0.14640000
vn 0.42740000 0.54590000 -0.72070000
vn 0.83130000 0.19010000 -0.52230000
vn 0.99880000 0.00250000 -0.04940000
vn 0.51390000 0.48320000 -0.70880000
vn 0.88180000 0.13900000 -0.45070000
vn 0.09800000 0.74620000 -0.65850000
vn 0.59550000 0.41890000 -0.68550000
vn 0.92370000 0.09450000 -0.37120000
vn 0.19500000 0.70210000 -0.68480000
vn 0.67140000 0.35440000 -0.65090000
vn 0.95680000 0.05760000 -0.28490000
vn 0.29020000 0.65090000 -0.70150000
vn 0.74080000 0.29150000 -0.60520000
vn 0.98070000 0.02910000 -0.19330000
vn 0.38260000 0.59390000 -0.70780000
vn 0.80300000 0.23150000 -0.54910000
vn 0.99510000 0.00980000 -0.09790000
vn 0.47120000 0.53260000 -0.70310000
vn 0.85760000 0.17590000 -0.48340000
vn 0.04900000 0.78090000 -0.62270000
vn 0.55540000 0.46850000 -0.68710000
vn 0.90380000 0.12610000 -0.40890000
vn 0.14660000 0.74170000 -0.65450000
vn 0.63420000 0.40320000 -0.65970000
vn 0.94140000 0.08320000 -0.32680000
vn 0.24290000 0.69440000 -0.67730000
vn 0.70690000 0.33830000 -0.62120000
vn 0.96990000 0.04820000 -0.23850000
vn 0.33680000 0.64040000 -0.69020000
vn 0.77280000 0.27530000 -0.57180000
vn 0.98910000 0.02190000 -0.14550000
vn 0.42740000 0.58110000 -0.69250000
vn 0.83130000 0.21590000 -0.51220000
vn 0.99880000 0.00490000 -0.04920000
vn 0.51390000 0.51800000 -0.68380000
vn 0.88180000 0.16130000 -0.44320000
vn 0.09800000 0.77810000 -0.62050000
vn 0.59550000 0.45260000 -0.66370000
vn 0.92370000 0.11290000 -0.36600000
vn 0.19500000 0.73540000 -0.64900000
vn 0.67140000 0.38650000 -0.63240000
vn 0.95680000 0.07170000 -0.28170000
vn 0.29020000 0.68510000 -0.66820000
vn 0.74080000 0.32130000 -0.59000000
vn 0.98070000 0.03870000 -0.19160000
vn 0.38250000 0.62840000 -0.67730000
vn 0.80300000 0.25860000 -0.53690000
vn 0.99510000 0.01470000 -0.09730000
vn 0.47120000 0.56690000 -0.67570000
vn 0.85750000 0.19980000 -0.47400000
vn 0.04900000 0.81100000 -0.58300000
vn 0.55540000 0.50210000 -0.66290000
vn 0.90380000 0.14630000 -0.40210000
vn 0.14670000 0.77340000 -0.61680000
vn 0.63420000 0.43550000 -0.63880000
vn 0.94140000 0.09940000 -0.32220000
vn 0.24290000 0.72730000 -0.64190000
vn 0.70690000 0.36880000 -0.60350000
vn 0.96990000 0.06000000 -0.23580000
vn 0.33680000 0.67400000 -0.65750000
vn 0.77280000 0.30350000 -0.55730000
vn 0.98910000 0.02920000 -0.14420000
vn 0.42740000 0.61490000 -0.66270000
vn 0.83130000 0.24120000 -0.50080000
vn 0.99880000 0.00740000 -0.04890000
vn 0.51390000 0.55140000 -0.65710000
vn 0.88180000 0.18320000 -0.43470000
vn 0.09790000 0.80800000 -0.58090000
vn 0.59550000 0.48510000 -0.64040000
vn 0.92370000 0.13100000 -0.35990000
vn 0.19500000 0.76680000 -0.61150000
vn 0.67140000 0.41750000 -0.61240000
vn 0.95680000 0.08570000 -0.27770000
vn 0.29020000 0.71750000 -0.63320000
vn 0.74080000 0.35030000 -0.57320000
vn 0.98070000 0.04820000 -0.18940000
vn 0.38250000 0.66140000 -0.64510000
vn 0.80300000 0.28500000 -0.52340000
vn 0.99510000 0.01950000 -0.09650000
vn 0.47120000 0.59990000 -0.64650000
vn 0.85760000 0.22320000 -0.46340000
vn 0.04900000 0.83900000 -0.54190000
vn 0.55540000 0.53450000 -0.63700000
vn 0.90380000 0.16620000 -0.39430000
vn 0.14670000 0.80320000 -0.57740000
vn 0.63420000 0.46680000 -0.61630000
vn 0.94140000 0.11530000 -0.31690000
vn 0.24290000 0.75840000 -0.60480000
vn 0.70690000 0.39840000 -0.58440000
vn 0.96990000 0.07170000 -0.23250000
vn 0.33680000 0.70600000 -0.62300000
vn 0.77280000 0.33090000 -0.54150000
vn 0.98910000 0.03630000 -0.14260000
vn 0.42740000 0.64720000 -0.63120000
vn 0.83130000 0.26580000 -0.48820000
vn 0.99880000 0.00980000 -0.04850000
vn 0.51390000 0.58350000 -0.62880000
vn 0.88180000 0.20470000 -0.42500000
vn 0.09800000 0.83600000 -0.53990000
vn 0.59550000 0.51640000 -0.61540000
vn 0.92370000 0.14880000 -0.35300000
vn 0.19500000 0.79640000 -0.57250000
vn 0.67140000 0.44750000 -0.59080000
vn 0.95680000 0.09940000 -0.27310000
vn 0.29010000 0.74820000 -0.59670000
vn 0.74070000 0.37840000 -0.55510000
vn 0.98070000 0.05760000 -0.18680000
vn 0.38250000 0.69270000 -0.61140000
vn 0.80300000 0.31080000 -0.50850000
vn 0.99510000 0.02430000 -0.09540000
vn 0.47120000 0.63140000 -0.61580000
vn 0.85760000 0.24600000 -0.45180000
vn 0.04910000 0.86500000 -0.49940000
vn 0.55540000 0.56560000 -0.60960000
vn 0.90380000 0.18560000 -0.38550000
vn 0.14670000 0.83090000 -0.53670000
vn 0.63420000 0.49700000 -0.59230000
vn 0.94140000 0.13100000 -0.31080000
vn 0.24290000 0.78760000 -0.56630000
vn 0.70690000 0.42710000 -0.56380000
vn 0.96990000 0.08320000 -0.22870000
vn 0.33680000 0.73620000 -0.58710000
vn 0.77280000 0.35750000 -0.52440000
vn 0.98910000 0.04340000 -0.14060000
vn 0.42740000 0.67780000 -0.59820000
vn 0.83130000 0.28980000 -0.47430000
vn 0.99880000 0.01220000 -0.04790000
vn 0.51390000 0.61410000 -0.59900000
vn 0.88180000 0.22560000 -0.41430000
vn 0.09800000 0.86180000 -0.49760000
vn 0.59550000 0.54640000 -0.58890000
vn 0.92370000 0.16620000 -0.34510000
vn 0.19500000 0.82390000 -0.53210000
vn 0.67130000 0.47640000 -0.56780000
vn 0.95680000 0.11290000 -0.26780000
vn 0.29020000 0.77700000 -0.55870000
vn 0.74080000 0.40560000 -0.53550000
vn 0.98070000 0.06690000 -0.18370000
vn 0.38250000 0.72230000 -0.57610000
vn 0.80300000 0.33570000 -0.49240000
vn 0.99510000 0.02900000 -0.09400000
vn 0.47120000 0.66130000 -0.58360000
vn 0.85760000 0.26820000 -0.43890000
vn 0.04910000 0.88880000 -0.45560000
vn 0.55540000 0.59530000 -0.58060000
vn 0.90380000 0.20460000 -0.37580000
vn 0.14670000 0.85660000 -0.49460000
vn 0.63420000 0.52590000 -0.56670000
vn 0.94140000 0.14630000 -0.30380000
vn 0.24290000 0.81490000 -0.52630000
vn 0.70690000 0.45460000 -0.54180000
vn 0.96990000 0.09450000 -0.22420000
vn 0.33680000 0.76450000 -0.54970000
vn 0.77280000 0.38320000 -0.50590000
vn 0.98910000 0.05030000 -0.13820000
vn 0.42740000 0.70680000 -0.56370000
vn 0.83130000 0.31310000 -0.45930000
vn 0.99880000 0.01460000 -0.04730000
vn 0.51390000 0.64320000 -0.56760000
vn 0.88180000 0.24600000 -0.40250000
vn 0.09800000 0.88560000 -0.45400000
vn 0.59550000 0.57510000 -0.56090000
vn 0.92380000 0.18320000 -0.33630000
vn 0.19500000 0.84940000 -0.49040000
vn 0.67140000 0.50410000 -0.54330000
vn 0.95680000 0.12610000 -0.26180000
vn 0.29010000 0.80390000 -0.51920000
vn 0.74080000 0.43180000 -0.51460000
vn 0.98070000 0.07590000 -0.18010000
vn 0.38260000 0.75020000 -0.53930000
vn 0.80300000 0.35980000 -0.47500000
vn 0.99510000 0.03370000 -0.09250000
vn 0.47120000 0.68960000 -0.54990000
vn 0.85750000 0.28980000 -0.42500000
vn 0.04910000 0.91040000 -0.41080000
vn 0.55540000 0.62350000 -0.55030000
vn 0.90380000 0.22310000 -0.36510000
vn 0.14670000 0.88030000 -0.45130000
vn 0.63420000 0.55350000 -0.53980000
vn 0.94140000 0.16130000 -0.29620000
vn 0.24290000 0.84010000 -0.48500000
vn 0.70690000 0.48110000 -0.51850000
vn 0.96990000 0.10560000 -0.21920000
vn 0.33680000 0.79100000 -0.51080000
vn 0.77280000 0.40790000 -0.48620000
vn 0.98910000 0.05710000 -0.13560000
vn 0.42740000 0.73400000 -0.52780000
vn 0.83130000 0.33560000 -0.44310000
vn 0.99880000 0.01690000 -0.04650000
vn 0.51390000 0.67070000 -0.53490000
vn 0.88180000 0.26570000 -0.38970000
vn 0.09800000 0.90710000 -0.40930000
vn 0.59550000 0.60230000 -0.53160000
vn 0.92370000 0.19970000 -0.32680000
vn 0.19500000 0.87280000 -0.44750000
vn 0.67140000 0.53050000 -0.51750000
vn 0.95680000 0.13900000 -0.25520000
vn 0.29020000 0.82880000 -0.47850000
vn 0.74080000 0.45690000 -0.49240000
vn 0.98070000 0.08480000 -0.17610000
vn 0.38260000 0.77610000 -0.50120000
vn 0.80300000 0.38310000 -0.45650000
vn 0.99510000 0.03820000 -0.09070000
vn 0.47120000 0.71610000 -0.51490000
vn 0.85760000 0.31060000 -0.41000000
vn 0.04910000 0.92980000 -0.36490000
vn 0.55540000 0.65020000 -0.51850000
vn 0.90390000 0.24100000 -0.35350000
vn 0.14670000 0.90170000 -0.40680000
vn 0.63420000 0.57970000 -0.51160000
vn 0.94140000 0.17580000 -0.28780000
vn 0.24290000 0.86320000 -0.44260000
vn 0.70690000 0.50630000 -0.49390000
vn 0.96990000 0.11640000 -0.21370000
vn 0.33670000 0.81540000 -0.47080000
vn 0.77280000 0.43170000 -0.46520000
vn 0.98910000 0.06380000 -0.13250000
vn 0.42740000 0.75940000 -0.49050000
vn 0.83130000 0.35730000 -0.42580000
vn 0.99880000 0.01920000 -0.04560000
vn 0.51390000 0.69650000 -0.50080000
vn 0.88180000 0.28480000 -0.37600000
vn 0.09800000 0.92640000 -0.36360000
vn 0.59550000 0.62810000 -0.50080000
vn 0.92370000 0.21580000 -0.31650000
vn 0.19510000 0.89400000 -0.40340000
vn 0.67140000 0.55570000 -0.49040000
vn 0.95680000 0.15150000 -0.24800000
vn 0.29020000 0.85160000 -0.43660000
vn 0.74080000 0.48090000 -0.46910000
vn 0.98070000 0.09350000 -0.17170000
vn 0.38250000 0.80020000 -0.46200000
vn 0.80300000 0.40540000 -0.43690000
vn 0.99510000 0.04270000 -0.08870000
vn 0.47120000 0.74090000 -0.47850000
vn 0.85760000 0.33060000 -0.39400000
vn 0.04900000 0.94680000 -0.31820000
vn 0.55540000 0.67520000 -0.48540000
vn 0.90380000 0.25830000 -0.34110000
vn 0.14660000 0.92080000 -0.36140000
vn 0.63420000 0.60450000 -0.48200000
vn 0.94140000 0.19000000 -0.27860000
vn 0.24280000 0.88420000 -0.39900000
vn 0.70690000 0.53030000 -0.46800000
vn 0.96990000 0.12690000 -0.20770000
vn 0.33680000 0.83790000 -0.42960000
vn 0.77280000 0.45430000 -0.44310000
vn 0.98910000 0.07040000 -0.12920000
vn 0.42740000 0.78290000 -0.45200000
vn 0.83130000 0.37810000 -0.40750000
vn 0.99880000 0.02150000 -0.04460000
vn 0.51390000 0.72060000 -0.46540000
vn 0.88180000 0.30320000 -0.36130000
vn 0.09790000 0.94340000 -0.31700000
vn 0.59550000 0.65230000 -0.46900000
vn 0.92370000 0.23130000 -0.30530000
vn 0.19500000 0.91300000 -0.35830000
vn 0.67140000 0.57940000 -0.46210000
vn 0.95680000 0.16370000 -0.24010000
vn 0.29020000 0.87230000 -0.39360000
vn 0.74080000 0.50370000 -0.44450000
vn 0.98070000 0.10190000 -0.16680000
vn 0.38250000 0.82220000 -0.42150000
vn 0.80300000 0.42660000 -0.41610000
vn 0.99510000 0.04710000 -0.08640000
vn 0.47120000 0.76390000 -0.44100000
vn 0.85750000 0.34990000 -0.37710000
vn 0.04900000 0.96150000 -0.27050000
vn 0.55540000 0.69860000 -0.45120000
vn 0.90380000 0.27500000 -0.32770000
vn 0.14670000 0.93770000 -0.31500000
vn 0.63420000 0.62780000 -0.45140000
vn 0.94140000 0.20360000 -0.26880000
vn 0.24290000 0.90300000 -0.35440000
vn 0.70690000 0.55300000 -0.44100000
vn 0.96990000 0.13710000 -0.20110000
vn 0.33680000 0.85830000 -0.38730000
vn 0.77280000 0.47580000 -0.41990000
vn 0.98910000 0.07670000 -0.12550000
vn 0.42740000 0.80450000 -0.41240000
vn 0.83130000 0.39790000 -0.38810000
vn 0.99880000 0.02370000 -0.04340000
vn 0.51390000 0.74290000 -0.42890000
vn 0.88180000 0.32080000 -0.34580000
vn 0.09800000 0.95800000 -0.26950000
vn 0.59550000 0.67480000 -0.43580000
vn 0.92370000 0.24620000 -0.29340000
vn 0.19510000 0.92970000 -0.31240000
vn 0.67140000 0.60170000 -0.43260000
vn 0.95680000 0.17550000 -0.23170000
vn 0.29020000 0.89080000 -0.34960000
vn 0.74080000 0.52520000 -0.41880000
vn 0.98070000 0.11010000 -0.16150000
vn 0.38250000 0.84220000 -0.38000000
vn 0.80300000 0.44680000 -0.39430000
vn 0.99510000 0.05130000 -0.08400000
vn 0.47120000 0.78490000 -0.40240000
vn 0.85760000 0.36820000 -0.35920000
vn 0.04910000 0.97370000 -0.22230000
vn 0.55540000 0.72020000 -0.41580000
vn 0.90380000 0.29100000 -0.31360000
vn 0.14660000 0.95220000 -0.26790000
vn 0.63420000 0.64950000 -0.41950000
vn 0.94140000 0.21680000 -0.25830000
vn 0.24290000 0.91960000 -0.30890000
vn 0.70690000 0.57430000 -0.41290000
vn 0.96990000 0.14690000 -0.19400000
vn 0.33680000 0.87650000 -0.34400000
vn 0.77280000 0.49620000 -0.39570000
vn 0.98910000 0.08290000 -0.12160000
vn 0.42740000 0.82410000 -0.37180000
vn 0.83130000 0.41680000 -0.36780000
vn 0.99880000 0.02580000 -0.04220000
vn 0.51400000 0.76330000 -0.39140000
vn 0.88180000 0.33770000 -0.32940000
vn 0.09800000 0.97020000 -0.22150000
vn 0.59550000 0.69570000 -0.40170000
vn 0.92370000 0.26050000 -0.28080000
vn 0.19500000 0.94410000 -0.26560000
vn 0.67140000 0.62260000 -0.40210000
vn 0.95680000 0.18680000 -0.22260000
vn 0.29020000 0.90710000 -0.30480000
vn 0.74080000 0.54540000 -0.39210000
vn 0.98070000 0.11800000 -0.15580000
vn 0.38260000 0.86010000 -0.33750000
vn 0.80300000 0.46590000 -0.37150000
vn 0.99510000 0.05540000 -0.08130000
vn 0.47120000 0.80400000 -0.36280000
vn 0.85760000 0.38570000 -0.34040000
vn 0.04900000 0.98360000 -0.17340000
vn 0.55540000 0.74000000 -0.37930000
vn 0.90380000 0.30630000 -0.29880000
vn 0.14670000 0.96440000 -0.22010000
vn 0.63420000 0.66960000 -0.38650000
vn 0.94140000 0.22940000 -0.24720000
vn 0.24290000 0.93380000 -0.26270000
vn 0.70690000 0.59410000 -0.38380000
vn 0.96990000 0.15640000 -0.18640000
vn 0.33670000 0.89260000 -0.29990000
vn 0.77280000 0.51530000 -0.37050000
vn 0.98910000 0.08880000 -0.11730000
vn 0.42740000 0.84160000 -0.33030000
vn 0.83130000 0.43460000 -0.34650000
vn 0.99880000 0.02790000 -0.04090000
vn 0.51400000 0.78190000 -0.35280000
vn 0.88180000 0.35370000 -0.31210000
vn 0.09800000 0.98010000 -0.17280000
vn 0.59550000 0.71490000 -0.36650000
vn 0.92370000 0.27420000 -0.26740000
vn 0.19500000 0.95620000 -0.21820000
vn 0.67140000 0.64190000 -0.37050000
vn 0.95680000 0.19770000 -0.21310000
vn 0.29020000 0.92120000 -0.25920000
vn 0.74080000 0.56430000 -0.36450000
vn 0.98070000 0.12560000 -0.14970000
vn 0.38250000 0.87580000 -0.29430000
vn 0.80300000 0.48390000 -0.34790000
vn 0.99510000 0.05940000 -0.07840000
vn 0.47120000 0.82100000 -0.32220000
vn 0.85750000 0.40220000 -0.32070000
vn 0.04900000 0.99100000 -0.12430000
vn 0.55540000 0.75800000 -0.34200000
vn 0.90380000 0.32080000 -0.28310000
vn 0.14670000 0.97410000 -0.17180000
vn 0.63420000 0.68800000 -0.35280000
vn 0.94140000 0.24140000 -0.23550000
vn 0.24290000 0.94570000 -0.21590000
vn 0.70690000 0.61250000 -0.35370000
vn 0.96990000 0.16550000 -0.17840000
vn 0.33680000 0.90640000 -0.25500000
vn 0.77280000 0.53310000 -0.34430000
vn 0.98910000 0.09460000 -0.11270000
vn 0.42740000 0.85700000 -0.28790000
vn 0.83130000 0.45130000 -0.32450000
vn 0.99880000 0.02990000 -0.03940000
vn 0.51390000 0.79850000 -0.31340000
vn 0.88180000 0.36880000 -0.29410000
vn 0.09800000 0.98750000 -0.12380000
vn 0.59550000 0.73230000 -0.33040000
vn 0.92370000 0.28720000 -0.25340000
vn 0.19500000 0.96590000 -0.17030000
vn 0.67140000 0.65950000 -0.33810000
vn 0.95680000 0.20810000 -0.20290000
vn 0.29020000 0.93300000 -0.21290000
vn 0.74080000 0.58180000 -0.33590000
vn 0.98070000 0.13290000 -0.14330000
vn 0.38260000 0.88940000 -0.25020000
vn 0.80300000 0.50060000 -0.32330000
vn 0.99510000 0.06330000 -0.07540000
vn 0.47120000 0.83610000 -0.28090000
vn 0.85760000 0.41770000 -0.30030000
vn 0.04910000 0.99600000 -0.07460000
vn 0.55540000 0.77410000 -0.30380000
vn 0.90380000 0.33450000 -0.26680000
vn 0.14670000 0.98150000 -0.12300000
vn 0.63420000 0.70470000 -0.31800000
vn 0.94140000 0.25280000 -0.22320000
vn 0.24290000 0.95530000 -0.16840000
vn 0.70690000 0.62940000 -0.32270000
vn 0.96990000 0.17420000 -0.16990000
vn 0.33670000 0.91800000 -0.20950000
vn 0.77280000 0.54960000 -0.31730000
vn 0.98910000 0.10010000 -0.10780000
vn 0.42740000 0.87030000 -0.24480000
vn 0.83130000 0.46690000 -0.30160000
vn 0.99880000 0.03180000 -0.03790000
vn 0.51400000 0.81310000 -0.27320000
vn 0.88180000 0.38300000 -0.27540000
vn 0.09800000 0.99240000 -0.07430000
vn 0.59550000 0.74780000 -0.29350000
vn 0.92380000 0.29950000 -0.23880000
vn 0.19500000 0.97320000 -0.12200000
vn 0.67130000 0.67560000 -0.30480000
vn 0.95680000 0.21790000 -0.19230000
vn 0.29020000 0.94240000 -0.16620000
vn 0.74080000 0.59780000 -0.30640000
vn 0.98070000 0.13990000 -0.13650000
vn 0.38250000 0.90080000 -0.20560000
vn 0.80300000 0.51610000 -0.29800000
vn 0.99510000 0.06690000 -0.07210000
vn 0.47120000 0.84900000 -0.23890000
vn 0.85760000 0.43210000 -0.27910000
vn 0.04910000 0.99850000 -0.02490000
vn 0.55540000 0.78830000 -0.26480000
vn 0.90380000 0.34740000 -0.24980000
vn 0.14660000 0.98640000 -0.07390000
vn 0.63420000 0.71970000 -0.28250000
vn 0.94140000 0.26370000 -0.21030000
vn 0.24290000 0.96250000 -0.12060000
vn 0.70690000 0.64470000 -0.29090000
vn 0.96990000 0.18250000 -0.16100000
vn 0.33680000 0.92730000 -0.16350000
vn 0.77280000 0.56470000 -0.28950000
vn 0.98910000 0.10530000 -0.10270000
vn 0.42740000 0.88140000 -0.20120000
vn 0.83130000 0.48140000 -0.27790000
vn 0.99880000 0.03360000 -0.03630000
vn 0.51390000 0.82570000 -0.23240000
vn 0.88180000 0.39620000 -0.25590000
vn 0.09800000 0.99490000 -0.02480000
vn 0.59550000 0.76150000 -0.25590000
vn 0.92370000 0.31100000 -0.22360000
vn 0.19500000 0.97810000 -0.07330000
vn 0.67130000 0.68990000 -0.27080000
vn 0.95680000 0.22720000 -0.18120000
vn 0.29010000 0.94960000 -0.11890000
vn 0.74080000 0.61230000 -0.27630000
vn 0.98070000 0.14660000 -0.12930000
vn 0.38260000 0.90990000 -0.16040000
vn 0.80300000 0.53030000 -0.27190000
vn 0.99510000 0.07040000 -0.06870000
vn 0.47120000 0.85990000 -0.19630000
vn 0.85760000 0.44550000 -0.25720000
vn 0.04910000 0.99850000 0.02490000
vn 0.55540000 0.80050000 -0.22530000
vn 0.90380000 0.35940000 -0.23210000
vn 0.14660000 0.98890000 -0.02460000
vn 0.63420000 0.73290000 -0.24630000
vn 0.94140000 0.27380000 -0.19690000
vn 0.24290000 0.96730000 -0.07250000
vn 0.70690000 0.65840000 -0.25840000
vn 0.96990000 0.19030000 -0.15170000
vn 0.33670000 0.93430000 -0.11710000
vn 0.77280000 0.57850000 -0.26100000
vn 0.98910000 0.11030000 -0.09730000
vn 0.42740000 0.89030000 -0.15700000
vn 0.83130000 0.49460000 -0.25360000
vn 0.99880000 0.03540000 -0.03450000
vn 0.51390000 0.83630000 -0.19080000
vn 0.88180000 0.40850000 -0.23590000
vn 0.09800000 0.99490000 0.02480000
vn 0.59550000 0.77340000 -0.21760000
vn 0.92370000 0.32180000 -0.20780000
vn 0.19510000 0.98050000 -0.02450000
vn 0.67140000 0.70250000 -0.23610000
vn 0.95680000 0.23600000 -0.16970000
vn 0.29020000 0.95430000 -0.07150000
vn 0.74080000 0.62530000 -0.24540000
vn 0.98070000 0.15280000 -0.12190000
vn 0.38260000 0.91670000 -0.11490000
vn 0.80300000 0.54320000 -0.24510000
vn 0.99510000 0.07380000 -0.06510000
vn 0.47120000 0.86860000 -0.15310000
vn 0.85760000 0.45770000 -0.23470000
vn 0.04910000 0.99600000 0.07460000
vn 0.55540000 0.81070000 -0.18510000
vn 0.90380000 0.37050000 -0.21390000
vn 0.14660000 0.98890000 0.02460000
vn 0.63420000 0.74430000 -0.20940000
vn 0.94140000 0.28330000 -0.18300000
vn 0.24290000 0.96970000 -0.02420000
vn 0.70690000 0.67050000 -0.22530000
vn 0.96990000 0.19760000 -0.14210000
vn 0.33670000 0.93900000 -0.07040000
vn 0.77280000 0.59080000 -0.23190000
vn 0.98910000 0.11500000 -0.09170000
vn 0.42740000 0.89700000 -0.11240000
vn 0.83130000 0.50660000 -0.22860000
vn 0.99880000 0.03710000 -0.03270000
vn 0.51400000 0.84480000 -0.14900000
vn 0.88180000 0.41970000 -0.21520000
vn 0.09800000 0.99240000 0.07430000
vn 0.59550000 0.78320000 -0.17880000
vn 0.92370000 0.33170000 -0.19150000
vn 0.19510000 0.98050000 0.02440000
vn 0.67140000 0.71340000 -0.20070000
vn 0.95680000 0.24410000 -0.15770000
vn 0.29020000 0.95670000 -0.02380000
vn 0.74080000 0.63680000 -0.21400000
vn 0.98070000 0.15870000 -0.11410000
vn 0.38250000 0.92140000 -0.06900000
vn 0.80300000 0.55480000 -0.21770000
vn 0.99510000 0.07690000 -0.06140000
vn 0.47120000 0.87520000 -0.10970000
vn 0.85760000 0.46890000 -0.21150000
vn 0.04900000 0.99100000 0.12430000
vn 0.55540000 0.81890000 -0.14440000
vn 0.90380000 0.38070000 -0.19520000
vn 0.14660000 0.98640000 0.07400000
vn 0.63420000 0.75380000 -0.17200000
vn 0.94140000 0.29210000 -0.16860000
vn 0.24290000 0.96970000 0.02420000
vn 0.70690000 0.68090000 -0.19150000
vn 0.96990000 0.20440000 -0.13200000
vn 0.33680000 0.94130000 -0.02350000
vn 0.77280000 0.60160000 -0.20210000
vn 0.98910000 0.11950000 -0.08590000
vn 0.42740000 0.90150000 -0.06760000
vn 0.83130000 0.51740000 -0.20310000
vn 0.99880000 0.03870000 -0.03080000
vn 0.51400000 0.85120000 -0.10660000
vn 0.88180000 0.42990000 -0.19400000
vn 0.09800000 0.98750000 0.12380000
vn 0.59550000 0.79120000 -0.13950000
vn 0.92370000 0.34090000 -0.17470000
vn 0.19500000 0.97810000 0.07330000
vn 0.67140000 0.72250000 -0.16490000
vn 0.95680000 0.25170000 -0.14530000
vn 0.29020000 0.95670000 0.02390000
vn 0.74080000 0.64670000 -0.18200000
vn 0.98070000 0.16420000 -0.10610000
vn 0.38250000 0.92370000 -0.02300000
vn 0.80300000 0.56490000 -0.18980000
vn 0.99510000 0.07990000 -0.05740000
vn 0.47130000 0.87950000 -0.06590000
vn 0.85760000 0.47880000 -0.18790000
vn 0.04900000 0.98360000 0.17340000
vn 0.55540000 0.82510000 -0.10340000
vn 0.90380000 0.39000000 -0.17600000
vn 0.14670000 0.98150000 0.12300000
vn 0.63420000 0.76140000 -0.13420000
vn 0.94140000 0.30010000 -0.15380000
vn 0.24290000 0.96730000 0.07250000
vn 0.70690000 0.68960000 -0.15740000
vn 0.96990000 0.21070000 -0.12170000
vn 0.33680000 0.94130000 0.02350000
vn 0.77280000 0.61090000 -0.17190000
vn 0.98910000 0.12360000 -0.07980000
vn 0.42740000 0.90380000 -0.02250000
vn 0.83130000 0.52690000 -0.17710000
vn 0.99880000 0.04020000 -0.02890000
vn 0.51400000 0.85540000 -0.06410000
vn 0.88170000 0.43910000 -0.17230000
vn 0.09800000 0.98010000 0.17280000
vn 0.59550000 0.79710000 -0.09990000
vn 0.92370000 0.34910000 -0.15750000
vn 0.19500000 0.97320000 0.12200000
vn 0.67140000 0.72990000 -0.12870000
vn 0.95680000 0.25860000 -0.13260000
vn 0.29020000 0.95430000 0.07150000
vn 0.74080000 0.65490000 -0.14950000
vn 0.98070000 0.16930000 -0.09770000
vn 0.38250000 0.92370000 0.02310000
vn 0.80300000 0.57370000 -0.16140000
vn 0.99510000 0.08270000 -0.05340000
vn 0.47120000 0.88170000 -0.02200000
vn 0.85760000 0.48760000 -0.16380000
vn 0.04910000 0.97370000 0.22230000
vn 0.55540000 0.82920000 -0.06220000
vn 0.90380000 0.39830000 -0.15630000
vn 0.14670000 0.97420000 0.17170000
vn 0.63420000 0.76720000 -0.09620000
vn 0.94140000 0.30740000 -0.13870000
vn 0.24290000 0.96250000 0.12060000
vn 0.70690000 0.69660000 -0.12280000
vn 0.96990000 0.21660000 -0.11100000
vn 0.33680000 0.93900000 0.07030000
vn 0.77280000 0.61870000 -0.14120000
vn 0.98910000 0.12740000 -0.07350000
vn 0.42740000 0.90380000 0.02250000
vn 0.83130000 0.53510000 -0.15050000
vn 0.99880000 0.04150000 -0.02680000
vn 0.51390000 0.85760000 -0.02140000
vn 0.88180000 0.44710000 -0.15030000
vn 0.09800000 0.97020000 0.22150000
vn 0.59550000 0.80110000 -0.06010000
vn 0.92370000 0.35650000 -0.13990000
vn 0.19500000 0.96590000 0.17030000
vn 0.67130000 0.73540000 -0.09220000
vn 0.95680000 0.26490000 -0.11950000
vn 0.29020000 0.94960000 0.11900000
vn 0.74070000 0.66160000 -0.11660000
vn 0.98070000 0.17390000 -0.08920000
vn 0.38250000 0.92140000 0.06900000
vn 0.80300000 0.58100000 -0.13260000
vn 0.99510000 0.08520000 -0.04920000
vn 0.47120000 0.88170000 0.02200000
vn 0.85760000 0.49520000 -0.13930000
vn 0.04900000 0.96150000 0.27050000
vn 0.55540000 0.83130000 -0.02070000
vn 0.90380000 0.40560000 -0.13630000
vn 0.14670000 0.96440000 0.22010000
vn 0.63420000 0.77100000 -0.05780000
vn 0.94140000 0.31390000 -0.12320000
vn 0.24290000 0.95530000 0.16840000
vn 0.70690000 0.70180000 -0.08800000
vn 0.96990000 0.22180000 -0.10010000
vn 0.33670000 0.93430000 0.11710000
vn 0.77280000 0.62500000 -0.11020000
vn 0.98910000 0.13090000 -0.06710000
vn 0.42740000 0.90150000 0.06760000
vn 0.83130000 0.54190000 -0.12360000
vn 0.99880000 0.04280000 -0.02470000
vn 0.51390000 0.85760000 0.02140000
vn 0.88180000 0.45410000 -0.12780000
vn 0.09800000 0.95800000 0.26950000
vn 0.59550000 0.80310000 -0.02000000
vn 0.92370000 0.36310000 -0.12200000
vn 0.19500000 0.95620000 0.21830000
vn 0.67130000 0.73910000 -0.05540000
vn 0.95680000 0.27060000 -0.10620000
vn 0.29020000 0.94240000 0.16610000
vn 0.74080000 0.66650000 -0.08350000
vn 0.98070000 0.17820000 -0.08040000
vn 0.38260000 0.91670000 0.11490000
vn 0.80300000 0.58690000 -0.10350000
vn 0.99510000 0.08760000 -0.04490000
vn 0.47130000 0.87950000 0.06590000
vn 0.85760000 0.50150000 -0.11440000
vn 0.04900000 0.94680000 0.31810000
vn 0.55540000 0.83130000 0.02080000
vn 0.90380000 0.41190000 -0.11590000
vn 0.14670000 0.95220000 0.26790000
vn 0.63420000 0.77290000 -0.01930000
vn 0.94140000 0.31970000 -0.10740000
vn 0.24290000 0.94570000 0.21580000
vn 0.70690000 0.70530000 -0.05280000
vn 0.96990000 0.22650000 -0.08890000
vn 0.33680000 0.92730000 0.16350000
vn 0.77280000 0.62970000 -0.07890000
vn 0.98910000 0.13410000 -0.06050000
vn 0.42740000 0.89700000 0.11240000
vn 0.83130000 0.54740000 -0.09660000
vn 0.99880000 0.04400000 -0.02260000
vn 0.51400000 0.85540000 0.06410000
vn 0.88180000 0.45990000 -0.10490000
vn 0.09790000 0.94340000 0.31700000
vn 0.59550000 0.80310000 0.02010000
vn 0.92370000 0.36870000 -0.10370000
vn 0.19500000 0.94420000 0.26560000
vn 0.67140000 0.74090000 -0.01850000
vn 0.95680000 0.27550000 -0.09260000
vn 0.29020000 0.93300000 0.21290000
vn 0.74080000 0.66990000 -0.05020000
vn 0.98070000 0.18190000 -0.07140000
vn 0.38260000 0.90990000 0.16040000
vn 0.80300000 0.59130000 -0.07410000
vn 0.99510000 0.08970000 -0.04050000
vn 0.47120000 0.87520000 0.10970000
vn 0.85760000 0.50660000 -0.08930000
vn 0.04910000 0.92980000 0.36480000
vn 0.55540000 0.82930000 0.06210000
vn 0.90380000 0.41710000 -0.09520000
vn 0.14670000 0.93770000 0.31500000
vn 0.63420000 0.77290000 0.01930000
vn 0.94140000 0.32460000 -0.09130000
vn 0.24290000 0.93380000 0.26280000
vn 0.70690000 0.70710000 -0.01760000
vn 0.96990000 0.23070000 -0.07750000
vn 0.33670000 0.91800000 0.20960000
vn 0.77280000 0.63290000 -0.04740000
vn 0.98910000 0.13690000 -0.05380000
vn 0.42740000 0.89030000 0.15700000
vn 0.83130000 0.55150000 -0.06910000
vn 0.99880000 0.04510000 -0.02030000
vn 0.51400000 0.85120000 0.10660000
vn 0.88180000 0.46450000 -0.08190000
vn 0.09800000 0.92640000 0.36360000
vn 0.59550000 0.80110000 0.06000000
vn 0.92370000 0.37340000 -0.08520000
vn 0.19500000 0.92970000 0.31240000
vn 0.67140000 0.74090000 0.01850000
vn 0.95680000 0.27980000 -0.07870000
vn 0.29020000 0.92120000 0.25920000
vn 0.74080000 0.67160000 -0.01680000
vn 0.98070000 0.18530000 -0.06230000
vn 0.38260000 0.90080000 0.20560000
vn 0.80300000 0.59430000 -0.04450000
vn 0.99510000 0.09160000 -0.03600000
vn 0.47120000 0.86860000 0.15320000
vn 0.85760000 0.51040000 -0.06400000
vn 0.04910000 0.91040000 0.41080000
vn 0.55540000 0.82510000 0.10340000
vn 0.90380000 0.42140000 -0.07430000
vn 0.14660000 0.92080000 0.36140000
vn 0.63420000 0.77100000 0.05780000
vn 0.94140000 0.32880000 -0.07500000
vn 0.24290000 0.91950000 0.30890000
vn 0.70690000 0.70710000 0.01760000
vn 0.96990000 0.23420000 -0.06590000
vn 0.33680000 0.90640000 0.25500000
vn 0.77280000 0.63440000 -0.01590000
vn 0.98910000 0.13940000 -0.04690000
vn 0.42740000 0.88140000 0.20120000
vn 0.83130000 0.55430000 -0.04150000
vn 0.99880000 0.04600000 -0.01810000
vn 0.51400000 0.84480000 0.14900000
vn 0.88180000 0.46800000 -0.05870000
vn 0.09800000 0.90710000 0.40930000
vn 0.59550000 0.79710000 0.09990000
vn 0.92370000 0.37720000 -0.06650000
vn 0.19500000 0.91300000 0.35840000
vn 0.67140000 0.73910000 0.05540000
vn 0.95680000 0.28330000 -0.06470000
vn 0.29020000 0.90710000 0.30470000
vn 0.74080000 0.67160000 0.01670000
vn 0.98070000 0.18820000 -0.05290000
vn 0.38260000 0.88940000 0.25030000
vn 0.80300000 0.59580000 -0.01490000
vn 0.99510000 0.09330000 -0.03130000
vn 0.47120000 0.85990000 0.19630000
vn 0.85760000 0.51290000 -0.03840000
vn 0.04910000 0.88880000 0.45560000
vn 0.55540000 0.81890000 0.14440000
vn 0.90380000 0.42460000 -0.05320000
vn 0.14670000 0.90170000 0.40680000
vn 0.63420000 0.76720000 0.09610000
vn 0.94140000 0.33210000 -0.05850000
vn 0.24290000 0.90300000 0.35440000
vn 0.70690000 0.70530000 0.05290000
vn 0.96990000 0.23720000 -0.05410000
vn 0.33670000 0.89260000 0.29990000
vn 0.77280000 0.63440000 0.01580000
vn 0.98910000 0.14160000 -0.03980000
vn 0.42740000 0.87030000 0.24490000
vn 0.83130000 0.55570000 -0.01390000
vn 0.99880000 0.04690000 -0.01580000
vn 0.51390000 0.83630000 0.19090000
vn 0.88180000 0.47040000 -0.03530000
vn 0.09800000 0.88560000 0.45400000
vn 0.59550000 0.79120000 0.13950000
vn 0.92370000 0.38010000 -0.04760000
vn 0.19510000 0.89400000 0.40340000
vn 0.67130000 0.73540000 0.09220000
vn 0.95680000 0.28620000 -0.05050000
vn 0.29020000 0.89080000 0.34960000
vn 0.74080000 0.66990000 0.05020000
vn 0.98070000 0.19060000 -0.04350000
vn 0.38250000 0.87580000 0.29420000
vn 0.80300000 0.59580000 0.01490000
vn 0.99510000 0.09470000 -0.02660000
vn 0.47120000 0.84910000 0.23890000
vn 0.85760000 0.51420000 -0.01280000
vn 0.04910000 0.86500000 0.49950000
vn 0.55540000 0.81080000 0.18500000
vn 0.90380000 0.42670000 -0.03200000
vn 0.14670000 0.88020000 0.45130000
vn 0.63420000 0.76140000 0.13420000
vn 0.94140000 0.33460000 -0.04200000
vn 0.24280000 0.88420000 0.39900000
vn 0.70690000 0.70180000 0.08800000
vn 0.96990000 0.23960000 -0.04220000
vn 0.33680000 0.87650000 0.34400000
vn 0.77280000 0.63280000 0.04740000
vn 0.98910000 0.14340000 -0.03270000
vn 0.42740000 0.85700000 0.28790000
vn 0.83130000 0.55570000 0.01390000
vn 0.99880000 0.04760000 -0.01340000
vn 0.51400000 0.82580000 0.23230000
vn 0.88180000 0.47150000 -0.01180000
vn 0.09800000 0.86180000 0.49760000
vn 0.59550000 0.78320000 0.17870000
vn 0.92370000 0.38190000 -0.02860000
vn 0.19500000 0.87280000 0.44750000
vn 0.67140000 0.72990000 0.12870000
vn 0.95680000 0.28840000 -0.03620000
vn 0.29020000 0.87230000 0.39360000
vn 0.74080000 0.66650000 0.08350000
vn 0.98070000 0.19250000 -0.03400000
vn 0.38260000 0.86010000 0.33750000
vn 0.80300000 0.59430000 0.04460000
vn 0.99510000 0.09590000 -0.02190000
vn 0.47120000 0.83610000 0.28090000
vn 0.85760000 0.51420000 0.01280000
vn 0.04900000 0.83900000 0.54190000
vn 0.55540000 0.80050000 0.22520000
vn 0.90380000 0.42770000 -0.01070000
vn 0.14670000 0.85660000 0.49460000
vn 0.63420000 0.75380000 0.17200000
vn 0.94140000 0.33630000 -0.02520000
vn 0.24290000 0.86320000 0.44260000
vn 0.70690000 0.69660000 0.12280000
vn 0.96990000 0.24150000 -0.03030000
vn 0.33680000 0.85830000 0.38730000
vn 0.77280000 0.62970000 0.07890000
vn 0.98910000 0.14490000 -0.02550000
vn 0.42740000 0.84160000 0.33030000
vn 0.83130000 0.55430000 0.04150000
vn 0.99880000 0.04820000 -0.01100000
vn 0.51400000 0.81310000 0.27320000
vn 0.88180000 0.47150000 0.01180000
vn 0.09800000 0.83600000 0.53990000
vn 0.59550000 0.77330000 0.21760000
vn 0.92370000 0.38290000 -0.00950000
vn 0.19500000 0.84940000 0.49040000
vn 0.67140000 0.72250000 0.16490000
vn 0.95680000 0.28980000 -0.02170000
vn 0.29010000 0.85160000 0.43660000
vn 0.74080000 0.66160000 0.11670000
vn 0.98070000 0.19400000 -0.02430000
vn 0.38250000 0.84220000 0.38000000
vn 0.80300000 0.59130000 0.07410000
vn 0.99510000 0.09690000 -0.01710000
vn 0.47120000 0.82100000 0.32220000
vn 0.85760000 0.51290000 0.03840000
vn 0.04900000 0.81100000 0.58300000
vn 0.55540000 0.78830000 0.26480000
vn 0.90380000 0.42770000 0.01070000
vn 0.14670000 0.83100000 0.53670000
vn 0.63420000 0.74430000 0.20940000
vn 0.94140000 0.33710000 -0.00840000
vn 0.24290000 0.84010000 0.48500000
vn 0.70690000 0.68960000 0.15740000
vn 0.96990000 0.24270000 -0.01820000
vn 0.33680000 0.83790000 0.42960000
vn 0.77280000 0.62500000 0.11020000
vn 0.98910000 0.14600000 -0.01830000
vn 0.42740000 0.82410000 0.37190000
vn 0.83130000 0.55150000 0.06910000
vn 0.99880000 0.04870000 -0.00860000
vn 0.51390000 0.79850000 0.31340000
vn 0.88180000 0.47040000 0.03520000
vn 0.09790000 0.80800000 0.58090000
vn 0.59550000 0.76150000 0.25590000
vn 0.92370000 0.38290000 0.00950000
vn 0.19500000 0.82390000 0.53210000
vn 0.67140000 0.71340000 0.20070000
vn 0.95680000 0.29060000 -0.00720000
vn 0.29020000 0.82880000 0.47850000
vn 0.74080000 0.65490000 0.14950000
vn 0.98070000 0.19490000 -0.01460000
vn 0.38250000 0.82220000 0.42150000
vn 0.80300000 0.58690000 0.10350000
vn 0.99510000 0.09760000 -0.01220000
vn 0.47120000 0.80400000 0.36280000
vn 0.85760000 0.51040000 0.06400000
vn 0.04900000 0.78090000 0.62270000
vn 0.55540000 0.77410000 0.30380000
vn 0.90380000 0.42670000 0.03200000
vn 0.14670000 0.80320000 0.57740000
vn 0.63420000 0.73290000 0.24630000
vn 0.94140000 0.33710000 0.00840000
vn 0.24290000 0.81490000 0.52630000
vn 0.70690000 0.68090000 0.19160000
vn 0.96990000 0.24330000 -0.00610000
vn 0.33680000 0.81540000 0.47080000
vn 0.77280000 0.61870000 0.14120000
vn 0.98910000 0.14670000 -0.01100000
vn 0.42740000 0.80450000 0.41250000
vn 0.83130000 0.54740000 0.09660000
vn 0.99880000 0.04910000 -0.00620000
vn 0.51400000 0.78190000 0.35280000
vn 0.88180000 0.46800000 0.05860000
vn 0.09800000 0.77810000 0.62050000
vn 0.59550000 0.74780000 0.29350000
vn 0.92370000 0.38190000 0.02860000
vn 0.19500000 0.79640000 0.57250000
vn 0.67140000 0.70250000 0.23610000
vn 0.95680000 0.29060000 0.00720000
vn 0.29020000 0.80390000 0.51920000
vn 0.74080000 0.64670000 0.18200000
vn 0.98070000 0.19540000 -0.00490000
vn 0.38250000 0.80020000 0.46200000
vn 0.80300000 0.58100000 0.13260000
vn 0.99510000 0.09810000 -0.00730000
vn 0.47120000 0.78490000 0.40240000
vn 0.85750000 0.50660000 0.08930000
vn 0.04910000 0.74890000 0.66090000
vn 0.55540000 0.75800000 0.34200000
vn 0.90380000 0.42460000 0.05320000
vn 0.14670000 0.77340000 0.61670000
vn 0.63420000 0.71970000 0.28250000
vn 0.94140000 0.33630000 0.02520000
vn 0.24290000 0.78760000 0.56630000
vn 0.70690000 0.67050000 0.22530000
vn 0.96990000 0.24330000 0.00610000
vn 0.33680000 0.79100000 0.51080000
vn 0.77280000 0.61090000 0.17180000
vn 0.98910000 0.14710000 -0.00370000
vn 0.42740000 0.78290000 0.45200000
vn 0.83130000 0.54190000 0.12370000
vn 0.99880000 0.04930000 -0.00370000
vn 0.51400000 0.76330000 0.39130000
vn 0.88180000 0.46450000 0.08190000
vn 0.09800000 0.74620000 0.65850000
vn 0.59550000 0.73220000 0.33040000
vn 0.92370000 0.38010000 0.04760000
vn 0.19500000 0.76680000 0.61150000
vn 0.67130000 0.68990000 0.27080000
vn 0.95680000 0.28980000 0.02170000
vn 0.29020000 0.77700000 0.55870000
vn 0.74080000 0.63680000 0.21400000
vn 0.98070000 0.19540000 0.00490000
vn 0.38260000 0.77610000 0.50130000
vn 0.80300000 0.57370000 0.16140000
vn 0.99510000 0.09840000 -0.00250000
vn 0.47120000 0.76390000 0.44100000
vn 0.85760000 0.50150000 0.11440000
vn 0.04910000 0.71500000 0.69740000
vn 0.55540000 0.74000000 0.37930000
vn 0.90380000 0.42140000 0.07430000
vn 0.14660000 0.74160000 0.65460000
vn 0.63420000 0.70470000 0.31800000
vn 0.94140000 0.33460000 0.04200000
vn 0.24290000 0.75840000 0.60480000
vn 0.70690000 0.65840000 0.25840000
vn 0.96990000 0.24270000 0.01820000
vn 0.33680000 0.76450000 0.54960000
vn 0.77280000 0.60160000 0.20220000
vn 0.98910000 0.14710000 0.00370000
vn 0.42740000 0.75940000 0.49050000
vn 0.83130000 0.53510000 0.15060000
vn 0.99880000 0.04940000 -0.00120000
vn 0.51390000 0.74290000 0.42890000
vn 0.88180000 0.45990000 0.10490000
vn 0.09800000 0.71240000 0.69490000
vn 0.59550000 0.71490000 0.36650000
vn 0.92370000 0.37720000 0.06650000
vn 0.19500000 0.73540000 0.64900000
vn 0.67130000 0.67560000 0.30480000
vn 0.95680000 0.28840000 0.03620000
vn 0.29020000 0.74820000 0.59670000
vn 0.74080000 0.62530000 0.24540000
vn 0.98070000 0.19490000 0.01460000
vn 0.38260000 0.75020000 0.53930000
vn 0.80300000 0.56490000 0.18980000
vn 0.99510000 0.09840000 0.00250000
vn 0.47120000 0.74090000 0.47850000
vn 0.85760000 0.49520000 0.13930000
vn 0.04900000 0.67930000 0.73220000
vn 0.55540000 0.72020000 0.41580000
vn 0.90380000 0.41710000 0.09520000
vn 0.14670000 0.70810000 0.69070000
vn 0.63420000 0.68800000 0.35270000
vn 0.94140000 0.33210000 0.05850000
vn 0.24290000 0.72730000 0.64190000
vn 0.70690000 0.64470000 0.29090000
vn 0.96990000 0.24150000 0.03030000
vn 0.33680000 0.73620000 0.58710000
vn 0.77280000 0.59080000 0.23190000
vn 0.98910000 0.14670000 0.01100000
vn 0.42740000 0.73410000 0.52770000
vn 0.83130000 0.52690000 0.17700000
vn 0.99880000 0.04940000 0.00120000
vn 0.51390000 0.72060000 0.46540000
vn 0.88180000 0.45410000 0.12770000
vn 0.09800000 0.67690000 0.72950000
vn 0.59550000 0.69570000 0.40170000
vn 0.92370000 0.37340000 0.08520000
vn 0.19500000 0.70210000 0.68480000
vn 0.67140000 0.65950000 0.33810000
vn 0.95680000 0.28620000 0.05040000
vn 0.29020000 0.71750000 0.63320000
vn 0.74080000 0.61230000 0.27630000
vn 0.98070000 0.19390000 0.02430000
vn 0.38250000 0.72240000 0.57610000
vn 0.80300000 0.55480000 0.21770000
vn 0.99510000 0.09810000 0.00740000
vn 0.47120000 0.71610000 0.51490000
vn 0.85760000 0.48760000 0.16380000
vn 0.04900000 0.64200000 0.76510000
vn 0.55540000 0.69860000 0.45120000
vn 0.90380000 0.41190000 0.11590000
vn 0.14670000 0.67280000 0.72510000
vn 0.63420000 0.66960000 0.38660000
vn 0.94140000 0.32880000 0.07510000
vn 0.24290000 0.69450000 0.67730000
vn 0.70690000 0.62940000 0.32270000
vn 0.96990000 0.23960000 0.04220000
vn 0.33680000 0.70600000 0.62300000
vn 0.77280000 0.57850000 0.26100000
vn 0.98910000 0.14600000 0.01830000
vn 0.42740000 0.70680000 0.56370000
vn 0.83130000 0.51740000 0.20310000
vn 0.99880000 0.04930000 0.00370000
vn 0.51390000 0.69650000 0.50080000
vn 0.88180000 0.44710000 0.15030000
vn 0.09800000 0.63970000 0.76230000
vn 0.59550000 0.67480000 0.43590000
vn 0.92370000 0.36870000 0.10370000
vn 0.19500000 0.66710000 0.71900000
vn 0.67140000 0.64190000 0.37050000
vn 0.95680000 0.28330000 0.06470000
vn 0.29020000 0.68510000 0.66820000
vn 0.74080000 0.59780000 0.30640000
vn 0.98070000 0.19250000 0.03390000
vn 0.38250000 0.69280000 0.61130000
vn 0.80300000 0.54320000 0.24510000
vn 0.99510000 0.09760000 0.01220000
vn 0.47120000 0.68960000 0.54990000
vn 0.85760000 0.47880000 0.18790000
vn 0.04910000 0.60310000 0.79620000
vn 0.55540000 0.67520000 0.48550000
vn 0.90380000 0.40560000 0.13630000
vn 0.14670000 0.63580000 0.75770000
vn 0.63420000 0.64950000 0.41950000
vn 0.94140000 0.32460000 0.09130000
vn 0.24290000 0.65980000 0.71110000
vn 0.70690000 0.61250000 0.35370000
vn 0.96990000 0.23720000 0.05410000
vn 0.33680000 0.67410000 0.65750000
vn 0.77280000 0.56470000 0.28950000
vn 0.98910000 0.14490000 0.02560000
vn 0.42740000 0.67780000 0.59820000
vn 0.83130000 0.50660000 0.22860000
vn 0.99880000 0.04910000 0.00610000
vn 0.51390000 0.67070000 0.53480000
vn 0.88180000 0.43910000 0.17230000
vn 0.09800000 0.60090000 0.79330000
vn 0.59550000 0.65230000 0.46900000
vn 0.92370000 0.36310000 0.12200000
vn 0.19500000 0.63050000 0.75130000
vn 0.67140000 0.62260000 0.40210000
vn 0.95680000 0.27980000 0.07870000
vn 0.29020000 0.65090000 0.70150000
vn 0.74080000 0.58180000 0.33590000
vn 0.98070000 0.19060000 0.04350000
vn 0.38250000 0.66140000 0.64510000
vn 0.80300000 0.53030000 0.27190000
vn 0.99510000 0.09690000 0.01710000
vn 0.47120000 0.66130000 0.58360000
vn 0.85760000 0.46890000 0.21150000
vn 0.04900000 0.56260000 0.82520000
vn 0.55540000 0.65020000 0.51840000
vn 0.90380000 0.39830000 0.15630000
vn 0.14660000 0.59730000 0.78850000
vn 0.63420000 0.62780000 0.45130000
vn 0.94140000 0.31970000 0.10740000
vn 0.24290000 0.62350000 0.74310000
vn 0.70690000 0.59410000 0.38370000
vn 0.96990000 0.23420000 0.06590000
vn 0.33680000 0.64040000 0.69020000
vn 0.77280000 0.54960000 0.31730000
vn 0.98910000 0.14340000 0.03270000
vn 0.42740000 0.64720000 0.63130000
vn 0.83130000 0.49460000 0.25360000
vn 0.99880000 0.04870000 0.00860000
vn 0.51390000 0.64320000 0.56760000
vn 0.88180000 0.42990000 0.19400000
vn 0.09800000 0.56060000 0.82230000
vn 0.59550000 0.62810000 0.50090000
vn 0.92370000 0.35650000 0.13990000
vn 0.19500000 0.59220000 0.78180000
vn 0.67140000 0.60180000 0.43260000
vn 0.95680000 0.27550000 0.09260000
vn 0.29020000 0.61510000 0.73310000
vn 0.74080000 0.56430000 0.36450000
vn 0.98070000 0.18820000 0.05290000
vn 0.38250000 0.62850000 0.67730000
vn 0.80300000 0.51610000 0.29800000
vn 0.99510000 0.09590000 0.02190000
vn 0.47120000 0.63140000 0.61590000
vn 0.85760000 0.45770000 0.23470000
vn 0.04900000 0.52080000 0.85230000
vn 0.55540000 0.62350000 0.55030000
vn 0.90380000 0.39000000 0.17600000
vn 0.14670000 0.55720000 0.81730000
vn 0.63420000 0.60450000 0.48210000
vn 0.94140000 0.31390000 0.12320000
vn 0.24290000 0.58570000 0.77320000
vn 0.70690000 0.57430000 0.41290000
vn 0.96990000 0.23070000 0.07750000
vn 0.33680000 0.60520000 0.72130000
vn 0.77280000 0.53310000 0.34430000
vn 0.98910000 0.14160000 0.03980000
vn 0.42740000 0.61490000 0.66270000
vn 0.83130000 0.48140000 0.27790000
vn 0.99880000 0.04820000 0.01100000
vn 0.51390000 0.61410000 0.59900000
vn 0.88180000 0.41970000 0.21520000
vn 0.09800000 0.51890000 0.84920000
vn 0.59550000 0.60230000 0.53150000
vn 0.92370000 0.34910000 0.15750000
vn 0.19500000 0.55250000 0.81040000
vn 0.67140000 0.57940000 0.46210000
vn 0.95680000 0.27060000 0.10620000
vn 0.29020000 0.57780000 0.76280000
vn 0.74080000 0.54540000 0.39210000
vn 0.98070000 0.18530000 0.06230000
vn 0.38250000 0.59390000 0.70780000
vn 0.80300000 0.50060000 0.32340000
vn 0.99510000 0.09470000 0.02670000
vn 0.47120000 0.59990000 0.64660000
vn 0.85760000 0.44550000 0.25720000
vn 0.04910000 0.47770000 0.87720000
vn 0.55540000 0.59530000 0.58070000
vn 0.90380000 0.38080000 0.19520000
vn 0.14670000 0.51580000 0.84410000
vn 0.63420000 0.57970000 0.51160000
vn 0.94140000 0.30740000 0.13870000
vn 0.24280000 0.54650000 0.80150000
vn 0.70690000 0.55300000 0.44100000
vn 0.96990000 0.22650000 0.08890000
vn 0.33680000 0.56850000 0.75060000
vn 0.77280000 0.51530000 0.37050000
vn 0.98910000 0.13940000 0.04680000
vn 0.42740000 0.58110000 0.69260000
vn 0.83130000 0.46690000 0.30160000
vn 0.99880000 0.04760000 0.01340000
vn 0.51390000 0.58350000 0.62890000
vn 0.88180000 0.40850000 0.23580000
vn 0.09800000 0.47600000 0.87400000
vn 0.59550000 0.57510000 0.56090000
vn 0.92370000 0.34080000 0.17470000
vn 0.19500000 0.51140000 0.83690000
vn 0.67140000 0.55570000 0.49040000
vn 0.95680000 0.26490000 0.11950000
vn 0.29020000 0.53910000 0.79070000
vn 0.74080000 0.52520000 0.41880000
vn 0.98070000 0.18190000 0.07140000
vn 0.38260000 0.55790000 0.73650000
vn 0.80300000 0.48390000 0.34790000
vn 0.99510000 0.09330000 0.03130000
vn 0.47120000 0.56700000 0.67560000
vn 0.85760000 0.43210000 0.27910000
vn 0.04910000 0.43340000 0.89990000
vn 0.55540000 0.56560000 0.60960000
vn 0.90380000 0.37050000 0.21390000
vn 0.14670000 0.47310000 0.86870000
vn 0.63420000 0.55350000 0.53980000
vn 0.94140000 0.30010000 0.15390000
vn 0.24290000 0.50580000 0.82770000
vn 0.70690000 0.53030000 0.46800000
vn 0.96990000 0.22180000 0.10010000
vn 0.33680000 0.53040000 0.77800000
vn 0.77280000 0.49620000 0.39570000
vn 0.98910000 0.13690000 0.05370000
vn 0.42740000 0.54590000 0.72070000
vn 0.83130000 0.45130000 0.32450000
vn 0.99880000 0.04690000 0.01580000
vn 0.51400000 0.55140000 0.65710000
vn 0.88180000 0.39620000 0.25590000
vn 0.09800000 0.43180000 0.89660000
vn 0.59550000 0.54640000 0.58890000
vn 0.92370000 0.33170000 0.19150000
vn 0.19500000 0.46910000 0.86140000
vn 0.67140000 0.53050000 0.51750000
vn 0.95680000 0.25860000 0.13260000
vn 0.29020000 0.49900000 0.81660000
vn 0.74080000 0.50370000 0.44450000
vn 0.98070000 0.17820000 0.08040000
vn 0.38260000 0.52050000 0.76340000
vn 0.80300000 0.46590000 0.37160000
vn 0.99510000 0.09160000 0.03590000
vn 0.47120000 0.53260000 0.70310000
vn 0.85760000 0.41770000 0.30030000
vn 0.04910000 0.38800000 0.92040000
vn 0.55540000 0.53450000 0.63710000
vn 0.90380000 0.35940000 0.23210000
vn 0.14670000 0.42920000 0.89120000
vn 0.63420000 0.52590000 0.56670000
vn 0.94140000 0.29210000 0.16870000
vn 0.24290000 0.46390000 0.85190000
vn 0.70690000 0.50630000 0.49380000
vn 0.96990000 0.21650000 0.11100000
vn 0.33680000 0.49100000 0.80340000
vn 0.77280000 0.47580000 0.41990000
vn 0.98910000 0.13410000 0.06050000
vn 0.42740000 0.50930000 0.74700000
vn 0.83130000 0.43460000 0.34650000
vn 0.99880000 0.04600000 0.01810000
vn 0.51390000 0.51800000 0.68380000
vn 0.88180000 0.38300000 0.27540000
vn 0.09800000 0.38660000 0.91700000
vn 0.59550000 0.51640000 0.61540000
vn 0.92370000 0.32180000 0.20780000
vn 0.19500000 0.42560000 0.88370000
vn 0.67130000 0.50410000 0.54330000
vn 0.95680000 0.25170000 0.14530000
vn 0.29020000 0.45770000 0.84050000
vn 0.74080000 0.48090000 0.46900000
vn 0.98070000 0.17390000 0.08920000
vn 0.38250000 0.48180000 0.78840000
vn 0.80300000 0.44680000 0.39430000
vn 0.99510000 0.08970000 0.04050000
vn 0.47130000 0.49680000 0.72870000
vn 0.85750000 0.40220000 0.32070000
vn 0.04900000 0.34160000 0.93860000
vn 0.55540000 0.50210000 0.66290000
vn 0.90380000 0.34740000 0.24980000
vn 0.14670000 0.38420000 0.91150000
vn 0.63420000 0.49700000 0.59230000
vn 0.94140000 0.28330000 0.18300000
vn 0.24290000 0.42090000 0.87400000
vn 0.70690000 0.48110000 0.51850000
vn 0.96990000 0.21070000 0.12170000
vn 0.33680000 0.45030000 0.82690000
vn 0.77280000 0.45430000 0.44310000
vn 0.98910000 0.13090000 0.06710000
vn 0.42740000 0.47140000 0.77140000
vn 0.83130000 0.41680000 0.36780000
vn 0.99880000 0.04510000 0.02030000
vn 0.51390000 0.48320000 0.70880000
vn 0.88180000 0.36880000 0.29410000
vn 0.09800000 0.34040000 0.93520000
vn 0.59550000 0.48510000 0.64040000
vn 0.92370000 0.31100000 0.22360000
vn 0.19500000 0.38100000 0.90380000
vn 0.67130000 0.47640000 0.56780000
vn 0.95680000 0.24410000 0.15770000
vn 0.29020000 0.41520000 0.86220000
vn 0.74080000 0.45690000 0.49250000
vn 0.98070000 0.16930000 0.09770000
vn 0.38260000 0.44190000 0.81140000
vn 0.80300000 0.42660000 0.41610000
vn 0.99510000 0.08760000 0.04490000
vn 0.47120000 0.45990000 0.75260000
vn 0.85760000 0.38570000 0.34040000
vn 0.04910000 0.29440000 0.95440000
vn 0.55540000 0.46850000 0.68710000
vn 0.90380000 0.33450000 0.26680000
vn 0.14670000 0.33830000 0.92950000
vn 0.63420000 0.46680000 0.61630000
vn 0.94140000 0.27380000 0.19690000
vn 0.24290000 0.37680000 0.89390000
vn 0.70690000 0.45460000 0.54180000
vn 0.96990000 0.20440000 0.13200000
vn 0.33680000 0.40860000 0.84830000
vn 0.77280000 0.43170000 0.46520000
vn 0.98910000 0.12740000 0.07350000
vn 0.42740000 0.43240000 0.79400000
vn 0.83130000 0.39790000 0.38810000
vn 0.99880000 0.04400000 0.02260000
vn 0.51390000 0.44730000 0.73200000
vn 0.88180000 0.35370000 0.31210000
vn 0.09800000 0.29330000 0.95100000
vn 0.59550000 0.45260000 0.66370000
vn 0.92370000 0.29950000 0.23880000
vn 0.19500000 0.33550000 0.92170000
vn 0.67140000 0.44750000 0.59080000
vn 0.95680000 0.23600000 0.16970000
vn 0.29020000 0.37170000 0.88180000
vn 0.74080000 0.43180000 0.51460000
vn 0.98070000 0.16420000 0.10610000
vn 0.38260000 0.40090000 0.83240000
vn 0.80300000 0.40530000 0.43680000
vn 0.99510000 0.08520000 0.04920000
vn 0.47120000 0.42180000 0.77460000
vn 0.85760000 0.36820000 0.35920000
vn 0.04900000 0.24650000 0.96790000
vn 0.55540000 0.43360000 0.70960000
vn 0.90380000 0.32080000 0.28310000
vn 0.14670000 0.29160000 0.94520000
vn 0.63420000 0.43560000 0.63880000
vn 0.94140000 0.26370000 0.21030000
vn 0.24290000 0.33180000 0.91160000
vn 0.70690000 0.42710000 0.56380000
vn 0.96990000 0.19760000 0.14200000
vn 0.33670000 0.36570000 0.86770000
vn 0.77280000 0.40790000 0.48620000
vn 0.98910000 0.12360000 0.07980000
vn 0.42740000 0.39230000 0.81450000
vn 0.83130000 0.37810000 0.40750000
vn 0.99880000 0.04280000 0.02470000
vn 0.51390000 0.41030000 0.75340000
vn 0.88180000 0.33770000 0.32940000
vn 0.09800000 0.24560000 0.96440000
vn 0.59550000 0.41890000 0.68550000
vn 0.92370000 0.28720000 0.25340000
vn 0.19500000 0.28910000 0.93720000
vn 0.67140000 0.41750000 0.61230000
vn 0.95680000 0.22720000 0.18120000
vn 0.29020000 0.32730000 0.89930000
vn 0.74070000 0.40560000 0.53550000
vn 0.98070000 0.15870000 0.11410000
vn 0.38250000 0.35890000 0.85140000
vn 0.80300000 0.38310000 0.45650000
vn 0.99510000 0.08270000 0.05340000
vn 0.47120000 0.38270000 0.79470000
vn 0.85760000 0.34990000 0.37710000
vn 0.04910000 0.19790000 0.97900000
vn 0.55540000 0.39770000 0.73030000
vn 0.90380000 0.30630000 0.29880000
vn 0.14670000 0.24410000 0.95860000
vn 0.63420000 0.40320000 0.65970000
vn 0.94140000 0.25290000 0.22320000
vn 0.24290000 0.28590000 0.92700000
vn 0.70690000 0.39840000 0.58440000
vn 0.96990000 0.19030000 0.15170000
vn 0.33680000 0.32210000 0.88480000
vn 0.77280000 0.38320000 0.50590000
vn 0.98910000 0.11940000 0.08590000
vn 0.42740000 0.35120000 0.83310000
vn 0.83130000 0.35730000 0.42580000
vn 0.99880000 0.04150000 0.02680000
vn 0.51390000 0.37220000 0.77290000
vn 0.88180000 0.32080000 0.34580000
vn 0.09800000 0.19720000 0.97550000
vn 0.59550000 0.38420000 0.70550000
vn 0.92370000 0.27420000 0.26740000
vn 0.19500000 0.24200000 0.95050000
vn 0.67140000 0.38650000 0.63240000
vn 0.95680000 0.21790000 0.19230000
vn 0.29020000 0.28210000 0.91450000
vn 0.74080000 0.37840000 0.55500000
vn 0.98070000 0.15280000 0.12190000
vn 0.38260000 0.31600000 0.86820000
vn 0.80300000 0.35980000 0.47510000
vn 0.99510000 0.07990000 0.05740000
vn 0.47130000 0.34260000 0.81270000
vn 0.85760000 0.33060000 0.39400000
vn 0.04900000 0.14890000 0.98760000
vn 0.55540000 0.36080000 0.74920000
vn 0.90380000 0.29100000 0.31370000
vn 0.14670000 0.19600000 0.96960000
vn 0.63420000 0.36980000 0.67900000
vn 0.94140000 0.24140000 0.23550000
vn 0.24290000 0.23940000 0.94010000
vn 0.70690000 0.36880000 0.60350000
vn 0.96990000 0.18250000 0.16100000
vn 0.33670000 0.27750000 0.89980000
vn 0.77280000 0.35750000 0.52440000
vn 0.98910000 0.11500000 0.09170000
vn 0.42740000 0.30920000 0.84950000
vn 0.83130000 0.33560000 0.44310000
vn 0.99880000 0.04020000 0.02890000
vn 0.51390000 0.33320000 0.79050000
vn 0.88180000 0.30320000 0.36130000
vn 0.09800000 0.14830000 0.98410000
vn 0.59550000 0.34860000 0.72380000
vn 0.92370000 0.26050000 0.28080000
vn 0.19500000 0.19430000 0.96140000
vn 0.67140000 0.35440000 0.65080000
vn 0.95680000 0.20810000 0.20290000
vn 0.29020000 0.23610000 0.92740000
vn 0.74080000 0.35030000 0.57320000
vn 0.98070000 0.14660000 0.12930000
vn 0.38250000 0.27230000 0.88290000
vn 0.80300000 0.33570000 0.49240000
vn 0.99510000 0.07690000 0.06130000
vn 0.47120000 0.30170000 0.82880000
vn 0.85760000 0.31060000 0.41000000
vn 0.04910000 0.09950000 0.99380000
vn 0.55540000 0.32300000 0.76630000
vn 0.90380000 0.27500000 0.32770000
vn 0.14670000 0.14740000 0.97810000
vn 0.63420000 0.33550000 0.69660000
vn 0.94140000 0.22940000 0.24720000
vn 0.24290000 0.19220000 0.95080000
vn 0.70690000 0.33830000 0.62120000
vn 0.96990000 0.17420000 0.16990000
vn 0.33680000 0.23230000 0.91250000
vn 0.77280000 0.33090000 0.54150000
vn 0.98910000 0.11030000 0.09730000
vn 0.42740000 0.26650000 0.86390000
vn 0.83130000 0.31310000 0.45920000
vn 0.99880000 0.03870000 0.03080000
vn 0.51390000 0.29340000 0.80610000
vn 0.88180000 0.28480000 0.37600000
vn 0.09800000 0.09910000 0.99020000
vn 0.59550000 0.31200000 0.74030000
vn 0.92370000 0.24620000 0.29340000
vn 0.19500000 0.14620000 0.96980000
vn 0.67140000 0.32160000 0.66770000
vn 0.95680000 0.19770000 0.21310000
vn 0.29020000 0.18960000 0.93800000
vn 0.74080000 0.32130000 0.59000000
vn 0.98070000 0.13990000 0.13650000
vn 0.38260000 0.22800000 0.89540000
vn 0.80300000 0.31080000 0.50850000
vn 0.99510000 0.07380000 0.06510000
vn 0.47130000 0.26000000 0.84280000
vn 0.85760000 0.28980000 0.42500000
vn 0.04900000 0.04980000 0.99760000
vn 0.04910000 0.01240000 0.99870000
vn 0.55540000 0.28440000 0.78150000
vn 0.90380000 0.25830000 0.34110000
vn 0.14670000 0.09850000 0.98430000
vn 0.63420000 0.30030000 0.71240000
vn 0.94140000 0.21680000 0.25830000
vn 0.24290000 0.14460000 0.95920000
vn 0.70690000 0.30690000 0.63730000
vn 0.96990000 0.16550000 0.17840000
vn 0.33670000 0.18660000 0.92290000
vn 0.77280000 0.30350000 0.55740000
vn 0.98910000 0.10530000 0.10270000
vn 0.42740000 0.22310000 0.87610000
vn 0.83130000 0.28980000 0.47430000
vn 0.99880000 0.03710000 0.03270000
vn 0.51390000 0.25290000 0.81970000
vn 0.88180000 0.26570000 0.38970000
vn 0.09800000 0.04960000 0.99400000
vn 0.09800000 0.01240000 0.99510000
vn 0.59550000 0.27470000 0.75490000
vn 0.92370000 0.23130000 0.30530000
vn 0.19500000 0.09770000 0.97590000
vn 0.67140000 0.28790000 0.68290000
vn 0.95680000 0.18680000 0.22260000
vn 0.29020000 0.14260000 0.94630000
vn 0.74080000 0.29150000 0.60520000
vn 0.98070000 0.13290000 0.14330000
vn 0.38250000 0.18310000 0.90560000
vn 0.80300000 0.28500000 0.52340000
vn 0.99510000 0.07040000 0.06870000
vn 0.47120000 0.21760000 0.85470000
vn 0.85760000 0.26820000 0.43890000
vn 0.55540000 0.24510000 0.79460000
vn 0.90390000 0.24100000 0.35350000
vn 0.14670000 0.04930000 0.98800000
vn 0.14670000 0.01230000 0.98910000
vn 0.19500000 0.01220000 0.98070000
vn 0.63420000 0.26440000 0.72650000
vn 0.94140000 0.20360000 0.26880000
vn 0.24290000 0.09660000 0.96520000
vn 0.70690000 0.27470000 0.65180000
vn 0.96990000 0.15640000 0.18640000
vn 0.33670000 0.14030000 0.93110000
vn 0.77280000 0.27540000 0.57180000
vn 0.98910000 0.10010000 0.10780000
vn 0.42740000 0.17910000 0.88610000
vn 0.83130000 0.26580000 0.48820000
vn 0.99880000 0.03540000 0.03450000
vn 0.51390000 0.21170000 0.83130000
vn 0.88180000 0.24600000 0.40250000
vn 0.59550000 0.23680000 0.76770000
vn 0.92370000 0.21580000 0.31650000
vn 0.19500000 0.04890000 0.97960000
vn 0.24290000 0.01210000 0.97000000
vn 0.67140000 0.25350000 0.69640000
vn 0.95680000 0.17550000 0.23170000
vn 0.29020000 0.09530000 0.95220000
vn 0.74080000 0.26090000 0.61900000
vn 0.98070000 0.12560000 0.14970000
vn 0.38250000 0.13770000 0.91360000
vn 0.80300000 0.25860000 0.53690000
vn 0.99510000 0.06690000 0.07210000
vn 0.47120000 0.17480000 0.86450000
vn 0.85760000 0.24600000 0.45170000
vn 0.55540000 0.20520000 0.80590000
vn 0.90380000 0.22310000 0.36510000
vn 0.63420000 0.22790000 0.73880000
vn 0.94140000 0.19000000 0.27860000
vn 0.24290000 0.04840000 0.96880000
vn 0.70690000 0.24190000 0.66470000
vn 0.96990000 0.14690000 0.19400000
vn 0.33680000 0.09380000 0.93690000
vn 0.77280000 0.24650000 0.58480000
vn 0.98910000 0.09460000 0.11270000
vn 0.42740000 0.13470000 0.89400000
vn 0.83130000 0.24120000 0.50080000
vn 0.99880000 0.03360000 0.03630000
vn 0.51390000 0.17000000 0.84080000
vn 0.88180000 0.22560000 0.41430000
vn 0.59550000 0.19820000 0.77850000
vn 0.92370000 0.19970000 0.32680000
vn 0.67140000 0.21850000 0.70820000
vn 0.95680000 0.16370000 0.24010000
vn 0.29020000 0.04770000 0.95580000
vn 0.29020000 0.01190000 0.95690000
vn 0.74070000 0.22980000 0.63130000
vn 0.98070000 0.11800000 0.15580000
vn 0.38260000 0.09200000 0.91930000
vn 0.80300000 0.23150000 0.54910000
vn 0.99510000 0.06330000 0.07540000
vn 0.47120000 0.13150000 0.87220000
vn 0.85760000 0.22320000 0.46350000
vn 0.55540000 0.16480000 0.81510000
vn 0.90380000 0.20460000 0.37580000
vn 0.63420000 0.19080000 0.74930000
vn 0.94140000 0.17580000 0.28780000
vn 0.70690000 0.20850000 0.67590000
vn 0.96990000 0.13710000 0.20110000
vn 0.33680000 0.04690000 0.94040000
vn 0.33680000 0.01170000 0.94150000
vn 0.38260000 0.01150000 0.92390000
vn 0.77280000 0.21710000 0.59640000
vn 0.98910000 0.08880000 0.11730000
vn 0.42740000 0.09000000 0.89960000
vn 0.83130000 0.21590000 0.51220000
vn 0.99880000 0.03180000 0.03790000
vn 0.51390000 0.12790000 0.84820000
vn 0.88180000 0.20470000 0.42500000
vn 0.59550000 0.15920000 0.78740000
vn 0.92370000 0.18320000 0.33640000
vn 0.67140000 0.18290000 0.71820000
vn 0.95680000 0.15150000 0.24800000
vn 0.74070000 0.19800000 0.64190000
vn 0.98070000 0.11010000 0.16150000
vn 0.38250000 0.04610000 0.92280000
vn 0.80300000 0.20380000 0.56000000
vn 0.99510000 0.05940000 0.07840000
vn 0.47120000 0.08780000 0.87760000
vn 0.85750000 0.19980000 0.47400000
vn 0.55540000 0.12390000 0.82230000
vn 0.90380000 0.18570000 0.38550000
vn 0.63420000 0.15320000 0.75780000
vn 0.94140000 0.16130000 0.29620000
vn 0.70690000 0.17450000 0.68540000
vn 0.96990000 0.12690000 0.20760000
vn 0.77280000 0.18710000 0.60640000
vn 0.98910000 0.08290000 0.12160000
vn 0.42740000 0.04510000 0.90290000
vn 0.42740000 0.01130000 0.90400000
vn 0.47130000 0.01100000 0.88190000
vn 0.83130000 0.19010000 0.52230000
vn 0.99880000 0.02990000 0.03940000
vn 0.51390000 0.08540000 0.85360000
vn 0.88180000 0.18320000 0.43460000
vn 0.59550000 0.11970000 0.79440000
vn 0.92370000 0.16620000 0.34510000
vn 0.67140000 0.14690000 0.72640000
vn 0.95680000 0.13900000 0.25530000
vn 0.74070000 0.16580000 0.65100000
vn 0.98070000 0.10190000 0.16680000
vn 0.80300000 0.17570000 0.56950000
vn 0.99510000 0.05540000 0.08130000
vn 0.47120000 0.04400000 0.88090000
vn 0.51400000 0.01070000 0.85770000
vn 0.85760000 0.17590000 0.48340000
vn 0.55540000 0.08280000 0.82750000
vn 0.90380000 0.16620000 0.39430000
vn 0.63420000 0.11520000 0.76450000
vn 0.94140000 0.14630000 0.30380000
vn 0.70690000 0.14020000 0.69330000
vn 0.96990000 0.11640000 0.21370000
vn 0.77280000 0.15660000 0.61500000
vn 0.98910000 0.07670000 0.12550000
vn 0.83130000 0.16380000 0.53110000
vn 0.99880000 0.02790000 0.04090000
vn 0.51390000 0.04280000 0.85680000
vn 0.88180000 0.16130000 0.44330000
vn 0.59550000 0.08000000 0.79930000
vn 0.92370000 0.14880000 0.35290000
vn 0.67140000 0.11050000 0.73290000
vn 0.95680000 0.12610000 0.26180000
vn 0.74080000 0.13310000 0.65840000
vn 0.98070000 0.09350000 0.17170000
vn 0.80300000 0.14710000 0.57750000
vn 0.99510000 0.05130000 0.08400000
vn 0.85760000 0.15160000 0.49150000
vn 0.55540000 0.04140000 0.83060000
vn 0.55540000 0.01040000 0.83150000
vn 0.59560000 0.01000000 0.80320000
vn 0.90380000 0.14630000 0.40210000
vn 0.63420000 0.07700000 0.76930000
vn 0.94140000 0.13100000 0.31080000
vn 0.70690000 0.10540000 0.69940000
vn 0.96990000 0.10560000 0.21920000
vn 0.77280000 0.12570000 0.62200000
vn 0.98910000 0.07040000 0.12920000
vn 0.83130000 0.13720000 0.53870000
vn 0.99880000 0.02580000 0.04220000
vn 0.88170000 0.13900000 0.45080000
vn 0.59550000 0.04000000 0.80230000
vn 0.92370000 0.13100000 0.35990000
vn 0.67130000 0.07380000 0.73750000
vn 0.95680000 0.11290000 0.26780000
vn 0.74080000 0.10010000 0.66430000
vn 0.98070000 0.08480000 0.17610000
vn 0.80300000 0.11810000 0.58410000
vn 0.99510000 0.04710000 0.08640000
vn 0.85760000 0.12690000 0.49850000
vn 0.90380000 0.12610000 0.40890000
vn 0.63420000 0.03850000 0.77220000
vn 0.63430000 0.00960000 0.77310000
vn 0.94140000 0.11530000 0.31690000
vn 0.70690000 0.07040000 0.70380000
vn 0.96990000 0.09450000 0.22420000
vn 0.77280000 0.09460000 0.62750000
vn 0.98910000 0.06380000 0.13250000
vn 0.83130000 0.11010000 0.54480000
vn 0.99880000 0.02370000 0.04340000
vn 0.88180000 0.11640000 0.45710000
vn 0.92370000 0.11290000 0.36600000
vn 0.67140000 0.03690000 0.74020000
vn 0.67140000 0.00920000 0.74100000
vn 0.95680000 0.09940000 0.27310000
vn 0.74080000 0.06690000 0.66840000
vn 0.98070000 0.07590000 0.18010000
vn 0.80300000 0.08880000 0.58930000
vn 0.99510000 0.04270000 0.08870000
vn 0.85760000 0.10190000 0.50420000
vn 0.90380000 0.10560000 0.41460000
vn 0.94140000 0.09940000 0.32220000
vn 0.70690000 0.03530000 0.70640000
vn 0.70700000 0.00880000 0.70720000
vn 0.74080000 0.00840000 0.67160000
vn 0.96990000 0.08320000 0.22870000
vn 0.77280000 0.06320000 0.63150000
vn 0.98910000 0.05710000 0.13560000
vn 0.83130000 0.08280000 0.54960000
vn 0.99880000 0.02150000 0.04460000
vn 0.88180000 0.09350000 0.46230000
vn 0.92370000 0.09450000 0.37120000
vn 0.95680000 0.08570000 0.27770000
vn 0.74080000 0.03350000 0.67090000
vn 0.98070000 0.06690000 0.18370000
vn 0.80300000 0.05930000 0.59300000
vn 0.99510000 0.03820000 0.09070000
vn 0.85750000 0.07670000 0.50870000
vn 0.90380000 0.08480000 0.41940000
vn 0.94140000 0.08320000 0.32680000
vn 0.96990000 0.07170000 0.23250000
vn 0.77280000 0.03160000 0.63380000
vn 0.77290000 0.00790000 0.63450000
vn 0.80310000 0.00740000 0.59580000
vn 0.98910000 0.05030000 0.13820000
vn 0.83130000 0.05530000 0.55310000
vn 0.99880000 0.01920000 0.04560000
vn 0.88170000 0.07030000 0.46650000
vn 0.92370000 0.07590000 0.37540000
vn 0.95680000 0.07170000 0.28170000
vn 0.98070000 0.05760000 0.18680000
vn 0.80300000 0.02970000 0.59520000
vn 0.99510000 0.03370000 0.09250000
vn 0.85760000 0.05120000 0.51180000
vn 0.90380000 0.06380000 0.42310000
vn 0.94140000 0.06680000 0.33050000
vn 0.96990000 0.06000000 0.23580000
vn 0.98910000 0.04340000 0.14060000
vn 0.83130000 0.02770000 0.55510000
vn 0.83140000 0.00690000 0.55570000
vn 0.99880000 0.01690000 0.04650000
vn 0.88180000 0.04700000 0.46940000
vn 0.92370000 0.05710000 0.37870000
vn 0.95680000 0.05760000 0.28490000
vn 0.98070000 0.04820000 0.18940000
vn 0.99510000 0.02900000 0.09400000
vn 0.85760000 0.02560000 0.51370000
vn 0.85760000 0.00640000 0.51420000
vn 0.88180000 0.00590000 0.47150000
vn 0.90380000 0.04260000 0.42570000
vn 0.94140000 0.05030000 0.33350000
vn 0.96990000 0.04820000 0.23850000
vn 0.98910000 0.03630000 0.14260000
vn 0.99880000 0.01460000 0.04730000
vn 0.88180000 0.02350000 0.47110000
vn 0.92370000 0.03810000 0.38110000
vn 0.95680000 0.04330000 0.28740000
vn 0.98070000 0.03870000 0.19160000
vn 0.99510000 0.02430000 0.09540000
vn 0.90380000 0.02130000 0.42730000
vn 0.90390000 0.00530000 0.42770000
vn 0.92380000 0.00480000 0.38290000
vn 0.94140000 0.03360000 0.33560000
vn 0.96990000 0.03630000 0.24060000
vn 0.98910000 0.02910000 0.14420000
vn 0.99880000 0.01220000 0.04790000
vn 0.92370000 0.01910000 0.38250000
vn 0.95680000 0.02890000 0.28920000
vn 0.98070000 0.02910000 0.19330000
vn 0.99510000 0.01950000 0.09640000
vn 0.94140000 0.01680000 0.33680000
vn 0.94150000 0.00420000 0.33710000
vn 0.96990000 0.02420000 0.24210000
vn 0.98910000 0.02190000 0.14550000
vn 0.99880000 0.00980000 0.04850000
vn 0.95680000 0.01450000 0.29030000
vn 0.95690000 0.00360000 0.29050000
vn 0.98070000 0.01950000 0.19450000
vn 0.99510000 0.01470000 0.09730000
vn 0.96990000 0.01210000 0.24300000
vn 0.97000000 0.00300000 0.24320000
vn 0.98070000 0.00240000 0.19530000
vn 0.98910000 0.01460000 0.14640000
vn 0.99880000 0.00740000 0.04890000
vn 0.98070000 0.00970000 0.19520000
vn 0.99510000 0.00980000 0.09790000
vn 0.98910000 0.00730000 0.14690000
vn 0.98910000 0.00180000 0.14690000
vn 0.99520000 0.00120000 0.09820000
vn 0.99880000 0.00490000 0.04920000
vn 0.99510000 0.00490000 0.09830000
vn 0.99880000 0.00250000 0.04940000
vn -0.00000000 -1.00000000 0.00020000
vn -0.99970000 -0.00000000 0.02550000
vn -0.99860000 -0.00000000 0.05230000
vn -0.00000000 -1.00000000 -0.00010000
vn -0.00000000 -1.00000000 -0.00020000
vn -0.99670000 -0.00000000 0.08120000
vn -0.00000000 -1.00000000 -0.00000000
vn -0.99380000 -0.00000000 0.11120000
vn -0.00000000 -1.00000000 0.00010000
vn -0.99000000 -0.00000000 0.14110000
vn -0.98530000 -0.00000000 0.17080000
vn -0.00000000 -1.00000000 -0.00000000
vn -0.97980000 -0.00000000 0.20020000
vn -0.00000000 -1.00000000 -0.00010000
vn -0.97340000 -0.00000000 0.22920000
vn -0.00000000 -1.00000000 -0.00000000
vn -0.00000000 -1.00000000 -0.00000000
vn -0.96610000 -0.00000000 0.25830000
vn -0.00000000 -1.00000000 0.00020000
vn -0.95790000 -0.00000000 0.28700000
vn -0.94890000 -0.00000000 0.31560000
vn -0.00000000 -1.00000000 -0.00010000
vn -0.00000000 -1.00000000 -0.00020000
vn -0.93900000 -0.00000000 0.34390000
vn -0.00000000 -1.00000000 0.00010000
vn -0.92830000 -0.00000000 0.37180000
vn -0.91670000 -0.00000000 0.39960000
vn -0.00000000 -1.00000000 0.00010000
vn -0.00000000 -1.00000000 -0.00010000
vn -0.90430000 -0.00000000 0.42690000
vn -0.89100000 -0.00000000 0.45390000
vn -0.00000000 -1.00000000 -0.00010000
vn -0.87700000 -0.00000000 0.48050000
vn -0.00000000 -1.00000000 -0.00000000
vn -0.86220000 -0.00000000 0.50660000
vn -0.00000000 -1.00000000 0.00010000
vn -0.84660000 -0.00000000 0.53220000
vn -0.00000000 -1.00000000 -0.00000000
vn -0.00000000 -1.00000000 -0.00010000
vn -0.83040000 -0.00000000 0.55720000
vn -0.81340000 -0.00000000 0.58170000
vn -0.00000000 -1.00000000 0.00010000
vn -0.00000000 -1.00000000 -0.00000000
vn -0.79560000 -0.00000000 0.60580000
vn -0.00000000 -1.00000000 -0.00000000
vn -0.77720000 -0.00000000 0.62920000
vn -0.75800000 -0.00000000 0.65230000
vn -0.00000000 -1.00000000 -0.00000000
vn -0.73810000 -0.00000000 0.67470000
vn -0.00000000 -1.00000000 -0.00000000
vn -0.71740000 -0.00000000 0.69660000
vn -0.00000000 -1.00000000 -0.00000000
vn -0.00000000 -1.00000000 -0.00000000
vn -0.69610000 -0.00000000 0.71790000
vn -0.00000000 -1.00000000 -0.00000000
vn -0.67430000 -0.00000000 0.73850000
vn -0.65170000 -0.00000000 0.75840000
vn -0.00000000 -1.00000000 -0.00000000
vn -0.62870000 -0.00000000 0.77760000
vn -0.00000000 -1.00000000 -0.00000000
vn -0.00000000 -1.00000000 -0.00000000
vn -0.60510000 -0.00000000 0.79610000
vn -0.58110000 -0.00000000 0.81380000
vn -0.00000000 -1.00000000 -0.00000000
vn -0.00000000 -1.00000000 -0.00000000
vn -0.55660000 -0.00000000 0.83070000
vn -0.53160000 -0.00000000 0.84700000
vn -0.00000000 -1.00000000 -0.00000000
vn -0.00000000 -1.00000000 -0.00000000
vn -0.50610000 -0.00000000 0.86250000
vn -0.47990000 -0.00000000 0.87730000
vn -0.00000000 -1.00000000 -0.00000000
vn -0.00000000 -1.00000000 -0.00000000
vn -0.45330000 -0.00000000 0.89140000
vn -0.42620000 -0.00000000 0.90460000
vn -0.00000000 -1.00000000 -0.00000000
vn -0.00000000 -1.00000000 -0.00000000
vn -0.39870000 -0.00000000 0.91710000
vn -0.37120000 -0.00000000 0.92860000
vn -0.00000000 -1.00000000 -0.00000000
vn -0.00000000 -1.00000000 -0.00000000
vn -0.34330000 -0.00000000 0.93920000
vn -0.31500000 -0.00000000 0.94910000
vn -0.00000000 -1.00000000 -0.00000000
vn -0.00000000 -1.00000000 -0.00000000
vn -0.28640000 -0.00000000 0.95810000
vn -0.25760000 -0.00000000 0.96630000
vn -0.00000000 -1.00000000 -0.00000000
vn -0.00000000 -1.00000000 -0.00000000
vn -0.22860000 -0.00000000 0.97350000
vn -0.19950000 -0.00000000 0.97990000
vn -0.00000000 -1.00000000 -0.00000000
vn -0.00000000 -1.00000000 -0.00000000
vn -0.17000000 -0.00000000 0.98540000
vn -0.14040000 -0.00000000 0.99010000
vn -0.00000000 -1.00000000 -0.00000000
vn -0.00000000 -1.00000000 -0.00000000
vn -0.11040000 -0.00000000 0.99390000
vn -0.08050000 -0.00000000 0.99680000
vn -0.00000000 -1.00000000 -0.00000000
vn -0.00000000 -1.00000000 -0.00000000
vn -0.05050000 -0.00000000 0.99870000
vn -0.02050000 -0.00000000 0.99980000
vn -0.00000000 -1.00000000 -0.00000000
vn -0.00000000 -1.00000000 -0.00000000
vn 0.00930000 -0.00000000 1.00000000
vn 0.03910000 -0.00000000 0.99920000
vn -0.00000000 -1.00000000 -0.00000000
vn -0.00000000 -1.00000000 0.00010000
vn 0.06890000 -0.00000000 0.99760000
vn -0.00000000 -1.00000000 -0.00000000
vn 0.09880000 -0.00000000 0.99510000
vn 0.12860000 -0.00000000 0.99170000
vn -0.00000000 -1.00000000 -0.00000000
vn -0.00000000 -1.00000000 -0.00000000
vn 0.15820000 -0.00000000 0.98740000
vn -0.00000000 -1.00000000 -0.00000000
vn 0.18780000 -0.00000000 0.98220000
vn 0.21720000 -0.00000000 0.97610000
vn -0.00000000 -1.00000000 -0.00000000
vn -0.00000000 -1.00000000 -0.00000000
vn 0.24650000 -0.00000000 0.96910000
vn 0.27560000 -0.00000000 0.96130000
vn -0.00000000 -1.00000000 -0.00000000
vn -0.00000000 -1.00000000 -0.00000000
vn 0.30420000 -0.00000000 0.95260000
vn 0.33260000 -0.00000000 0.94310000
vn -0.00000000 -1.00000000 -0.00000000
vn -0.00000000 -1.00000000 -0.00000000
vn 0.36060000 -0.00000000 0.93270000
vn 0.38830000 -0.00000000 0.92150000
vn -0.00000000 -1.00000000 -0.00000000
vn -0.00000000 -1.00000000 -0.00000000
vn 0.41560000 -0.00000000 0.90950000
vn 0.44260000 -0.00000000 0.89670000
vn -0.00000000 -1.00000000 -0.00000000
vn -0.00000000 -1.00000000 -0.00000000
vn 0.46930000 -0.00000000 0.88300000
vn 0.49550000 -0.00000000 0.86860000
vn -0.00000000 -1.00000000 -0.00000000
vn -0.00000000 -1.00000000 -0.00000000
vn 0.52150000 -0.00000000 0.85330000
vn 0.54700000 -0.00000000 0.83710000
vn -0.00000000 -1.00000000 -0.00000000
vn -0.00000000 -1.00000000 -0.00000000
vn 0.57180000 -0.00000000 0.82040000
vn 0.59620000 -0.00000000 0.80290000
vn -0.00000000 -1.00000000 -0.00000000
vn -0.00000000 -1.00000000 -0.00000000
vn 0.62000000 -0.00000000 0.78460000
vn 0.64320000 -0.00000000 0.76570000
vn -0.00000000 -1.00000000 -0.00000000
vn -0.00000000 -1.00000000 -0.00000000
vn 0.66590000 -0.00000000 0.74610000
vn 0.68780000 -0.00000000 0.72590000
vn -0.00000000 -1.00000000 -0.00010000
vn -0.00000000 -1.00000000 -0.00010000
vn 0.70910000 -0.00000000 0.70510000
vn 0.72990000 -0.00000000 0.68360000
vn -0.00000000 -1.00000000 -0.00000000
vn 0.75010000 -0.00000000 0.66140000
vn -0.00000000 -1.00000000 0.00010000
vn -0.00000000 -1.00000000 -0.00000000
vn 0.76960000 -0.00000000 0.63850000
vn 0.78850000 -0.00000000 0.61500000
vn -0.00000000 -1.00000000 -0.00000000
vn -0.00000000 -1.00000000 -0.00000000
vn 0.80670000 -0.00000000 0.59100000
vn 0.82400000 -0.00000000 0.56650000
vn -0.00000000 -1.00000000 -0.00010000
vn -0.00000000 -1.00000000 -0.00000000
vn 0.84060000 -0.00000000 0.54170000
vn -0.00000000 -1.00000000 -0.00000000
vn 0.85640000 -0.00000000 0.51630000
vn -0.00000000 -1.00000000 0.00010000
vn 0.87140000 -0.00000000 0.49050000
vn 0.88580000 -0.00000000 0.46420000
vn -0.00000000 -1.00000000 -0.00010000
vn 0.89920000 -0.00000000 0.43750000
vn -0.00000000 -1.00000000 0.00010000
vn -0.00000000 -1.00000000 -0.00010000
vn 0.91220000 -0.00000000 0.40970000
vn 0.92520000 -0.00000000 0.37960000
vn -0.00000000 -1.00000000 -0.00020000
vn 0.93790000 -0.00000000 0.34700000
vn -0.00000000 -1.00000000 0.00010000
vn -0.00000000 -1.00000000 -0.00000000
vn 0.94950000 -0.00000000 0.31380000
vn 0.96050000 -0.00010000 0.27820000
vn -0.00000000 -1.00000000 0.00010000
vn 0.97180000 -0.00010000 0.23570000
vn -0.00000000 -1.00000000 0.00010000
vn 0.98190000 -0.00010000 0.18940000
vn -0.00000000 -1.00000000 -0.00010000
vn -0.00000000 -1.00000000 -0.00000000
vn 0.98980000 -0.00000000 0.14260000
vn -0.00000000 -1.00000000 -0.00000000
vn 0.99540000 -0.00000000 0.09540000
vn -0.00000000 -1.00000000 -0.00000000
vn 0.99890000 -0.00000000 0.04770000
vn -0.00000000 -1.00000000 -0.00000000
vn -0.00000000 -1.00000000 -0.00000000
vn -0.00000000 -1.00000000 -0.00000000
vn -0.00000000 -1.00000000 -0.00000000
vn -1.00000000 -0.00000000 -0.00000000
vn -1.00000000 -0.00000000 -0.00000000
vn -0.70770000 0.03340000 0.70570000
vn -1.00000000 -0.00000000 -0.00000000
vn -1.00000000 -0.00000000 -0.00000000
vn -0.70790000 0.06800000 0.70310000
vn -1.00000000 -0.00000000 -0.00000000
vn -0.70800000 0.10230000 0.69880000
vn -1.00000000 -0.00000000 -0.00000000
vn -0.70710000 0.13480000 0.69410000
vn -1.00000000 -0.00000000 -0.00000000
vn -0.70690000 0.15890000 0.68920000
vn -0.70720000 0.18320000 0.68290000
vn -1.00000000 -0.00000000 -0.00000000
vn -1.00000000 -0.00000000 -0.00000000
vn -0.70680000 0.20680000 0.67650000
vn -1.00000000 -0.00000000 -0.00000000
vn -0.70700000 0.22610000 0.67010000
vn -1.00000000 -0.00000000 -0.00000000
vn -0.70670000 0.24580000 0.66340000
vn -0.70650000 0.26680000 0.65550000
vn -1.00000000 -0.00000000 -0.00000000
vn -0.70660000 0.28380000 0.64820000
vn -1.00000000 -0.00000000 -0.00000000
vn -0.70670000 0.30390000 0.63890000
vn -1.00000000 -0.00000000 -0.00000000
vn -1.00000000 -0.00000000 -0.00000000
vn -0.70700000 0.32240000 0.62950000
vn -0.70660000 0.34000000 0.62060000
vn -1.00000000 -0.00000000 -0.00000000
vn -1.00000000 -0.00000000 -0.00000000
vn -0.70660000 0.35950000 0.60950000
vn -1.00000000 -0.00000000 -0.00000000
vn -0.70690000 0.37570000 0.59930000
vn -0.70680000 0.39370000 0.58780000
vn -1.00000000 -0.00000000 -0.00000000
vn -1.00000000 -0.00000000 -0.00000000
vn -0.70690000 0.41150000 0.57530000
vn -0.70660000 0.42700000 0.56420000
vn -1.00000000 -0.00000000 -0.00000000
vn -1.00000000 -0.00000000 -0.00000000
vn -0.70670000 0.44470000 0.55030000
vn -1.00000000 -0.00000000 -0.00000000
vn -0.70700000 0.45990000 0.53720000
vn -0.70670000 0.47550000 0.52390000
vn -1.00000000 -0.00000000 -0.00000000
vn -1.00000000 -0.00000000 -0.00000000
vn -0.70660000 0.49200000 0.50860000
vn -0.70660000 0.50500000 0.49570000
vn -1.00000000 -0.00000000 -0.00000000
vn -1.00000000 -0.00000000 -0.00000000
vn -0.70670000 0.52020000 0.47960000
vn -0.70700000 0.53390000 0.46380000
vn -1.00000000 -0.00000000 -0.00000000
vn -1.00000000 -0.00000000 -0.00000000
vn -0.70670000 0.54680000 0.44910000
vn -0.70660000 0.56080000 0.43150000
vn -1.00000000 -0.00000000 -0.00000000
vn -0.70690000 0.57210000 0.41590000
vn -1.00000000 -0.00000000 -0.00000000
vn -1.00000000 -0.00000000 -0.00000000
vn -0.70670000 0.58450000 0.39860000
vn -1.00000000 -0.00000000 -0.00000000
vn -0.70680000 0.59650000 0.38030000
vn -1.00000000 -0.00000000 -0.00000000
vn -0.70660000 0.60670000 0.36430000
vn -0.70670000 0.61780000 0.34480000
vn -1.00000000 -0.00000000 -0.00000000
vn -0.70710000 0.62710000 0.32680000
vn -1.00000000 -0.00000000 -0.00000000
vn -1.00000000 -0.00000000 -0.00000000
vn -0.70670000 0.63660000 0.30880000
vn -1.00000000 -0.00000000 -0.00000000
vn -0.70650000 0.64610000 0.28860000
vn -1.00000000 -0.00000000 -0.00000000
vn -0.70670000 0.65330000 0.27160000
vn -0.70670000 0.66140000 0.25110000
vn -1.00000000 -0.00000000 -0.00000000
vn -1.00000000 -0.00000000 -0.00000000
vn -0.70700000 0.66830000 0.23130000
vn -0.70670000 0.67480000 0.21280000
vn -1.00000000 -0.00000000 -0.00000000
vn -1.00000000 -0.00000000 -0.00000000
vn -0.70660000 0.68120000 0.19130000
vn -0.70700000 0.68590000 0.17240000
vn -1.00000000 -0.00000000 -0.00000000
vn -1.00000000 -0.00000000 -0.00000000
vn -0.70670000 0.69100000 0.15170000
vn -0.70670000 0.69540000 0.13010000
vn -1.00000000 -0.00000000 -0.00000000
vn -1.00000000 -0.00000000 -0.00000000
vn -0.70660000 0.69880000 0.11180000
vn -0.70670000 0.70180000 0.08960000
vn -1.00000000 -0.00000000 -0.00000000
vn -1.00000000 -0.00000000 -0.00000000
vn -0.70710000 0.70370000 0.06940000
vn -0.70670000 0.70580000 0.04930000
vn -1.00000000 -0.00000000 -0.00000000
vn -1.00000000 -0.00000000 -0.00000000
vn -0.70660000 0.70710000 0.02700000
vn -0.70670000 0.70740000 0.00840000
vn -1.00000000 -0.00000000 -0.00000000
vn -1.00000000 -0.00000000 -0.00000000
vn -1.00000000 -0.00000000 -0.00000000
vn -0.70670000 0.05670000 -0.70530000
vn -1.00000000 -0.00000000 -0.00000000
vn -0.70670000 0.07910000 -0.70310000
vn -1.00000000 -0.00000000 -0.00000000
vn -0.70690000 0.03800000 -0.70630000
vn -1.00000000 -0.00000000 -0.00000000
vn -1.00000000 -0.00000000 -0.00000000
vn -0.70640000 0.01820000 -0.70760000
vn -1.00000000 -0.00000000 -0.00000000
vn -0.70670000 0.70730000 -0.01360000
vn -0.70700000 0.70640000 -0.03470000
vn -1.00000000 -0.00000000 -0.00000000
vn -1.00000000 -0.00000000 -0.00000000
vn -0.70660000 0.70550000 -0.05430000
vn -0.70660000 0.70340000 -0.07660000
vn -1.00000000 -0.00000000 -0.00000000
vn -1.00000000 -0.00000000 -0.00000000
vn -0.70700000 0.70060000 -0.09610000
vn -0.70670000 0.69770000 -0.11700000
vn -1.00000000 -0.00000000 -0.00000000
vn -1.00000000 -0.00000000 -0.00000000
vn -0.70660000 0.69380000 -0.13890000
vn -0.70650000 0.69010000 -0.15690000
vn -1.00000000 -0.00000000 -0.00000000
vn -0.70670000 0.68460000 -0.17850000
vn -1.00000000 -0.00000000 -0.00000000
vn -1.00000000 -0.00000000 -0.00000000
vn -0.70710000 0.67890000 -0.19790000
vn -0.70670000 0.67330000 -0.21730000
vn -1.00000000 -0.00000000 -0.00000000
vn -1.00000000 -0.00000000 -0.00000000
vn -0.70660000 0.66620000 -0.23860000
vn -0.70680000 0.65940000 -0.25620000
vn -1.00000000 -0.00000000 -0.00000000
vn -1.00000000 -0.00000000 -0.00000000
vn -0.70680000 0.65130000 -0.27630000
vn -0.70690000 0.64240000 -0.29590000
vn -1.00000000 -0.00000000 -0.00000000
vn -0.70660000 0.63430000 -0.31350000
vn -1.00000000 -0.00000000 -0.00000000
vn -0.70670000 0.62400000 -0.33360000
vn -1.00000000 -0.00000000 -0.00000000
vn -0.70700000 0.61410000 -0.35060000
vn -1.00000000 -0.00000000 -0.00000000
vn -1.00000000 -0.00000000 -0.00000000
vn -0.70670000 0.60380000 -0.36870000
vn -1.00000000 -0.00000000 -0.00000000
vn -0.70650000 0.59210000 -0.38760000
vn -0.70650000 0.58190000 -0.40280000
vn -1.00000000 -0.00000000 -0.00000000
vn -1.00000000 -0.00000000 -0.00000000
vn -0.70670000 0.56870000 -0.42090000
vn -0.70710000 0.55600000 -0.43690000
vn -1.00000000 -0.00000000 -0.00000000
vn -1.00000000 -0.00000000 -0.00000000
vn -0.70670000 0.54380000 -0.45260000
vn -0.70660000 0.52910000 -0.46980000
vn -1.00000000 -0.00000000 -0.00000000
vn -1.00000000 -0.00000000 -0.00000000
vn -0.70690000 0.51610000 -0.48370000
vn -0.70680000 0.50110000 -0.49940000
vn -1.00000000 -0.00000000 -0.00000000
vn -1.00000000 -0.00000000 -0.00000000
vn -0.70690000 0.48560000 -0.51430000
vn -0.70660000 0.47170000 -0.52750000
vn -1.00000000 -0.00000000 -0.00000000
vn -1.00000000 -0.00000000 -0.00000000
vn -0.70670000 0.45470000 -0.54210000
vn -0.70700000 0.43900000 -0.55440000
vn -1.00000000 -0.00000000 -0.00000000
vn -1.00000000 -0.00000000 -0.00000000
vn -0.70670000 0.42290000 -0.56720000
vn -0.70660000 0.40500000 -0.58030000
vn -1.00000000 -0.00000000 -0.00000000
vn -1.00000000 -0.00000000 -0.00000000
vn -0.70650000 0.38980000 -0.59060000
vn -0.70670000 0.37080000 -0.60250000
vn -1.00000000 -0.00000000 -0.00000000
vn -1.00000000 -0.00000000 -0.00000000
vn -0.70700000 0.35290000 -0.61280000
vn -0.70670000 0.33570000 -0.62280000
vn -1.00000000 -0.00000000 -0.00000000
vn -1.00000000 -0.00000000 -0.00000000
vn -0.70660000 0.31580000 -0.63330000
vn -0.70690000 0.29830000 -0.64130000
vn -1.00000000 -0.00000000 -0.00000000
vn -1.00000000 -0.00000000 -0.00000000
vn -0.70680000 0.27870000 -0.65020000
vn -0.70690000 0.25860000 -0.65840000
vn -1.00000000 -0.00000000 -0.00000000
vn -1.00000000 -0.00000000 -0.00000000
vn -0.70660000 0.24100000 -0.66530000
vn -0.70670000 0.21980000 -0.67250000
vn -1.00000000 -0.00000000 -0.00000000
vn -1.00000000 -0.00000000 -0.00000000
vn -0.70710000 0.20070000 -0.67810000
vn -0.70670000 0.18100000 -0.68400000
vn -1.00000000 -0.00000000 -0.00000000
vn -1.00000000 -0.00000000 -0.00000000
vn -0.70650000 0.15940000 -0.68960000
vn -0.70650000 0.14140000 -0.69340000
vn -1.00000000 -0.00000000 -0.00000000
vn -1.00000000 -0.00000000 -0.00000000
vn -0.70680000 0.11940000 -0.69730000
vn -0.70700000 0.09870000 -0.70030000
vn -1.00000000 -0.00000000 -0.00000000
f 1//1 4//4 5//5
f 1//1 5//5 8//8
f 9//9 4//4 1//1
f 12//12 13//13 4//4
f 12//12 4//4 9//9
f 16//16 17//17 13//13
f 16//16 13//13 12//12
f 20//20 17//17 16//16
f 21//21 24//24 17//17
f 21//21 17//17 20//20
f 25//25 24//24 21//21
f 28//28 30//30 24//24
f 28//28 24//24 25//25
f 31//31 33//33 30//30
f 31//31 30//30 28//28
f 36//36 33//33 31//31
f 38//38 40//40 33//33
f 38//38 33//33 36//36
f 42//42 40//40 38//38
f 42//42 43//43 40//40
f 45//45 43//43 42//42
f 48//48 49//49 43//43
f 48//48 43//43 45//45
f 51//51 49//49 48//48
f 54//54 55//55 49//49
f 54//54 49//49 51//51
f 57//57 60//60 55//55
f 57//57 55//55 54//54
f 61//61 60//60 57//57
f 64//64 65//65 60//60
f 64//64 60//60 61//61
f 68//68 65//65 64//64
f 69//69 72//72 65//65
f 69//69 65//65 68//68
f 73//73 76//76 72//72
f 73//73 72//72 69//69
f 77//77 76//76 73//73
f 80//80 82//82 76//76
f 80//80 76//76 77//77
f 83//83 86//86 82//82
f 83//83 82//82 80//80
f 87//87 86//86 83//83
f 89//89 92//92 86//86
f 89//89 86//86 87//87
f 93//93 92//92 89//89
f 95//95 98//98 92//92
f 95//95 92//92 93//93
f 100//100 101//101 98//98
f 100//100 98//98 95//95
f 104//104 101//101 100//100
f 106//106 108//108 101//101
f 106//106 101//101 104//104
f 110//110 108//108 106//106
f 112//112 114//114 108//108
f 112//112 108//108 110//110
f 115//115 117//117 114//114
f 115//115 114//114 112//112
f 119//119 117//117 115//115
f 121//121 124//124 117//117
f 121//121 117//117 119//119
f 125//125 124//124 121//121
f 128//128 130//130 124//124
f 128//128 124//124 125//125
f 131//131 134//134 130//130
f 131//131 130//130 128//128
f 135//135 134//134 131//131
f 137//137 134//134 135//135
f 137//137 139//139 134//134
f 142//142 139//139 137//137
f 142//142 143//143 139//139
f 146//146 143//143 142//142
f 148//148 143//143 146//146
f 148//148 150//150 143//143
f 152//152 150//150 148//148
f 154//154 150//150 152//152
f 154//154 155//155 150//150
f 157//157 155//155 154//154
f 157//157 159//159 155//155
f 162//162 159//159 157//157
f 163//163 159//159 162//162
f 163//163 165//165 159//159
f 168//168 165//165 163//163
f 169//169 171//171 165//165
f 169//169 165//165 168//168
f 174//174 176//176 171//171
f 174//174 171//171 169//169
f 177//177 176//176 174//174
f 180//180 181//181 176//176
f 180//180 176//176 177//177
f 183//183 185//185 181//181
f 183//183 181//181 180//180
f 187//187 185//185 183//183
f 190//190 192//192 185//185
f 190//190 185//185 187//187
f 194//194 192//192 190//190
f 195//195 198//198 192//192
f 195//195 192//192 194//194
f 199//199 202//202 198//198
f 199//199 198//198 195//195
f 204//204 202//202 199//199
f 205//205 208//208 202//202
f 205//205 202//202 204//204
f 209//209 208//208 205//205
f 212//212 213//213 208//208
f 212//212 208//208 209//209
f 215//215 217//217 213//213
f 215//215 213//213 212//212
f 220//220 217//217 215//215
f 221//221 224//224 217//217
f 221//221 217//217 220//220
f 225//225 224//224 221//221
f 228//228 230//230 224//224
f 228//228 224//224 225//225
f 232//232 233//233 230//230
f 232//232 230//230 228//228
f 235//235 233//233 232//232
f 238//238 233//233 235//235
f 238//238 239//239 233//233
f 241//241 239//239 238//238
f 241//241 244//244 239//239
f 245//245 244//244 241//241
f 248//248 244//244 245//245
f 248//248 249//249 244//244
f 252//252 249//249 248//248
f 253//253 249//249 252//252
f 253//253 256//256 249//249
f 257//257 256//256 253//253
f 257//257 260//260 256//256
f 261//261 260//260 257//257
f 261//261 264//264 260//260
f 265//265 264//264 261//261
f 268//268 264//264 265//265
f 268//268 269//269 264//264
f 272//272 269//269 268//268
f 272//272 273//273 269//269
f 276//276 273//273 272//272
f 276//276 277//277 273//273
f 280//280 277//277 276//276
f 280//280 282//282 277//277
f 283//283 282//282 280//280
f 286//286 282//282 283//283
f 286//286 288//288 282//282
f 289//289 288//288 286//286
f 289//289 291//291 288//288
f 294//294 295//295 291//291
f 294//294 291//291 289//289
f 298//298 295//295 294//294
f 299//299 302//302 295//295
f 299//299 295//295 298//298
f 303//303 306//306 302//302
f 303//303 302//302 299//299
f 308//308 309//309 306//306
f 308//308 306//306 303//303
f 312//312 313//313 309//309
f 312//312 309//309 308//308
f 316//316 317//317 313//313
f 316//316 313//313 312//312
f 319//319 321//321 317//317
f 319//319 317//317 316//316
f 324//324 325//325 321//321
f 324//324 321//321 319//319
f 327//327 330//330 325//325
f 327//327 325//325 324//324
f 332//332 333//333 330//330
f 332//332 330//330 327//327
f 335//335 334//334 337//337
f 340//340 337//337 342//342
f 340//340 335//335 337//337
f 343//343 342//342 345//345
f 343//343 340//340 342//342
f 348//348 345//345 350//350
f 348//348 343//343 345//345
f 352//352 350//350 353//353
f 352//352 348//348 350//350
f 356//356 353//353 358//358
f 356//356 352//352 353//353
f 360//360 358//358 361//361
f 360//360 356//356 358//358
f 364//364 361//361 366//366
f 364//364 360//360 361//361
f 368//368 366//366 369//369
f 368//368 364//364 366//366
f 372//372 369//369 373//373
f 372//372 368//368 369//369
f 376//376 373//373 377//377
f 376//376 372//372 373//373
f 380//380 377//377 381//381
f 380//380 376//376 377//377
f 384//384 381//381 385//385
f 384//384 380//380 381//381
f 388//388 385//385 389//389
f 388//388 384//384 385//385
f 392//392 389//389 393//393
f 392//392 388//388 389//389
f 396//396 393//393 397//397
f 396//396 392//392 393//393
f 400//400 397//397 401//401
f 400//400 396//396 397//397
f 404//404 400//400 401//401
f 404//404 401//401 405//405
f 408//408 404//404 405//405
f 408//408 405//405 409//409
f 412//412 408//408 409//409
f 412//412 409//409 413//413
f 415//415 412//412 413//413
f 415//415 413//413 418//418
f 420//420 418//418 421//421
f 420//420 415//415 418//418
f 423//423 421//421 426//426
f 423//423 426//426 427//427
f 423//423 420//420 421//421
f 430//430 427//427 432//432
f 430//430 423//423 427//427
f 434//434 432//432 435//435
f 434//434 430//430 432//432
f 438//438 435//435 439//439
f 438//438 434//434 435//435
f 442//442 439//439 443//443
f 442//442 438//438 439//439
f 446//446 443//443 447//447
f 446//446 442//442 443//443
f 450//450 447//447 451//451
f 450//450 446//446 447//447
f 454//454 451//451 455//455
f 454//454 450//450 451//451
f 458//458 455//455 459//459
f 458//458 454//454 455//455
f 462//462 459//459 463//463
f 462//462 458//458 459//459
f 466//466 463//463 467//467
f 466//466 462//462 463//463
f 470//470 467//467 471//471
f 470//470 466//466 467//467
f 474//474 471//471 475//475
f 474//474 470//470 471//471
f 478//478 475//475 479//479
f 478//478 474//474 475//475
f 482//482 479//479 483//483
f 482//482 478//478 479//479
f 486//486 483//483 487//487
f 486//486 482//482 483//483
f 490//490 487//487 491//491
f 490//490 486//486 487//487
f 494//494 491//491 495//495
f 494//494 490//490 491//491
f 498//498 495//495 500//500
f 498//498 494//494 495//495
f 501//501 498//498 500//500
f 501//501 500//500 504//504
f 505//505 501//501 504//504
f 505//505 504//504 508//508
f 509//509 505//505 508//508
f 509//509 508//508 512//512
f 513//513 509//509 512//512
f 513//513 512//512 516//516
f 513//513 516//516 517//517
f 520//520 513//513 517//517
f 520//520 517//517 521//521
f 524//524 520//520 521//521
f 524//524 521//521 525//525
f 528//528 524//524 525//525
f 528//528 525//525 529//529
f 532//532 528//528 529//529
f 532//532 529//529 533//533
f 536//536 532//532 533//533
f 536//536 533//533 537//537
f 540//540 536//536 537//537
f 540//540 537//537 541//541
f 543//543 540//540 541//541
f 543//543 541//541 546//546
f 548//548 543//543 546//546
f 548//548 546//546 549//549
f 551//551 548//548 549//549
f 551//551 549//549 554//554
f 555//555 551//551 554//554
f 555//555 554//554 557//557
f 559//559 557//557 562//562
f 559//559 555//555 557//557
f 563//563 562//562 565//565
f 563//563 559//559 562//562
f 568//568 565//565 569//569
f 568//568 563//563 565//565
f 572//572 569//569 573//573
f 572//572 568//568 569//569
f 575//575 573//573 577//577
f 575//575 572//572 573//573
f 580//580 577//577 581//581
f 580//580 575//575 577//577
f 583//583 581//581 585//585
f 583//583 580//580 581//581
f 588//588 585//585 590//590
f 588//588 583//583 585//585
f 591//591 590//590 594//594
f 591//591 588//588 590//590
f 595//595 597//597 600//600
f 601//601 595//595 600//600
f 601//601 603//603 606//606
f 601//601 600//600 603//603
f 607//607 601//601 606//606
f 607//607 609//609 612//612
f 607//607 606//606 609//609
f 613//613 607//607 612//612
f 613//613 612//612 616//616
f 617//617 620//620 622//622
f 617//617 616//616 620//620
f 617//617 613//613 616//616
f 624//624 617//617 622//622
f 624//624 626//626 627//627
f 624//624 622//622 626//626
f 630//630 624//624 627//627
f 630//630 627//627 632//632
f 633//633 630//630 632//632
f 633//633 636//636 637//637
f 633//633 632//632 636//636
f 639//639 633//633 637//637
f 639//639 642//642 643//643
f 639//639 637//637 642//642
f 645//645 639//639 643//643
f 645//645 643//643 647//647
f 649//649 645//645 647//647
f 649//649 651//651 654//654
f 649//649 647//647 651//651
f 656//656 649//649 654//654
f 656//656 657//657 659//659
f 656//656 654//654 657//657
f 662//662 656//656 659//659
f 662//662 659//659 664//664
f 665//665 662//662 664//664
f 665//665 667//667 670//670
f 665//665 664//664 667//667
f 672//672 665//665 670//670
f 672//672 673//673 675//675
f 672//672 670//670 673//673
f 678//678 672//672 675//675
f 678//678 675//675 679//679
f 682//682 678//678 679//679
f 682//682 684//684 685//685
f 682//682 679//679 684//684
f 688//688 682//682 685//685
f 688//688 689//689 692//692
f 688//688 685//685 689//689
f 693//693 688//688 692//692
f 693//693 692//692 696//696
f 697//697 699//699 702//702
f 697//697 696//696 699//699
f 697//697 693//693 696//696
f 703//703 697//697 702//702
f 703//703 705//705 707//707
f 703//703 702//702 705//705
f 710//710 711//711 714//714
f 710//710 707//707 711//711
f 710//710 703//703 707//707
f 715//715 714//714 718//718
f 715//715 710//710 714//714
f 719//719 722//722 724//724
f 719//719 718//718 722//722
f 719//719 715//715 718//718
f 725//725 728//728 730//730
f 725//725 724//724 728//728
f 725//725 719//719 724//724
f 732//732 730//730 734//734
f 732//732 725//725 730//730
f 735//735 732//732 734//734
f 735//735 738//738 739//739
f 735//735 734//734 738//738
f 741//741 735//735 739//739
f 741//741 744//744 745//745
f 741//741 739//739 744//744
f 748//748 741//741 745//745
f 748//748 745//745 749//749
f 752//752 748//748 749//749
f 752//752 753//753 756//756
f 752//752 749//749 753//753
f 757//757 752//752 756//756
f 757//757 760//760 761//761
f 757//757 756//756 760//760
f 764//764 757//757 761//761
f 764//764 761//761 765//765
f 768//768 764//764 765//765
f 768//768 769//769 772//772
f 768//768 765//765 769//769
f 773//773 776//776 777//777
f 773//773 772//772 776//776
f 773//773 768//768 772//772
f 780//780 773//773 777//777
f 780//780 777//777 781//781
f 784//784 785//785 788//788
f 784//784 781//781 785//785
f 784//784 780//780 781//781
f 789//789 792//792 793//793
f 789//789 788//788 792//792
f 789//789 784//784 788//788
f 795//795 793//793 797//797
f 795//795 789//789 793//793
f 799//799 802//802 803//803
f 799//799 797//797 802//802
f 799//799 795//795 797//797
f 806//806 807//807 810//810
f 806//806 803//803 807//807
f 806//806 799//799 803//803
f 811//811 814//814 815//815
f 811//811 810//810 814//814
f 811//811 806//806 810//810
f 818//818 815//815 819//819
f 818//818 811//811 815//815
f 822//822 823//823 826//826
f 822//822 819//819 823//823
f 822//822 818//818 819//819
f 827//827 830//830 831//831
f 827//827 826//826 830//830
f 827//827 822//822 826//826
f 834//834 827//827 831//831
f 834//834 831//831 836//836
f 838//838 834//834 836//836
f 838//838 840//840 842//842
f 838//838 836//836 840//840
f 844//844 838//838 842//842
f 844//844 846//846 847//847
f 844//844 842//842 846//846
f 849//849 844//844 847//847
f 849//849 847//847 852//852
f 853//853 855//855 858//858
f 853//853 852//852 855//855
f 853//853 849//849 852//852
f 859//859 862//862 863//863
f 859//859 858//858 862//862
f 859//859 853//853 858//858
f 866//866 863//863 867//867
f 866//866 859//859 863//863
f 870//870 872//872 874//874
f 870//870 867//867 872//872
f 870//870 866//866 867//867
f 875//875 877//877 880//880
f 875//875 874//874 877//877
f 875//875 870//870 874//874
f 882//882 880//880 883//883
f 882//882 875//875 880//880
f 885//885 887//887 890//890
f 885//885 883//883 887//887
f 885//885 882//882 883//883
f 892//892 890//890 893//893
f 892//892 885//885 890//890
f 896//896 893//893 897//897
f 896//896 892//892 893//893
f 900//900 897//897 901//901
f 900//900 896//896 897//897
f 904//904 901//901 905//905
f 904//904 900//900 901//901
f 908//908 905//905 910//910
f 908//908 904//904 905//905
f 911//911 910//910 914//914
f 911//911 908//908 910//910
f 915//915 914//914 918//918
f 915//915 911//911 914//914
f 919//919 918//918 922//922
f 919//919 915//915 918//918
f 923//923 922//922 925//925
f 923//923 919//919 922//922
f 928//928 929//929 932//932
f 928//928 933//933 929//929
f 936//936 932//932 937//937
f 936//936 928//928 932//932
f 940//940 937//937 941//941
f 940//940 941//941 944//944
f 940//940 936//936 937//937
f 945//945 940//940 944//944
f 948//948 944//944 949//949
f 948//948 945//945 944//944
f 952//952 949//949 953//953
f 952//952 948//948 949//949
f 956//956 953//953 957//957
f 956//956 957//957 960//960
f 956//956 952//952 953//953
f 961//961 956//956 960//960
f 961//961 960//960 964//964
f 965//965 961//961 964//964
f 968//968 964//964 969//969
f 968//968 969//969 972//972
f 968//968 965//965 964//964
f 973//973 968//968 972//972
f 976//976 973//973 972//972
f 976//976 972//972 977//977
f 980//980 977//977 981//981
f 980//980 981//981 984//984
f 980//980 976//976 977//977
f 986//986 980//980 984//984
f 987//987 984//984 989//989
f 987//987 986//986 984//984
f 992//992 989//989 994//994
f 992//992 987//987 989//989
f 995//995 994//994 997//997
f 995//995 992//992 994//994
f 1000//1000 997//997 1001//1001
f 1000//1000 995//995 997//997
f 1003//1003 1001//1001 1005//1005
f 1003//1003 1000//1000 1001//1001
f 1008//1008 1005//1005 1010//1010
f 1008//1008 1010//1010 1011//1011
f 1008//1008 1003//1003 1005//1005
f 1013//1013 1008//1008 1011//1011
f 1016//1016 1011//1011 1017//1017
f 1016//1016 1013//1013 1011//1011
f 1019//1019 1017//1017 1021//1021
f 1019//1019 1016//1016 1017//1017
f 1024//1024 1021//1021 1026//1026
f 1024//1024 1019//1019 1021//1021
f 1027//1027 1026//1026 1029//1029
f 1027//1027 1029//1029 1032//1032
f 1027//1027 1024//1024 1026//1026
f 1034//1034 1027//1027 1032//1032
f 1036//1036 1032//1032 1037//1037
f 1036//1036 1034//1034 1032//1032
f 1039//1039 1037//1037 1042//1042
f 1039//1039 1036//1036 1037//1037
f 1044//1044 1042//1042 1045//1045
f 1044//1044 1039//1039 1042//1042
f 1047//1047 1045//1045 1049//1049
f 1047//1047 1049//1049 1052//1052
f 1047//1047 1044//1044 1045//1045
f 1054//1054 1047//1047 1052//1052
f 1055//1055 1052//1052 1057//1057
f 1055//1055 1054//1054 1052//1052
f 1060//1060 1062//1062 1063//1063
f 1063//1063 1066//1066 1060//1060
f 1060//1060 1067//1067 1062//1062
f 1066//1066 1070//1070 1060//1060
f 1060//1060 1071//1071 1067//1067
f 1070//1070 1074//1074 1060//1060
f 1060//1060 1075//1075 1071//1071
f 1074//1074 1078//1078 1060//1060
f 1060//1060 1079//1079 1075//1075
f 1078//1078 1082//1082 1060//1060
f 1060//1060 1083//1083 1079//1079
f 1082//1082 1085//1085 1060//1060
f 1085//1085 1088//1088 1060//1060
f 1060//1060 1089//1089 1083//1083
f 1083//1083 1089//1089 1092//1092
f 1089//1089 1094//1094 1092//1092
f 1088//1088 1095//1095 1060//1060
f 1089//1089 1097//1097 1094//1094
f 1095//1095 1099//1099 1060//1060
f 1089//1089 1102//1102 1097//1097
f 1099//1099 1104//1104 1060//1060
f 1089//1089 1105//1105 1102//1102
f 1104//1104 1108//1108 1060//1060
f 1089//1089 1109//1109 1105//1105
f 1108//1108 1111//1111 1060//1060
f 1089//1089 1113//1113 1109//1109
f 1111//1111 1116//1116 1060//1060
f 1089//1089 1117//1117 1113//1113
f 1116//1116 1119//1119 1060//1060
f 1089//1089 1121//1121 1117//1117
f 1119//1119 1124//1124 1060//1060
f 1089//1089 592//592 1121//1121
f 1125//1125 592//592 1089//1089
f 1124//1124 1127//1127 1060//1060
f 1129//1129 587//587 1125//1125
f 1125//1125 587//587 592//592
f 1132//1132 584//584 1129//1129
f 1129//1129 584//584 587//587
f 1133//1133 579//579 1132//1132
f 1132//1132 579//579 584//584
f 1135//1135 576//576 1133//1133
f 1133//1133 576//576 579//579
f 1137//1137 571//571 1135//1135
f 1135//1135 571//571 576//576
f 1140//1140 1142//1142 1144//1144
f 1144//1144 1142//1142 1145//1145
f 1145//1145 1142//1142 1147//1147
f 1147//1147 1142//1142 1127//1127
f 1127//1127 1142//1142 1060//1060
f 1140//1140 1150//1150 1142//1142
f 1137//1137 567//567 571//571
f 1150//1150 1152//1152 1142//1142
f 1137//1137 564//564 567//567
f 1153//1153 564//564 1156//1156
f 1156//1156 564//564 1137//1137
f 1152//1152 1158//1158 1142//1142
f 1153//1153 560//560 564//564
f 1158//1158 1160//1160 1142//1142
f 1153//1153 556//556 560//560
f 1162//1162 556//556 1153//1153
f 1160//1160 1163//1163 1142//1142
f 1162//1162 552//552 556//556
f 1165//1165 552//552 1162//1162
f 1163//1163 1168//1168 1142//1142
f 1165//1165 547//547 552//552
f 1169//1169 547//547 1165//1165
f 1168//1168 1172//1172 1142//1142
f 1169//1169 544//544 547//547
f 1173//1173 544//544 1169//1169
f 1172//1172 1176//1176 1142//1142
f 1173//1173 539//539 544//544
f 1177//1177 539//539 1173//1173
f 1176//1176 1180//1180 1142//1142
f 1177//1177 535//535 539//539
f 1182//1182 535//535 1177//1177
f 1180//1180 1183//1183 1142//1142
f 1182//1182 531//531 535//535
f 1185//1185 531//531 1182//1182
f 1183//1183 1188//1188 1142//1142
f 1185//1185 527//527 531//531
f 1185//1185 1190//1190 527//527
f 1188//1188 1191//1191 1142//1142
f 1190//1190 523//523 527//527
f 1190//1190 1193//1193 523//523
f 1191//1191 1196//1196 1142//1142
f 1193//1193 519//519 523//523
f 1196//1196 1197//1197 1142//1142
f 1193//1193 1200//1200 519//519
f 1200//1200 514//514 519//519
f 1197//1197 1201//1201 1142//1142
f 1200//1200 1204//1204 514//514
f 514//514 1204//1204 510//510
f 1201//1201 1205//1205 1142//1142
f 1204//1204 1208//1208 510//510
f 510//510 1208//1208 506//506
f 1205//1205 1209//1209 1142//1142
f 1208//1208 1211//1211 506//506
f 506//506 1211//1211 502//502
f 502//502 1214//1214 497//497
f 1211//1211 1214//1214 502//502
f 1214//1214 1215//1215 497//497
f 497//497 1215//1215 493//493
f 1215//1215 1218//1218 493//493
f 493//493 1218//1218 489//489
f 1218//1218 1219//1219 489//489
f 489//489 1219//1219 485//485
f 1219//1219 1222//1222 485//485
f 485//485 1222//1222 481//481
f 1222//1222 1223//1223 481//481
f 481//481 1223//1223 477//477
f 1223//1223 1226//1226 477//477
f 477//477 1226//1226 473//473
f 1226//1226 1227//1227 473//473
f 473//473 1227//1227 469//469
f 1227//1227 1230//1230 469//469
f 469//469 1230//1230 465//465
f 1230//1230 1231//1231 465//465
f 465//465 1231//1231 461//461
f 336//336 1234//1234 1236//1236
f 1236//1236 1234//1234 1237//1237
f 1237//1237 1234//1234 1239//1239
f 1239//1239 1234//1234 1242//1242
f 1242//1242 1234//1234 1243//1243
f 1243//1243 1234//1234 1246//1246
f 1246//1246 1234//1234 1247//1247
f 1247//1247 1234//1234 1249//1249
f 1249//1249 1234//1234 1252//1252
f 1252//1252 1234//1234 1209//1209
f 1209//1209 1234//1234 1142//1142
f 1231//1231 1254//1254 461//461
f 461//461 1254//1254 457//457
f 339//339 1255//1255 336//336
f 336//336 1255//1255 1234//1234
f 1254//1254 1258//1258 457//457
f 457//457 1258//1258 453//453
f 344//344 1260//1260 339//339
f 339//339 1260//1260 1255//1255
f 453//453 1262//1262 449//449
f 1258//1258 1262//1262 453//453
f 344//344 1263//1263 1260//1260
f 347//347 1263//1263 344//344
f 449//449 1266//1266 445//445
f 1262//1262 1266//1266 449//449
f 347//347 1268//1268 1263//1263
f 351//351 1268//1268 347//347
f 445//445 1270//1270 441//441
f 1266//1266 1270//1270 445//445
f 351//351 1271//1271 1268//1268
f 355//355 1271//1271 351//351
f 441//441 1273//1273 437//437
f 1270//1270 1273//1273 441//441
f 359//359 1276//1276 355//355
f 355//355 1276//1276 1271//1271
f 437//437 1278//1278 433//433
f 1273//1273 1278//1278 437//437
f 363//363 1279//1279 359//359
f 359//359 1279//1279 1276//1276
f 433//433 1282//1282 429//429
f 1278//1278 1282//1282 433//433
f 367//367 1283//1283 363//363
f 363//363 1283//1283 1279//1279
f 429//429 1286//1286 424//424
f 1282//1282 1286//1286 429//429
f 371//371 1287//1287 367//367
f 367//367 1287//1287 1283//1283
f 424//424 1290//1290 419//419
f 1286//1286 1290//1290 424//424
f 375//375 1291//1291 371//371
f 371//371 1291//1291 1287//1287
f 419//419 1293//1293 416//416
f 1290//1290 1293//1293 419//419
f 379//379 1296//1296 375//375
f 375//375 1296//1296 1291//1291
f 416//416 1297//1297 411//411
f 1293//1293 1297//1297 416//416
f 383//383 1299//1299 379//379
f 379//379 1299//1299 1296//1296
f 411//411 1302//1302 407//407
f 1297//1297 1302//1302 411//411
f 387//387 1304//1304 383//383
f 383//383 1304//1304 1299//1299
f 407//407 1305//1305 403//403
f 1302//1302 1305//1305 407//407
f 391//391 1308//1308 387//387
f 387//387 1308//1308 1304//1304
f 403//403 1310//1310 399//399
f 1305//1305 1310//1310 403//403
f 395//395 1311//1311 391//391
f 391//391 1311//1311 1308//1308
f 399//399 1314//1314 395//395
f 395//395 1314//1314 1311//1311
f 1310//1310 1314//1314 399//399
f 1315//1315 1141//1141 1233//1233
f 1316//1316 1319//1319 1320//1320
f 1323//1323 1325//1325 1316//1316
f 1327//1327 1325//1325 1323//1323
f 1328//1328 1325//1325 1327//1327
f 1330//1330 1325//1325 1328//1328
f 1333//1333 1325//1325 1330//1330
f 1335//1335 1325//1325 1333//1333
f 1336//1336 1325//1325 1335//1335
f 1338//1338 1325//1325 1336//1336
f 1341//1341 1325//1325 1338//1338
f 1342//1342 1325//1325 1341//1341
f 1344//1344 1325//1325 1342//1342
f 1347//1347 1325//1325 1344//1344
f 1349//1349 1325//1325 1347//1347
f 1351//1351 1325//1325 1349//1349
f 1352//1352 1325//1325 1351//1351
f 1354//1354 1325//1325 1352//1352
f 1357//1357 1325//1325 1354//1354
f 1359//1359 1325//1325 1357//1357
f 1360//1360 1325//1325 1359//1359
f 1363//1363 1325//1325 1360//1360
f 1364//1364 1325//1325 1363//1363
f 1367//1367 1325//1325 1364//1364
f 1368//1368 1325//1325 1367//1367
f 1371//1371 1325//1325 1368//1368
f 1373//1373 1325//1325 1371//1371
f 1374//1374 1325//1325 1373//1373
f 1376//1376 1325//1325 1374//1374
f 1379//1379 1325//1325 1376//1376
f 1380//1380 1325//1325 1379//1379
f 1382//1382 1325//1325 1380//1380
f 1316//1316 1325//1325 1319//1319
f 1315//1315 1325//1325 1141//1141
f 1141//1141 1325//1325 1385//1385
f 1385//1385 1325//1325 1382//1382
f 1126//1126 1090//1090 1386//1386
f 1126//1126 1386//1386 1387//1387
f 1130//1130 1387//1387 1388//1388
f 1130//1130 1126//1126 1387//1387
f 1131//1131 1388//1388 1389//1389
f 1131//1131 1130//1130 1388//1388
f 1134//1134 1389//1389 1390//1390
f 1134//1134 1131//1131 1389//1389
f 1136//1136 1390//1390 1391//1391
f 1136//1136 1134//1134 1390//1390
f 1138//1138 1391//1391 1392//1392
f 1138//1138 1136//1136 1391//1391
f 1155//1155 1392//1392 1393//1393
f 1155//1155 1138//1138 1392//1392
f 1154//1154 1393//1393 1394//1394
f 1154//1154 1155//1155 1393//1393
f 1161//1161 1394//1394 1395//1395
f 1161//1161 1154//1154 1394//1394
f 1166//1166 1395//1395 1396//1396
f 1166//1166 1161//1161 1395//1395
f 1170//1170 1396//1396 1397//1397
f 1170//1170 1166//1166 1396//1396
f 1174//1174 1397//1397 1398//1398
f 1174//1174 1170//1170 1397//1397
f 1178//1178 1398//1398 1399//1399
f 1178//1178 1174//1174 1398//1398
f 1181//1181 1399//1399 1400//1400
f 1181//1181 1178//1178 1399//1399
f 1186//1186 1400//1400 1401//1401
f 1186//1186 1181//1181 1400//1400
f 1189//1189 1401//1401 1402//1402
f 1189//1189 1186//1186 1401//1401
f 1194//1194 1402//1402 1403//1403
f 1194//1194 1189//1189 1402//1402
f 1199//1199 1403//1403 1404//1404
f 1199//1199 1194//1194 1403//1403
f 1203//1203 1199//1199 1404//1404
f 1203//1203 1404//1404 1405//1405
f 1207//1207 1203//1203 1405//1405
f 1207//1207 1405//1405 1406//1406
f 1212//1212 1207//1207 1406//1406
f 1212//1212 1406//1406 1407//1407
f 1213//1213 1212//1212 1407//1407
f 1213//1213 1407//1407 1408//1408
f 1216//1216 1408//1408 1409//1409
f 1216//1216 1213//1213 1408//1408
f 1217//1217 1409//1409 1410//1410
f 1217//1217 1216//1216 1409//1409
f 1220//1220 1410//1410 1411//1411
f 1220//1220 1217//1217 1410//1410
f 1221//1221 1411//1411 1412//1412
f 1221//1221 1220//1220 1411//1411
f 1224//1224 1412//1412 1413//1413
f 1224//1224 1221//1221 1412//1412
f 1225//1225 1413//1413 1414//1414
f 1225//1225 1224//1224 1413//1413
f 1228//1228 1414//1414 1415//1415
f 1228//1228 1225//1225 1414//1414
f 1229//1229 1415//1415 1416//1416
f 1229//1229 1228//1228 1415//1415
f 1232//1232 1416//1416 1417//1417
f 1232//1232 1229//1229 1416//1416
f 1253//1253 1417//1417 1418//1418
f 1253//1253 1232//1232 1417//1417
f 1257//1257 1418//1418 1419//1419
f 1257//1257 1253//1253 1418//1418
f 1261//1261 1419//1419 1420//1420
f 1261//1261 1257//1257 1419//1419
f 1265//1265 1420//1420 1421//1421
f 1265//1265 1261//1261 1420//1420
f 1269//1269 1421//1421 1422//1422
f 1269//1269 1265//1265 1421//1421
f 1274//1274 1422//1422 1423//1423
f 1274//1274 1269//1269 1422//1422
f 1277//1277 1423//1423 1424//1424
f 1277//1277 1274//1274 1423//1423
f 1281//1281 1424//1424 1425//1425
f 1281//1281 1277//1277 1424//1424
f 1285//1285 1425//1425 1426//1426
f 1285//1285 1281//1281 1425//1425
f 1289//1289 1426//1426 1427//1427
f 1289//1289 1285//1285 1426//1426
f 1294//1294 1427//1427 1428//1428
f 1294//1294 1289//1289 1427//1427
f 1298//1298 1294//1294 1428//1428
f 1298//1298 1428//1428 1429//1429
f 1301//1301 1298//1298 1429//1429
f 1301//1301 1429//1429 1430//1430
f 1306//1306 1301//1301 1430//1430
f 1306//1306 1430//1430 1431//1431
f 1309//1309 1306//1306 1431//1431
f 1309//1309 1431//1431 1432//1432
f 1313//1313 1309//1309 1432//1432
f 1313//1313 1432//1432 1433//1433
f 1312//1312 1313//1313 1433//1433
f 1312//1312 1433//1433 1434//1434
f 1307//1307 1312//1312 1434//1434
f 1307//1307 1434//1434 1435//1435
f 1303//1303 1307//1307 1435//1435
f 1303//1303 1435//1435 1436//1436
f 1300//1300 1303//1303 1436//1436
f 1300//1300 1436//1436 1437//1437
f 1295//1295 1300//1300 1437//1437
f 1295//1295 1437//1437 1438//1438
f 1292//1292 1295//1295 1438//1438
f 1292//1292 1438//1438 1439//1439
f 1288//1288 1292//1292 1439//1439
f 1288//1288 1439//1439 1440//1440
f 1284//1284 1288//1288 1440//1440
f 1284//1284 1440//1440 1441//1441
f 1280//1280 1284//1284 1441//1441
f 1280//1280 1441//1441 1442//1442
f 1275//1275 1442//1442 1443//1443
f 1275//1275 1280//1280 1442//1442
f 1272//1272 1443//1443 1444//1444
f 1272//1272 1275//1275 1443//1443
f 1267//1267 1444//1444 1445//1445
f 1267//1267 1272//1272 1444//1444
f 1264//1264 1445//1445 1446//1446
f 1264//1264 1267//1267 1445//1445
f 1259//1259 1446//1446 1447//1447
f 1259//1259 1264//1264 1446//1446
f 1256//1256 1447//1447 1448//1448
f 1256//1256 1448//1448 1315//1315
f 1256//1256 1259//1259 1447//1447
f 1233//1233 1256//1256 1315//1315
f 933//933 1449//1449 929//929
f 1451//1451 1449//1449 933//933
f 1451//1451 1453//1453 1449//1449
f 1451//1451 1456//1456 1453//1453
f 1451//1451 1458//1458 1456//1456
f 1451//1451 1459//1459 1458//1458
f 1451//1451 1462//1462 1459//1459
f 1451//1451 1463//1463 1462//1462
f 1451//1451 1465//1465 1463//1463
f 1451//1451 1468//1468 1465//1465
f 1451//1451 1469//1469 1468//1468
f 1451//1451 1472//1472 1469//1469
f 1451//1451 1473//1473 1472//1472
f 1451//1451 1476//1476 1473//1473
f 1451//1451 1477//1477 1476//1476
f 1451//1451 1480//1480 1477//1477
f 1451//1451 1482//1482 1480//1480
f 1451//1451 1483//1483 1482//1482
f 1451//1451 1486//1486 1483//1483
f 1451//1451 1487//1487 1486//1486
f 1451//1451 1489//1489 1487//1487
f 1451//1451 1492//1492 1489//1489
f 1451//1451 1494//1494 1492//1492
f 1451//1451 1495//1495 1494//1494
f 1451//1451 1498//1498 1495//1495
f 1451//1451 1499//1499 1498//1498
f 1451//1451 1502//1502 1499//1499
f 1451//1451 1503//1503 1502//1502
f 1451//1451 1506//1506 1503//1503
f 1451//1451 1507//1507 1506//1506
f 1451//1451 1509//1509 1507//1507
f 1451//1451 1511//1511 1509//1509
f 1059//1059 1386//1386 1090//1090
f 1451//1451 1386//1386 1059//1059
f 1451//1451 1059//1059 1513//1513
f 1451//1451 1513//1513 1511//1511
f 991//991 1516//1516 988//988
f 996//996 1518//1518 991//991
f 991//991 1518//1518 1516//1516
f 988//988 1519//1519 985//985
f 1516//1516 1519//1519 988//988
f 996//996 1522//1522 1518//1518
f 999//999 1522//1522 996//996
f 1519//1519 1524//1524 985//985
f 985//985 1524//1524 979//979
f 1004//1004 1525//1525 999//999
f 999//999 1525//1525 1522//1522
f 1524//1524 1528//1528 979//979
f 979//979 1528//1528 975//975
f 1004//1004 1529//1529 1525//1525
f 1007//1007 1529//1529 1004//1004
f 1528//1528 1532//1532 975//975
f 975//975 1532//1532 974//974
f 1007//1007 1533//1533 1529//1529
f 1014//1014 1533//1533 1007//1007
f 1532//1532 1535//1535 974//974
f 974//974 1535//1535 967//967
f 1014//1014 1537//1537 1533//1533
f 1015//1015 1537//1537 1014//1014
f 1535//1535 1539//1539 967//967
f 967//967 1539//1539 966//966
f 1015//1015 1542//1542 1537//1537
f 1020//1020 1542//1542 1015//1015
f 1539//1539 1543//1543 966//966
f 966//966 1543//1543 962//962
f 1020//1020 1546//1546 1542//1542
f 1023//1023 1546//1546 1020//1020
f 1543//1543 1548//1548 962//962
f 962//962 1548//1548 955//955
f 1023//1023 1549//1549 1546//1546
f 1028//1028 1549//1549 1023//1023
f 1548//1548 1552//1552 955//955
f 955//955 1552//1552 951//951
f 1033//1033 1553//1553 1028//1028
f 1028//1028 1553//1553 1549//1549
f 1552//1552 1555//1555 951//951
f 951//951 1555//1555 947//947
f 1033//1033 1557//1557 1553//1553
f 1035//1035 1557//1557 1033//1033
f 1555//1555 1559//1559 947//947
f 947//947 1559//1559 946//946
f 1040//1040 1561//1561 1035//1035
f 1035//1035 1561//1561 1557//1557
f 946//946 1563//1563 939//939
f 1559//1559 1563//1563 946//946
f 1040//1040 1566//1566 1561//1561
f 1043//1043 1566//1566 1040//1040
f 939//939 1567//1567 935//935
f 1563//1563 1567//1567 939//939
f 1043//1043 1570//1570 1566//1566
f 1048//1048 1570//1570 1043//1043
f 1567//1567 1571//1571 935//935
f 935//935 1571//1571 927//927
f 1048//1048 1574//1574 1570//1570
f 1053//1053 1574//1574 1048//1048
f 927//927 1575//1575 934//934
f 1571//1571 1575//1575 927//927
f 1577//1577 924//924 1056//1056
f 1053//1053 924//924 1574//1574
f 1056//1056 924//924 1053//1053
f 1575//1575 1580//1580 934//934
f 1582//1582 920//920 1577//1577
f 1577//1577 920//920 924//924
f 1580//1580 1583//1583 934//934
f 1582//1582 916//916 920//920
f 1585//1585 916//916 1582//1582
f 1583//1583 1587//1587 934//934
f 1590//1590 912//912 1585//1585
f 1585//1585 912//912 916//916
f 1587//1587 1591//1591 934//934
f 1590//1590 907//907 912//912
f 1593//1593 907//907 1590//1590
f 1591//1591 1596//1596 934//934
f 1593//1593 903//903 907//907
f 1598//1598 903//903 1593//1593
f 1596//1596 1600//1600 934//934
f 1598//1598 899//899 903//903
f 1602//1602 899//899 1598//1598
f 1600//1600 1604//1604 934//934
f 1605//1605 895//895 1602//1602
f 1602//1602 895//895 899//899
f 1605//1605 891//891 895//895
f 1608//1608 891//891 1605//1605
f 1608//1608 886//886 891//891
f 1609//1609 886//886 1608//1608
f 1609//1609 881//881 886//886
f 1612//1612 881//881 1609//1609
f 1613//1613 1452//1452 1616//1616
f 1616//1616 1452//1452 1617//1617
f 1617//1617 1452//1452 1604//1604
f 1604//1604 1452//1452 934//934
f 1613//1613 1619//1619 1452//1452
f 1622//1622 876//876 1612//1612
f 1612//1612 876//876 881//881
f 1619//1619 1623//1623 1452//1452
f 1622//1622 869//869 876//876
f 1625//1625 869//869 1622//1622
f 1623//1623 1628//1628 1452//1452
f 1625//1625 865//865 869//869
f 1625//1625 1630//1630 865//865
f 1628//1628 1631//1631 1452//1452
f 1630//1630 860//860 865//865
f 1630//1630 1633//1633 860//860
f 1631//1631 1636//1636 1452//1452
f 1633//1633 854//854 860//860
f 1637//1637 1639//1639 1641//1641
f 1643//1643 1639//1639 1637//1637
f 1452//1452 1639//1639 1643//1643
f 1636//1636 1639//1639 1452//1452
f 1633//1633 1645//1645 854//854
f 1645//1645 850//850 854//854
f 1648//1648 1649//1649 1652//1652
f 1653//1653 1649//1649 1648//1648
f 1656//1656 1649//1649 1653//1653
f 1657//1657 1649//1649 1656//1656
f 1660//1660 1649//1649 1657//1657
f 1661//1661 1649//1649 1660//1660
f 1641//1641 1649//1649 1661//1661
f 1639//1639 1649//1649 1641//1641
f 1645//1645 1663//1663 850//850
f 850//850 1663//1663 843//843
f 1666//1666 1668//1668 1670//1670
f 1671//1671 1668//1668 1666//1666
f 1652//1652 1668//1668 1671//1671
f 1649//1649 1668//1668 1652//1652
f 1668//1668 1673//1673 1670//1670
f 1668//1668 1676//1676 1673//1673
f 1663//1663 1678//1678 843//843
f 843//843 1678//1678 837//837
f 1668//1668 1680//1680 1676//1676
f 1681//1681 1683//1683 1668//1668
f 1668//1668 1683//1683 1680//1680
f 1678//1678 1685//1685 837//837
f 837//837 1685//1685 833//833
f 1681//1681 1688//1688 1683//1683
f 1681//1681 1689//1689 1688//1688
f 1685//1685 1692//1692 833//833
f 833//833 1692//1692 828//828
f 1681//1681 1693//1693 1689//1689
f 1681//1681 1696//1696 1693//1693
f 1681//1681 1697//1697 1696//1696
f 1692//1692 1700//1700 828//828
f 828//828 1700//1700 821//821
f 1681//1681 1701//1701 1697//1697
f 1704//1704 1705//1705 1681//1681
f 1681//1681 1705//1705 1701//1701
f 821//821 1708//1708 817//817
f 1700//1700 1708//1708 821//821
f 1704//1704 1709//1709 1705//1705
f 1704//1704 1712//1712 1709//1709
f 817//817 1713//1713 812//812
f 1708//1708 1713//1713 817//817
f 1704//1704 1715//1715 1712//1712
f 1704//1704 1717//1717 1715//1715
f 1704//1704 1720//1720 1717//1717
f 812//812 1721//1721 805//805
f 1713//1713 1721//1721 812//812
f 1704//1704 1723//1723 1720//1720
f 1726//1726 1728//1728 1704//1704
f 1704//1704 1728//1728 1723//1723
f 805//805 1730//1730 800//800
f 1721//1721 1730//1730 805//805
f 1726//1726 1732//1732 1728//1728
f 1734//1734 1732//1732 1735//1735
f 1735//1735 1732//1732 1738//1738
f 1738//1738 1732//1732 1740//1740
f 1740//1740 1732//1732 1726//1726
f 1741//1741 1732//1732 1744//1744
f 1744//1744 1732//1732 1746//1746
f 1746//1746 1732//1732 1734//1734
f 1741//1741 1748//1748 1732//1732
f 1730//1730 1749//1749 800//800
f 800//800 1749//1749 796//796
f 1748//1748 1752//1752 1732//1732
f 1752//1752 1753//1753 1732//1732
f 1749//1749 1756//1756 796//796
f 796//796 1756//1756 790//790
f 1753//1753 596//596 1732//1732
f 1756//1756 1757//1757 790//790
f 790//790 1757//1757 783//783
f 1757//1757 1760//1760 783//783
f 783//783 1760//1760 779//779
f 1760//1760 1761//1761 779//779
f 779//779 1761//1761 774//774
f 1761//1761 1764//1764 774//774
f 774//774 1764//1764 767//767
f 1764//1764 1318//1318 767//767
f 767//767 1318//1318 763//763
f 763//763 1318//1318 758//758
f 758//758 1318//1318 751//751
f 751//751 1318//1318 747//747
f 747//747 1318//1318 742//742
f 742//742 1318//1318 736//736
f 736//736 1318//1318 731//731
f 596//596 1766//1766 1732//1732
f 655//655 1766//1766 650//650
f 650//650 1766//1766 646//646
f 646//646 1766//1766 640//640
f 640//640 1766//1766 634//634
f 634//634 1766//1766 629//629
f 629//629 1766//1766 623//623
f 623//623 1766//1766 618//618
f 618//618 1766//1766 614//614
f 614//614 1766//1766 608//608
f 608//608 1766//1766 602//602
f 602//602 1766//1766 596//596
f 1318//1318 1324//1324 731//731
f 731//731 1324//1324 726//726
f 726//726 1324//1324 720//720
f 720//720 1324//1324 716//716
f 716//716 1324//1324 709//709
f 709//709 1324//1324 704//704
f 704//704 1324//1324 698//698
f 698//698 1324//1324 694//694
f 694//694 1324//1324 687//687
f 687//687 1324//1324 681//681
f 1324//1324 1768//1768 681//681
f 655//655 1769//1769 1766//1766
f 661//661 1769//1769 655//655
f 1768//1768 1771//1771 681//681
f 661//661 1774//1774 1769//1769
f 1771//1771 1776//1776 681//681
f 681//681 1776//1776 677//677
f 661//661 1777//1777 1774//1774
f 1776//1776 1779//1779 677//677
f 661//661 1782//1782 1777//1777
f 1779//1779 1784//1784 677//677
f 661//661 1785//1785 1782//1782
f 1784//1784 1787//1787 677//677
f 661//661 1789//1789 1785//1785
f 1787//1787 1792//1792 677//677
f 661//661 1794//1794 1789//1789
f 1792//1792 1795//1795 677//677
f 661//661 1798//1798 1794//1794
f 666//666 1798//1798 661//661
f 1795//1795 1799//1799 677//677
f 666//666 1801//1801 1798//1798
f 1799//1799 1803//1803 677//677
f 677//677 1803//1803 671//671
f 666//666 1806//1806 1801//1801
f 1803//1803 1808//1808 671//671
f 666//666 1809//1809 1806//1806
f 666//666 1811//1811 1809//1809
f 1808//1808 1814//1814 671//671
f 1814//1814 1815//1815 671//671
f 666//666 1818//1818 1811//1811
f 1815//1815 1820//1820 671//671
f 666//666 1821//1821 1818//1818
f 1820//1820 1824//1824 671//671
f 666//666 1826//1826 1821//1821
f 671//671 1826//1826 666//666
f 1824//1824 1828//1828 671//671
f 671//671 1828//1828 1826//1826
f 1829//1829 1731//1731 1765//1765
f 1830//1830 1831//1831 1829//1829
f 1832//1832 1833//1833 1830//1830
f 1832//1832 1830//1830 1829//1829
f 1834//1834 1835//1835 1832//1832
f 1836//1836 1834//1834 1832//1832
f 1837//1837 1832//1832 1829//1829
f 1837//1837 1836//1836 1832//1832
f 1838//1838 1837//1837 1829//1829
f 1839//1839 1840//1840 1838//1838
f 1841//1841 1839//1839 1838//1838
f 1841//1841 1838//1838 1829//1829
f 1842//1842 1843//1843 1841//1841
f 1844//1844 1845//1845 1842//1842
f 1846//1846 1844//1844 1842//1842
f 1846//1846 1847//1847 1848//1848
f 1846//1846 1848//1848 1844//1844
f 1846//1846 1842//1842 1841//1841
f 1849//1849 1846//1846 1841//1841
f 1850//1850 1849//1849 1841//1841
f 1850//1850 1841//1841 1829//1829
f 1851//1851 1850//1850 1829//1829
f 1851//1851 1852//1852 1850//1850
f 1853//1853 1851//1851 1829//1829
f 1853//1853 1854//1854 1851//1851
f 1855//1855 1856//1856 1853//1853
f 1857//1857 1858//1858 1859//1859
f 1857//1857 1859//1859 1855//1855
f 1860//1860 1855//1855 1853//1853
f 1860//1860 1857//1857 1855//1855
f 1861//1861 1829//1829 1765//1765
f 1862//1862 1860//1860 1853//1853
f 1863//1863 1829//1829 1861//1861
f 1864//1864 1829//1829 1863//1863
f 1865//1865 1866//1866 1862//1862
f 1867//1867 1829//1829 1864//1864
f 1868//1868 1865//1865 1862//1862
f 1869//1869 1868//1868 1862//1862
f 1870//1870 1867//1867 1871//1871
f 1870//1870 1871//1871 1872//1872
f 1870//1870 1872//1872 1873//1873
f 1870//1870 1829//1829 1867//1867
f 1874//1874 1875//1875 1876//1876
f 1874//1874 1876//1876 1869//1869
f 1877//1877 1829//1829 1870//1870
f 1878//1878 1874//1874 1869//1869
f 1878//1878 1869//1869 1862//1862
f 1879//1879 1877//1877 1880//1880
f 1879//1879 1829//1829 1877//1877
f 1881//1881 1882//1882 1878//1878
f 1883//1883 1829//1829 1879//1879
f 1884//1884 1878//1878 1862//1862
f 1884//1884 1881//1881 1878//1878
f 1885//1885 1883//1883 1886//1886
f 1887//1887 1888//1888 1884//1884
f 1887//1887 1884//1884 1862//1862
f 1889//1889 1883//1883 1885//1885
f 1890//1890 1887//1887 1862//1862
f 1891//1891 1889//1889 1892//1892
f 1891//1891 1853//1853 1829//1829
f 1891//1891 1862//1862 1853//1853
f 1891//1891 1829//1829 1883//1883
f 1891//1891 1883//1883 1889//1889
f 1891//1891 1890//1890 1862//1862
f 930//930 938//938 931//931
f 930//930 942//942 938//938
f 930//930 943//943 942//942
f 930//930 950//950 943//943
f 930//930 954//954 950//950
f 930//930 958//958 954//954
f 930//930 959//959 958//958
f 930//930 963//963 959//959
f 930//930 970//970 963//963
f 930//930 971//971 970//970
f 930//930 978//978 971//971
f 930//930 982//982 978//978
f 930//930 983//983 982//982
f 930//930 990//990 983//983
f 930//930 993//993 990//990
f 930//930 998//998 993//993
f 930//930 1002//1002 998//998
f 930//930 1006//1006 1002//1002
f 930//930 1009//1009 1006//1006
f 930//930 1012//1012 1009//1009
f 1012//1012 1030//1030 1018//1018
f 1018//1018 1030//1030 1022//1022
f 1022//1022 1030//1030 1025//1025
f 930//930 1031//1031 1012//1012
f 1012//1012 1031//1031 1030//1030
f 1038//1038 1050//1050 1041//1041
f 1041//1041 1050//1050 1046//1046
f 930//930 1058//1058 1031//1031
f 1031//1031 1058//1058 1038//1038
f 1050//1050 1058//1058 1051//1051
f 1038//1038 1058//1058 1050//1050
f 1317//1317 1321//1321 1450//1450
f 1450//1450 1321//1321 930//930
f 1321//1321 1893//1893 930//930
f 930//930 1895//1895 1058//1058
f 930//930 1897//1897 1895//1895
f 1893//1893 1900//1900 930//930
f 1901//1901 1900//1900 1893//1893
f 1897//1897 1904//1904 1906//1906
f 930//930 1904//1904 1897//1897
f 1908//1908 1909//1909 1900//1900
f 1909//1909 1912//1912 1900//1900
f 1904//1904 1913//1913 1915//1915
f 1912//1912 1917//1917 1900//1900
f 930//930 1920//1920 1904//1904
f 1904//1904 1920//1920 1913//1913
f 1900//1900 1921//1921 930//930
f 1924//1924 1921//1921 1917//1917
f 1917//1917 1921//1921 1900//1900
f 1920//1920 1926//1926 1927//1927
f 930//930 1926//1926 1920//1920
f 1926//1926 1930//1930 1931//1931
f 930//930 1930//1930 1926//1926
f 1921//1921 1934//1934 930//930
f 1935//1935 1934//1934 1921//1921
f 930//930 1938//1938 1930//1930
f 1939//1939 1942//1942 1934//1934
f 1942//1942 1943//1943 1934//1934
f 1934//1934 1946//1946 930//930
f 1943//1943 1946//1946 1934//1934
f 1946//1946 1947//1947 930//930
f 1938//1938 1947//1947 1950//1950
f 1950//1950 1947//1947 1952//1952
f 1952//1952 1947//1947 1953//1953
f 930//930 1947//1947 1938//1938
f 1578//1578 1055//1055 1057//1057
f 1578//1578 1057//1057 1896//1896
f 1578//1578 1896//1896 1898//1898
f 1581//1581 1898//1898 1905//1905
f 1581//1581 1578//1578 1898//1898
f 1586//1586 1581//1581 1905//1905
f 1589//1589 1905//1905 1903//1903
f 1589//1589 1586//1586 1905//1905
f 1594//1594 1903//1903 1916//1916
f 1594//1594 1589//1589 1903//1903
f 1597//1597 1916//1916 1914//1914
f 1597//1597 1594//1594 1916//1916
f 1601//1601 1914//1914 1919//1919
f 1601//1601 1597//1597 1914//1914
f 1606//1606 1919//1919 1928//1928
f 1606//1606 1601//1601 1919//1919
f 1607//1607 1606//1606 1928//1928
f 1607//1607 1928//1928 1925//1925
f 1607//1607 1925//1925 1932//1932
f 1610//1610 1607//1607 1932//1932
f 1611//1611 1932//1932 1929//1929
f 1611//1611 1610//1610 1932//1932
f 1621//1621 1929//1929 1937//1937
f 1621//1621 1937//1937 1949//1949
f 1621//1621 1611//1611 1929//1929
f 1626//1626 1621//1621 1949//1949
f 1629//1629 1949//1949 1951//1951
f 1629//1629 1626//1626 1949//1949
f 1634//1634 1951//1951 1954//1954
f 1634//1634 1954//1954 1948//1948
f 1634//1634 1629//1629 1951//1951
f 1646//1646 1948//1948 1945//1945
f 1646//1646 1634//1634 1948//1948
f 1664//1664 1945//1945 1944//1944
f 1664//1664 1646//1646 1945//1945
f 1677//1677 1944//1944 1941//1941
f 1677//1677 1664//1664 1944//1944
f 1686//1686 1677//1677 1941//1941
f 1691//1691 1941//1941 1940//1940
f 1691//1691 1686//1686 1941//1941
f 1699//1699 1940//1940 1933//1933
f 1699//1699 1691//1691 1940//1940
f 1707//1707 1933//1933 1936//1936
f 1707//1707 1699//1699 1933//1933
f 1714//1714 1936//1936 1922//1922
f 1714//1714 1922//1922 1923//1923
f 1714//1714 1707//1707 1936//1936
f 1722//1722 1714//1714 1923//1923
f 1729//1729 1923//1923 1918//1918
f 1729//1729 1918//1918 1911//1911
f 1729//1729 1722//1722 1923//1923
f 1750//1750 1729//1729 1911//1911
f 1755//1755 1911//1911 1910//1910
f 1755//1755 1750//1750 1911//1911
f 1758//1758 1910//1910 1907//1907
f 1758//1758 1755//1755 1910//1910
f 1759//1759 1907//1907 1899//1899
f 1759//1759 1758//1758 1907//1907
f 1762//1762 1899//1899 1902//1902
f 1762//1762 1759//1759 1899//1899
f 1763//1763 1902//1902 1894//1894
f 1763//1763 1894//1894 1320//1320
f 1763//1763 1762//1762 1902//1902
f 1319//1319 1763//1763 1320//1320
f 1317//1317 1450//1450 1322//1322
f 1322//1322 1454//1454 1326//1326
f 1450//1450 1454//1454 1322//1322
f 1326//1326 1455//1455 1329//1329
f 1454//1454 1455//1455 1326//1326
f 1329//1329 1457//1457 1331//1331
f 1455//1455 1457//1457 1329//1329
f 1331//1331 1460//1460 1332//1332
f 1457//1457 1460//1460 1331//1331
f 1332//1332 1461//1461 1334//1334
f 1460//1460 1461//1461 1332//1332
f 1334//1334 1464//1464 1337//1337
f 1461//1461 1464//1464 1334//1334
f 1337//1337 1466//1466 1339//1339
f 1464//1464 1466//1466 1337//1337
f 1466//1466 1467//1467 1339//1339
f 1339//1339 1467//1467 1340//1340
f 1467//1467 1470//1470 1340//1340
f 1340//1340 1470//1470 1343//1343
f 1343//1343 1471//1471 1345//1345
f 1470//1470 1471//1471 1343//1343
f 1345//1345 1474//1474 1346//1346
f 1471//1471 1474//1474 1345//1345
f 1346//1346 1475//1475 1348//1348
f 1474//1474 1475//1475 1346//1346
f 1475//1475 1478//1478 1348//1348
f 1348//1348 1479//1479 1350//1350
f 1350//1350 1479//1479 1353//1353
f 1478//1478 1479//1479 1348//1348
f 1353//1353 1481//1481 1355//1355
f 1479//1479 1481//1481 1353//1353
f 1481//1481 1484//1484 1355//1355
f 1355//1355 1485//1485 1356//1356
f 1484//1484 1485//1485 1355//1355
f 1356//1356 1488//1488 1358//1358
f 1485//1485 1488//1488 1356//1356
f 1358//1358 1490//1490 1361//1361
f 1488//1488 1490//1490 1358//1358
f 1361//1361 1491//1491 1362//1362
f 1362//1362 1491//1491 1365//1365
f 1490//1490 1491//1491 1361//1361
f 1491//1491 1493//1493 1365//1365
f 1365//1365 1496//1496 1366//1366
f 1493//1493 1496//1496 1365//1365
f 1366//1366 1497//1497 1369//1369
f 1496//1496 1497//1497 1366//1366
f 1369//1369 1500//1500 1370//1370
f 1497//1497 1500//1500 1369//1369
f 1370//1370 1501//1501 1372//1372
f 1500//1500 1501//1501 1370//1370
f 1372//1372 1504//1504 1375//1375
f 1501//1501 1504//1504 1372//1372
f 1375//1375 1505//1505 1377//1377
f 1504//1504 1505//1505 1375//1375
f 1377//1377 1508//1508 1378//1378
f 1505//1505 1508//1508 1377//1377
f 1378//1378 1510//1510 1381//1381
f 1508//1508 1510//1510 1378//1378
f 1381//1381 1512//1512 1383//1383
f 1510//1510 1512//1512 1381//1381
f 1383//1383 1514//1514 1384//1384
f 1512//1512 1514//1514 1383//1383
f 1384//1384 1060//1060 1142//1142
f 1514//1514 1060//1060 1384//1384
f 1767//1767 1325//1325 1315//1315
f 1767//1767 1315//1315 1955//1955
f 1772//1772 1955//1955 1956//1956
f 1772//1772 1767//1767 1955//1955
f 1775//1775 1956//1956 1957//1957
f 1775//1775 1772//1772 1956//1956
f 1780//1780 1957//1957 1958//1958
f 1780//1780 1775//1775 1957//1957
f 1783//1783 1958//1958 1959//1959
f 1783//1783 1780//1780 1958//1958
f 1788//1788 1959//1959 1960//1960
f 1788//1788 1783//1783 1959//1959
f 1791//1791 1960//1960 1961//1961
f 1791//1791 1788//1788 1960//1960
f 1796//1796 1791//1791 1961//1961
f 1796//1796 1961//1961 1962//1962
f 1800//1800 1796//1796 1962//1962
f 1800//1800 1962//1962 1963//1963
f 1804//1804 1800//1800 1963//1963
f 1804//1804 1963//1963 1964//1964
f 1807//1807 1804//1804 1964//1964
f 1807//1807 1964//1964 1965//1965
f 1813//1813 1807//1807 1965//1965
f 1813//1813 1965//1965 1966//1966
f 1816//1816 1813//1813 1966//1966
f 1816//1816 1966//1966 1967//1967
f 1819//1819 1816//1816 1967//1967
f 1819//1819 1967//1967 1968//1968
f 1823//1823 1819//1819 1968//1968
f 1823//1823 1968//1968 1969//1969
f 1827//1827 1823//1823 1969//1969
f 1827//1827 1969//1969 1970//1970
f 1825//1825 1827//1827 1970//1970
f 1825//1825 1970//1970 1971//1971
f 1822//1822 1825//1825 1971//1971
f 1822//1822 1971//1971 1972//1972
f 1817//1817 1972//1972 1973//1973
f 1817//1817 1822//1822 1972//1972
f 1812//1812 1973//1973 1974//1974
f 1812//1812 1817//1817 1973//1973
f 1810//1810 1812//1812 1974//1974
f 1810//1810 1974//1974 1975//1975
f 1805//1805 1975//1975 1976//1976
f 1805//1805 1810//1810 1975//1975
f 1802//1802 1805//1805 1976//1976
f 1802//1802 1976//1976 1977//1977
f 1797//1797 1977//1977 1978//1978
f 1797//1797 1802//1802 1977//1977
f 1793//1793 1978//1978 1979//1979
f 1793//1793 1797//1797 1978//1978
f 1790//1790 1979//1979 1980//1980
f 1790//1790 1793//1793 1979//1979
f 1786//1786 1980//1980 1981//1981
f 1786//1786 1790//1790 1980//1980
f 1781//1781 1981//1981 1982//1982
f 1781//1781 1786//1786 1981//1981
f 1778//1778 1982//1982 1983//1983
f 1778//1778 1781//1781 1982//1982
f 1773//1773 1983//1983 1984//1984
f 1773//1773 1778//1778 1983//1983
f 1770//1770 1984//1984 1985//1985
f 1770//1770 1773//1773 1984//1984
f 1765//1765 1985//1985 1861//1861
f 1765//1765 1770//1770 1985//1985
f 1829//1829 1831//1831 1986//1986
f 1987//1987 1955//1955 1315//1315
f 1987//1987 1315//1315 1448//1448
f 1988//1988 1956//1956 1955//1955
f 1988//1988 1955//1955 1987//1987
f 1989//1989 1987//1987 1448//1448
f 1989//1989 1448//1448 1447//1447
f 1990//1990 1957//1957 1956//1956
f 1990//1990 1956//1956 1988//1988
f 1991//1991 1987//1987 1989//1989
f 1991//1991 1988//1988 1987//1987
f 1992//1992 1958//1958 1957//1957
f 1992//1992 1957//1957 1990//1990
f 1993//1993 1989//1989 1447//1447
f 1993//1993 1447//1447 1446//1446
f 1994//1994 1988//1988 1991//1991
f 1994//1994 1990//1990 1988//1988
f 1995//1995 1959//1959 1958//1958
f 1995//1995 1958//1958 1992//1992
f 1996//1996 1994//1994 1991//1991
f 1996//1996 1991//1991 1989//1989
f 1996//1996 1989//1989 1993//1993
f 1997//1997 1990//1990 1994//1994
f 1997//1997 1992//1992 1990//1990
f 1998//1998 1959//1959 1995//1995
f 1998//1998 1960//1960 1959//1959
f 1999//1999 1993//1993 1446//1446
f 1999//1999 1996//1996 1993//1993
f 1999//1999 1446//1446 1445//1445
f 2000//2000 1997//1997 1994//1994
f 2000//2000 1994//1994 1996//1996
f 2001//2001 1995//1995 1992//1992
f 2001//2001 1992//1992 1997//1997
f 2002//2002 1961//1961 1960//1960
f 2002//2002 1960//1960 1998//1998
f 2003//2003 1996//1996 1999//1999
f 2004//2004 1997//1997 2000//2000
f 2005//2005 1998//1998 1995//1995
f 2005//2005 2002//2002 1998//1998
f 2005//2005 1995//1995 2001//2001
f 2006//2006 1961//1961 2002//2002
f 2006//2006 1962//1962 1961//1961
f 2007//2007 1444//1444 1443//1443
f 2007//2007 1445//1445 1444//1444
f 2007//2007 1999//1999 1445//1445
f 2008//2008 2000//2000 1996//1996
f 2008//2008 1996//1996 2003//2003
f 2009//2009 2001//2001 1997//1997
f 2009//2009 1997//1997 2004//2004
f 2010//2010 2002//2002 2005//2005
f 2011//2011 1963//1963 1962//1962
f 2011//2011 1962//1962 2006//2006
f 2012//2012 1999//1999 2007//2007
f 2012//2012 2003//2003 1999//1999
f 2013//2013 2000//2000 2008//2008
f 2013//2013 2004//2004 2000//2000
f 2014//2014 2005//2005 2001//2001
f 2014//2014 2001//2001 2009//2009
f 2015//2015 2006//2006 2002//2002
f 2015//2015 2002//2002 2010//2010
f 2016//2016 1965//1965 1964//1964
f 2016//2016 1964//1964 1963//1963
f 2016//2016 1963//1963 2011//2011
f 2017//2017 2007//2007 1443//1443
f 2018//2018 2013//2013 2008//2008
f 2018//2018 2008//2008 2003//2003
f 2018//2018 2003//2003 2012//2012
f 2019//2019 2004//2004 2013//2013
f 2019//2019 2009//2009 2004//2004
f 2020//2020 2010//2010 2005//2005
f 2020//2020 2005//2005 2014//2014
f 2021//2021 2006//2006 2015//2015
f 2021//2021 2011//2011 2006//2006
f 2022//2022 1965//1965 2016//2016
f 2023//2023 2012//2012 2007//2007
f 2023//2023 2007//2007 2017//2017
f 2023//2023 2018//2018 2012//2012
f 2024//2024 2013//2013 2018//2018
f 2025//2025 2020//2020 2014//2014
f 2025//2025 2009//2009 2019//2019
f 2025//2025 2014//2014 2009//2009
f 2026//2026 2010//2010 2020//2020
f 2026//2026 2015//2015 2010//2010
f 2027//2027 2011//2011 2021//2021
f 2027//2027 2016//2016 2011//2011
f 2028//2028 2023//2023 2017//2017
f 2028//2028 2017//2017 1443//1443
f 2028//2028 1443//1443 1442//1442
f 2029//2029 1967//1967 1966//1966
f 2029//2029 1966//1966 1965//1965
f 2029//2029 1965//1965 2022//2022
f 2030//2030 2018//2018 2023//2023
f 2031//2031 2013//2013 2024//2024
f 2031//2031 2025//2025 2019//2019
f 2031//2031 2019//2019 2013//2013
f 2032//2032 2020//2020 2025//2025
f 2033//2033 2015//2015 2026//2026
f 2033//2033 2021//2021 2015//2015
f 2033//2033 2027//2027 2021//2021
f 2034//2034 2016//2016 2027//2027
f 2034//2034 2022//2022 2016//2016
f 2035//2035 2023//2023 2028//2028
f 2035//2035 2030//2030 2023//2023
f 2036//2036 1967//1967 2029//2029
f 2037//2037 2018//2018 2030//2030
f 2037//2037 2031//2031 2024//2024
f 2037//2037 2024//2024 2018//2018
f 2038//2038 2025//2025 2031//2031
f 2038//2038 2032//2032 2025//2025
f 2039//2039 2020//2020 2032//2032
f 2039//2039 2026//2026 2020//2020
f 2040//2040 2027//2027 2033//2033
f 2041//2041 2035//2035 2028//2028
f 2041//2041 2028//2028 1442//1442
f 2041//2041 1442//1442 1441//1441
f 2042//2042 2029//2029 2022//2022
f 2042//2042 2022//2022 2034//2034
f 2043//2043 2037//2037 2030//2030
f 2043//2043 2030//2030 2035//2035
f 2044//2044 1969//1969 1968//1968
f 2044//2044 1968//1968 1967//1967
f 2044//2044 1967//1967 2036//2036
f 2045//2045 2031//2031 2037//2037
f 2046//2046 2032//2032 2038//2038
f 2046//2046 2039//2039 2032//2032
f 2047//2047 2026//2026 2039//2039
f 2047//2047 2033//2033 2026//2026
f 2048//2048 2042//2042 2034//2034
f 2048//2048 2027//2027 2040//2040
f 2048//2048 2034//2034 2027//2027
f 2049//2049 2035//2035 2041//2041
f 2049//2049 2043//2043 2035//2035
f 2050//2050 2036//2036 2029//2029
f 2050//2050 2029//2029 2042//2042
f 2051//2051 2037//2037 2043//2043
f 2052//2052 1969//1969 2044//2044
f 2053//2053 2038//2038 2031//2031
f 2053//2053 2046//2046 2038//2038
f 2053//2053 2031//2031 2045//2045
f 2054//2054 2047//2047 2039//2039
f 2054//2054 2039//2039 2046//2046
f 2055//2055 2033//2033 2047//2047
f 2055//2055 2040//2040 2033//2033
f 2056//2056 2041//2041 1441//1441
f 2056//2056 2049//2049 2041//2041
f 2056//2056 1441//1441 1440//1440
f 2057//2057 2042//2042 2048//2048
f 2058//2058 2043//2043 2049//2049
f 2058//2058 2051//2051 2043//2043
f 2059//2059 2036//2036 2050//2050
f 2059//2059 2044//2044 2036//2036
f 2060//2060 2037//2037 2051//2051
f 2060//2060 2045//2045 2037//2037
f 2061//2061 1970//1970 1969//1969
f 2061//2061 1969//1969 2052//2052
f 2062//2062 2046//2046 2053//2053
f 2063//2063 2047//2047 2054//2054
f 2064//2064 2048//2048 2040//2040
f 2064//2064 2040//2040 2055//2055
f 2065//2065 2049//2049 2056//2056
f 2066//2066 2050//2050 2042//2042
f 2066//2066 2042//2042 2057//2057
f 2066//2066 2059//2059 2050//2050
f 2067//2067 2051//2051 2058//2058
f 2068//2068 2052//2052 2044//2044
f 2068//2068 2044//2044 2059//2059
f 2069//2069 2053//2053 2045//2045
f 2069//2069 2045//2045 2060//2060
f 2070//2070 1971//1971 1970//1970
f 2070//2070 1970//1970 2061//2061
f 2071//2071 2054//2054 2046//2046
f 2071//2071 2046//2046 2062//2062
f 2072//2072 2064//2064 2055//2055
f 2072//2072 2047//2047 2063//2063
f 2072//2072 2055//2055 2047//2047
f 2073//2073 2065//2065 2056//2056
f 2073//2073 2056//2056 1440//1440
f 2073//2073 1440//1440 1439//1439
f 2074//2074 2057//2057 2048//2048
f 2074//2074 2048//2048 2064//2064
f 2075//2075 2058//2058 2049//2049
f 2075//2075 2049//2049 2065//2065
f 2076//2076 2059//2059 2066//2066
f 2077//2077 2069//2069 2060//2060
f 2077//2077 2060//2060 2051//2051
f 2077//2077 2051//2051 2067//2067
f 2078//2078 2052//2052 2068//2068
f 2078//2078 2061//2061 2052//2052
f 2079//2079 2053//2053 2069//2069
f 2079//2079 2062//2062 2053//2053
f 2080//2080 1972//1972 1971//1971
f 2080//2080 1971//1971 2070//2070
f 2081//2081 2063//2063 2054//2054
f 2081//2081 2054//2054 2071//2071
f 2082//2082 2064//2064 2072//2072
f 2083//2083 2065//2065 2073//2073
f 2083//2083 2075//2075 2065//2065
f 2084//2084 2066//2066 2057//2057
f 2084//2084 2057//2057 2074//2074
f 2085//2085 2067//2067 2058//2058
f 2085//2085 2058//2058 2075//2075
f 2086//2086 2059//2059 2076//2076
f 2086//2086 2068//2068 2059//2059
f 2087//2087 2069//2069 2077//2077
f 2088//2088 2061//2061 2078//2078
f 2088//2088 2070//2070 2061//2061
f 2089//2089 2071//2071 2062//2062
f 2089//2089 2062//2062 2079//2079
f 2090//2090 1974//1974 1973//1973
f 2090//2090 1973//1973 1972//1972
f 2090//2090 1972//1972 2080//2080
f 2091//2091 2063//2063 2081//2081
f 2091//2091 2072//2072 2063//2063
f 2092//2092 2073//2073 1439//1439
f 2092//2092 2083//2083 2073//2073
f 2092//2092 1439//1439 1438//1438
f 2093//2093 2074//2074 2064//2064
f 2093//2093 2064//2064 2082//2082
f 2094//2094 2075//2075 2083//2083
f 2095//2095 2066//2066 2084//2084
f 2095//2095 2076//2076 2066//2066
f 2096//2096 2077//2077 2067//2067
f 2096//2096 2067//2067 2085//2085
f 2097//2097 2068//2068 2086//2086
f 2097//2097 2078//2078 2068//2068
f 2098//2098 2079//2079 2069//2069
f 2098//2098 2089//2089 2079//2079
f 2098//2098 2069//2069 2087//2087
f 2099//2099 2070//2070 2088//2088
f 2099//2099 2080//2080 2070//2070
f 2100//2100 2081//2081 2071//2071
f 2100//2100 2071//2071 2089//2089
f 2100//2100 2091//2091 2081//2081
f 2101//2101 1974//1974 2090//2090
f 2102//2102 2082//2082 2072//2072
f 2102//2102 2093//2093 2082//2082
f 2102//2102 2072//2072 2091//2091
f 2103//2103 2083//2083 2092//2092
f 2104//2104 2074//2074 2093//2093
f 2104//2104 2084//2084 2074//2074
f 2105//2105 2085//2085 2075//2075
f 2105//2105 2075//2075 2094//2094
f 2106//2106 2086//2086 2076//2076
f 2106//2106 2076//2076 2095//2095
f 2107//2107 2077//2077 2096//2096
f 2107//2107 2087//2087 2077//2077
f 2108//2108 2078//2078 2097//2097
f 2108//2108 2088//2088 2078//2078
f 2109//2109 2100//2100 2089//2089
f 2109//2109 2089//2089 2098//2098
f 2110//2110 2080//2080 2099//2099
f 2110//2110 2090//2090 2080//2080
f 2111//2111 2091//2091 2100//2100
f 2112//2112 1974//1974 2101//2101
f 2112//2112 1975//1975 1974//1974
f 2113//2113 2103//2103 2092//2092
f 2113//2113 1438//1438 1437//1437
f 2113//2113 2092//2092 1438//1438
f 2114//2114 2093//2093 2102//2102
f 2114//2114 2104//2104 2093//2093
f 2115//2115 2105//2105 2094//2094
f 2115//2115 2094//2094 2083//2083
f 2115//2115 2083//2083 2103//2103
f 2116//2116 2084//2084 2104//2104
f 2116//2116 2095//2095 2084//2084
f 2117//2117 2107//2107 2096//2096
f 2117//2117 2096//2096 2085//2085
f 2117//2117 2085//2085 2105//2105
f 2118//2118 2097//2097 2086//2086
f 2118//2118 2086//2086 2106//2106
f 2119//2119 2098//2098 2087//2087
f 2119//2119 2087//2087 2107//2107
f 2120//2120 2088//2088 2108//2108
f 2120//2120 2099//2099 2088//2088
f 2121//2121 2100//2100 2109//2109
f 2122//2122 2101//2101 2090//2090
f 2122//2122 2090//2090 2110//2110
f 2123//2123 2091//2091 2111//2111
f 2123//2123 2114//2114 2102//2102
f 2123//2123 2102//2102 2091//2091
f 2124//2124 1976//1976 1975//1975
f 2124//2124 1975//1975 2112//2112
f 2125//2125 2103//2103 2113//2113
f 2126//2126 2104//2104 2114//2114
f 2126//2126 2116//2116 2104//2104
f 2127//2127 2105//2105 2115//2115
f 2128//2128 2095//2095 2116//2116
f 2128//2128 2106//2106 2095//2095
f 2129//2129 2107//2107 2117//2117
f 2129//2129 2119//2119 2107//2107
f 2130//2130 2097//2097 2118//2118
f 2130//2130 2108//2108 2097//2097
f 2131//2131 2098//2098 2119//2119
f 2131//2131 2109//2109 2098//2098
f 2132//2132 2099//2099 2120//2120
f 2132//2132 2110//2110 2099//2099
f 2133//2133 2111//2111 2100//2100
f 2133//2133 2123//2123 2111//2111
f 2133//2133 2100//2100 2121//2121
f 2134//2134 2112//2112 2101//2101
f 2134//2134 2101//2101 2122//2122
f 2135//2135 2113//2113 1437//1437
f 2135//2135 1436//1436 1435//1435
f 2135//2135 1437//1437 1436//1436
f 2136//2136 2114//2114 2123//2123
f 2137//2137 1977//1977 1976//1976
f 2137//2137 1976//1976 2124//2124
f 2138//2138 2103//2103 2125//2125
f 2138//2138 2115//2115 2103//2103
f 2138//2138 2127//2127 2115//2115
f 2139//2139 2116//2116 2126//2126
f 2140//2140 2105//2105 2127//2127
f 2140//2140 2117//2117 2105//2105
f 2140//2140 2129//2129 2117//2117
f 2141//2141 2118//2118 2106//2106
f 2141//2141 2106//2106 2128//2128
f 2142//2142 2131//2131 2119//2119
f 2142//2142 2119//2119 2129//2129
f 2143//2143 2108//2108 2130//2130
f 2143//2143 2120//2120 2108//2108
f 2144//2144 2109//2109 2131//2131
f 2144//2144 2121//2121 2109//2109
f 2145//2145 2110//2110 2132//2132
f 2145//2145 2122//2122 2110//2110
f 2146//2146 2123//2123 2133//2133
f 2146//2146 2136//2136 2123//2123
f 2147//2147 2124//2124 2112//2112
f 2147//2147 2112//2112 2134//2134
f 2148//2148 2125//2125 2113//2113
f 2148//2148 2113//2113 2135//2135
f 2149//2149 2114//2114 2136//2136
f 2149//2149 2126//2126 2114//2114
f 2149//2149 2139//2139 2126//2126
f 2150//2150 1978//1978 1977//1977
f 2150//2150 1977//1977 2137//2137
f 2151//2151 2127//2127 2138//2138
f 2151//2151 2140//2140 2127//2127
f 2152//2152 2116//2116 2139//2139
f 2152//2152 2141//2141 2128//2128
f 2152//2152 2128//2128 2116//2116
f 2153//2153 2129//2129 2140//2140
f 2154//2154 2130//2130 2118//2118
f 2154//2154 2118//2118 2141//2141
f 2155//2155 2131//2131 2142//2142
f 2156//2156 2120//2120 2143//2143
f 2156//2156 2132//2132 2120//2120
f 2157//2157 2121//2121 2144//2144
f 2157//2157 2133//2133 2121//2121
f 2157//2157 2146//2146 2133//2133
f 2158//2158 2122//2122 2145//2145
f 2158//2158 2134//2134 2122//2122
f 2159//2159 2135//2135 1435//1435
f 2159//2159 1435//1435 1434//1434
f 2160//2160 2136//2136 2146//2146
f 2160//2160 2149//2149 2136//2136
f 2161//2161 2124//2124 2147//2147
f 2161//2161 2137//2137 2124//2124
f 2162//2162 2138//2138 2125//2125
f 2162//2162 2125//2125 2148//2148
f 2163//2163 2139//2139 2149//2149
f 2164//2164 1979//1979 1978//1978
f 2164//2164 1978//1978 2150//2150
f 2165//2165 2140//2140 2151//2151
f 2166//2166 2141//2141 2152//2152
f 2167//2167 2129//2129 2153//2153
f 2167//2167 2142//2142 2129//2129
f 2168//2168 2143//2143 2130//2130
f 2168//2168 2130//2130 2154//2154
f 2169//2169 2144//2144 2131//2131
f 2169//2169 2131//2131 2155//2155
f 2169//2169 2157//2157 2144//2144
f 2170//2170 2145//2145 2132//2132
f 2170//2170 2132//2132 2156//2156
f 2171//2171 2146//2146 2157//2157
f 2172//2172 2147//2147 2134//2134
f 2172//2172 2134//2134 2158//2158
f 2173//2173 2148//2148 2135//2135
f 2173//2173 2135//2135 2159//2159
f 2174//2174 2149//2149 2160//2160
f 2175//2175 2150//2150 2137//2137
f 2175//2175 2137//2137 2161//2161
f 2176//2176 2151//2151 2138//2138
f 2176//2176 2138//2138 2162//2162
f 2177//2177 2152//2152 2139//2139
f 2177//2177 2139//2139 2163//2163
f 2177//2177 2166//2166 2152//2152
f 2178//2178 1981//1981 1980//1980
f 2178//2178 1980//1980 1979//1979
f 2178//2178 1979//1979 2164//2164
f 2179//2179 2140//2140 2165//2165
f 2179//2179 2153//2153 2140//2140
f 2179//2179 2167//2167 2153//2153
f 2180//2180 2154//2154 2141//2141
f 2180//2180 2141//2141 2166//2166
f 2181//2181 2155//2155 2142//2142
f 2181//2181 2169//2169 2155//2155
f 2181//2181 2142//2142 2167//2167
f 2182//2182 2170//2170 2156//2156
f 2182//2182 2143//2143 2168//2168
f 2182//2182 2156//2156 2143//2143
f 2183//2183 2157//2157 2169//2169
f 2184//2184 2145//2145 2170//2170
f 2184//2184 2158//2158 2145//2145
f 2185//2185 2159//2159 1434//1434
f 2186//2186 2146//2146 2171//2171
f 2186//2186 2160//2160 2146//2146
f 2187//2187 2161//2161 2147//2147
f 2187//2187 2147//2147 2172//2172
f 2188//2188 2162//2162 2148//2148
f 2188//2188 2148//2148 2173//2173
f 2189//2189 2149//2149 2174//2174
f 2189//2189 2177//2177 2163//2163
f 2189//2189 2163//2163 2149//2149
f 2190//2190 2178//2178 2164//2164
f 2190//2190 2164//2164 2150//2150
f 2190//2190 2150//2150 2175//2175
f 2191//2191 2151//2151 2176//2176
f 2191//2191 2165//2165 2151//2151
f 2192//2192 2166//2166 2177//2177
f 2193//2193 1981//1981 2178//2178
f 2194//2194 2167//2167 2179//2179
f 2194//2194 2181//2181 2167//2167
f 2195//2195 2154//2154 2180//2180
f 2195//2195 2168//2168 2154//2154
f 2196//2196 2183//2183 2169//2169
f 2196//2196 2169//2169 2181//2181
f 2197//2197 2170//2170 2182//2182
f 2198//2198 2171//2171 2157//2157
f 2198//2198 2157//2157 2183//2183
f 2198//2198 2186//2186 2171//2171
f 2199//2199 2172//2172 2158//2158
f 2199//2199 2158//2158 2184//2184
f 2200//2200 2159//2159 2185//2185
f 2200//2200 2173//2173 2159//2159
f 2201//2201 2160//2160 2186//2186
f 2201//2201 2174//2174 2160//2160
f 2202//2202 2161//2161 2187//2187
f 2202//2202 2175//2175 2161//2161
f 2202//2202 2190//2190 2175//2175
f 2203//2203 2191//2191 2176//2176
f 2203//2203 2162//2162 2188//2188
f 2203//2203 2176//2176 2162//2162
f 2204//2204 2177//2177 2189//2189
f 2204//2204 2192//2192 2177//2177
f 2205//2205 2178//2178 2190//2190
f 2206//2206 2179//2179 2165//2165
f 2206//2206 2165//2165 2191//2191
f 2207//2207 2180//2180 2166//2166
f 2207//2207 2166//2166 2192//2192
f 2207//2207 2195//2195 2180//2180
f 2208//2208 1982//1982 1981//1981
f 2208//2208 1981//1981 2193//2193
f 2209//2209 2181//2181 2194//2194
f 2210//2210 2182//2182 2168//2168
f 2210//2210 2168//2168 2195//2195
f 2211//2211 2183//2183 2196//2196
f 2212//2212 2170//2170 2197//2197
f 2212//2212 2184//2184 2170//2170
f 2213//2213 2185//2185 1434//1434
f 2213//2213 1434//1434 1433//1433
f 2214//2214 2186//2186 2198//2198
f 2215//2215 2172//2172 2199//2199
f 2215//2215 2187//2187 2172//2172
f 2216//2216 2188//2188 2173//2173
f 2216//2216 2173//2173 2200//2200
f 2217//2217 2204//2204 2189//2189
f 2217//2217 2189//2189 2174//2174
f 2217//2217 2174//2174 2201//2201
f 2218//2218 2190//2190 2202//2202
f 2219//2219 2191//2191 2203//2203
f 2220//2220 2192//2192 2204//2204
f 2221//2221 2178//2178 2205//2205
f 2221//2221 2193//2193 2178//2178
f 2222//2222 2179//2179 2206//2206
f 2222//2222 2194//2194 2179//2179
f 2223//2223 2195//2195 2207//2207
f 2224//2224 1984//1984 1983//1983
f 2224//2224 1983//1983 1982//1982
f 2224//2224 1982//1982 2208//2208
f 2225//2225 2181//2181 2209//2209
f 2225//2225 2196//2196 2181//2181
f 2226//2226 2182//2182 2210//2210
f 2226//2226 2197//2197 2182//2182
f 2227//2227 2183//2183 2211//2211
f 2227//2227 2198//2198 2183//2183
f 2228//2228 2184//2184 2212//2212
f 2228//2228 2199//2199 2184//2184
f 2229//2229 2216//2216 2200//2200
f 2229//2229 2200//2200 2185//2185
f 2229//2229 2185//2185 2213//2213
f 2230//2230 2201//2201 2186//2186
f 2230//2230 2186//2186 2214//2214
f 2231//2231 2187//2187 2215//2215
f 2231//2231 2202//2202 2187//2187
f 2232//2232 2188//2188 2216//2216
f 2232//2232 2203//2203 2188//2188
f 2233//2233 2204//2204 2217//2217
f 2234//2234 2205//2205 2190//2190
f 2234//2234 2190//2190 2218//2218
f 2235//2235 2206//2206 2191//2191
f 2235//2235 2191//2191 2219//2219
f 2236//2236 2192//2192 2220//2220
f 2236//2236 2207//2207 2192//2192
f 2237//2237 2208//2208 2193//2193
f 2237//2237 2193//2193 2221//2221
f 2238//2238 2194//2194 2222//2222
f 2238//2238 2209//2209 2194//2194
f 2239//2239 2195//2195 2223//2223
f 2239//2239 2226//2226 2210//2210
f 2239//2239 2210//2210 2195//2195
f 2240//2240 1984//1984 2224//2224
f 2241//2241 2196//2196 2225//2225
f 2241//2241 2211//2211 2196//2196
f 2242//2242 2212//2212 2197//2197
f 2242//2242 2197//2197 2226//2226
f 2243//2243 2229//2229 2213//2213
f 2243//2243 2213//2213 1433//1433
f 2243//2243 1433//1433 1432//1432
f 2244//2244 2214//2214 2198//2198
f 2244//2244 2198//2198 2227//2227
f 2245//2245 2215//2215 2199//2199
f 2245//2245 2199//2199 2228//2228
f 2246//2246 2216//2216 2229//2229
f 2247//2247 2217//2217 2201//2201
f 2247//2247 2201//2201 2230//2230
f 2248//2248 2202//2202 2231//2231
f 2248//2248 2234//2234 2218//2218
f 2248//2248 2218//2218 2202//2202
f 2249//2249 2203//2203 2232//2232
f 2249//2249 2219//2219 2203//2203
f 2249//2249 2235//2235 2219//2219
f 2250//2250 2236//2236 2220//2220
f 2250//2250 2204//2204 2233//2233
f 2250//2250 2220//2220 2204//2204
f 2251//2251 2237//2237 2221//2221
f 2251//2251 2205//2205 2234//2234
f 2251//2251 2221//2221 2205//2205
f 2252//2252 2206//2206 2235//2235
f 2252//2252 2222//2222 2206//2206
f 2253//2253 2239//2239 2223//2223
f 2253//2253 2223//2223 2207//2207
f 2253//2253 2207//2207 2236//2236
f 2254//2254 2208//2208 2237//2237
f 2254//2254 2224//2224 2208//2208
f 2255//2255 2209//2209 2238//2238
f 2255//2255 2225//2225 2209//2209
f 2256//2256 2226//2226 2239//2239
f 2257//2257 1861//1861 1985//1985
f 2257//2257 1985//1985 1984//1984
f 2257//2257 1863//1863 1861//1861
f 2257//2257 1984//1984 2240//2240
f 2258//2258 2227//2227 2211//2211
f 2258//2258 2211//2211 2241//2241
f 2259//2259 2212//2212 2242//2242
f 2259//2259 2228//2228 2212//2212
f 2260//2260 2229//2229 2243//2243
f 2261//2261 2214//2214 2244//2244
f 2261//2261 2230//2230 2214//2214
f 2262//2262 2215//2215 2245//2245
f 2262//2262 2231//2231 2215//2215
f 2263//2263 2216//2216 2246//2246
f 2263//2263 2232//2232 2216//2216
f 2264//2264 2217//2217 2247//2247
f 2264//2264 2250//2250 2233//2233
f 2264//2264 2233//2233 2217//2217
f 2265//2265 2234//2234 2248//2248
f 2266//2266 2235//2235 2249//2249
f 2267//2267 2236//2236 2250//2250
f 2268//2268 2237//2237 2251//2251
f 2269//2269 2238//2238 2222//2222
f 2269//2269 2222//2222 2252//2252
f 2270//2270 2239//2239 2253//2253
f 2271//2271 2224//2224 2254//2254
f 2271//2271 2240//2240 2224//2224
f 2272//2272 2225//2225 2255//2255
f 2272//2272 2258//2258 2241//2241
f 2272//2272 2241//2241 2225//2225
f 2273//2273 2242//2242 2226//2226
f 2273//2273 2226//2226 2256//2256
f 2274//2274 2243//2243 1432//1432
f 2274//2274 1432//1432 1431//1431
f 2275//2275 2261//2261 2244//2244
f 2275//2275 2227//2227 2258//2258
f 2275//2275 2244//2244 2227//2227
f 2276//2276 2228//2228 2259//2259
f 2276//2276 2245//2245 2228//2228
f 2277//2277 2246//2246 2229//2229
f 2277//2277 2229//2229 2260//2260
f 2278//2278 2264//2264 2247//2247
f 2278//2278 2247//2247 2230//2230
f 2278//2278 2230//2230 2261//2261
f 2279//2279 2248//2248 2231//2231
f 2279//2279 2231//2231 2262//2262
f 2280//2280 2249//2249 2232//2232
f 2280//2280 2232//2232 2263//2263
f 2281//2281 2250//2250 2264//2264
f 2282//2282 2251//2251 2234//2234
f 2282//2282 2234//2234 2265//2265
f 2283//2283 2235//2235 2266//2266
f 2283//2283 2252//2252 2235//2235
f 2284//2284 2236//2236 2267//2267
f 2284//2284 2253//2253 2236//2236
f 2285//2285 2237//2237 2268//2268
f 2285//2285 2254//2254 2237//2237
f 2286//2286 2238//2238 2269//2269
f 2286//2286 2255//2255 2238//2238
f 2286//2286 2272//2272 2255//2255
f 2287//2287 2239//2239 2270//2270
f 2287//2287 2256//2256 2239//2239
f 2287//2287 2273//2273 2256//2256
f 2288//2288 2240//2240 2271//2271
f 2288//2288 1864//1864 1863//1863
f 2288//2288 1863//1863 2257//2257
f 2288//2288 2257//2257 2240//2240
f 2289//2289 2258//2258 2272//2272
f 2290//2290 2242//2242 2273//2273
f 2290//2290 2259//2259 2242//2242
f 2291//2291 2260//2260 2243//2243
f 2291//2291 2277//2277 2260//2260
f 2291//2291 2243//2243 2274//2274
f 2292//2292 2261//2261 2275//2275
f 2292//2292 2278//2278 2261//2261
f 2293//2293 2245//2245 2276//2276
f 2293//2293 2262//2262 2245//2245
f 2294//2294 2246//2246 2277//2277
f 2294//2294 2280//2280 2263//2263
f 2294//2294 2263//2263 2246//2246
f 2295//2295 2264//2264 2278//2278
f 2296//2296 2265//2265 2248//2248
f 2296//2296 2248//2248 2279//2279
f 2297//2297 2266//2266 2249//2249
f 2297//2297 2249//2249 2280//2280
f 2298//2298 2250//2250 2281//2281
f 2298//2298 2267//2267 2250//2250
f 2298//2298 2284//2284 2267//2267
f 2299//2299 2268//2268 2251//2251
f 2299//2299 2251//2251 2282//2282
f 2300//2300 2286//2286 2269//2269
f 2300//2300 2252//2252 2283//2283
f 2300//2300 2269//2269 2252//2252
f 2301//2301 2270//2270 2253//2253
f 2301//2301 2253//2253 2284//2284
f 2302//2302 2254//2254 2285//2285
f 2302//2302 2271//2271 2254//2254
f 2303//2303 2272//2272 2286//2286
f 2304//2304 2290//2290 2273//2273
f 2304//2304 2273//2273 2287//2287
f 2305//2305 2274//2274 1431//1431
f 2305//2305 2291//2291 2274//2274
f 2305//2305 1431//1431 1430//1430
f 2306//2306 2275//2275 2258//2258
f 2306//2306 2258//2258 2289//2289
f 2307//2307 2276//2276 2259//2259
f 2307//2307 2259//2259 2290//2290
f 2308//2308 2294//2294 2277//2277
f 2308//2308 2277//2277 2291//2291
f 2309//2309 2278//2278 2292//2292
f 2309//2309 2295//2295 2278//2278
f 2310//2310 2279//2279 2262//2262
f 2310//2310 2262//2262 2293//2293
f 2311//2311 2280//2280 2294//2294
f 2312//2312 2281//2281 2264//2264
f 2312//2312 2264//2264 2295//2295
f 2313//2313 2265//2265 2296//2296
f 2313//2313 2282//2282 2265//2265
f 2314//2314 2283//2283 2266//2266
f 2314//2314 2266//2266 2297//2297
f 2315//2315 2284//2284 2298//2298
f 2316//2316 2285//2285 2268//2268
f 2316//2316 2268//2268 2299//2299
f 2317//2317 2286//2286 2300//2300
f 2318//2318 2270//2270 2301//2301
f 2318//2318 2287//2287 2270//2270
f 2319//2319 2271//2271 2302//2302
f 2319//2319 2288//2288 2271//2271
f 2319//2319 1867//1867 1864//1864
f 2319//2319 1864//1864 2288//2288
f 2320//2320 2289//2289 2272//2272
f 2320//2320 2306//2306 2289//2289
f 2320//2320 2272//2272 2303//2303
f 2321//2321 2307//2307 2290//2290
f 2321//2321 2290//2290 2304//2304
f 2322//2322 2291//2291 2305//2305
f 2322//2322 2308//2308 2291//2291
f 2323//2323 2275//2275 2306//2306
f 2323//2323 2292//2292 2275//2275
f 2324//2324 2276//2276 2307//2307
f 2324//2324 2293//2293 2276//2276
f 2325//2325 2294//2294 2308//2308
f 2325//2325 2311//2311 2294//2294
f 2326//2326 2295//2295 2309//2309
f 2327//2327 2279//2279 2310//2310
f 2327//2327 2296//2296 2279//2279
f 2328//2328 2280//2280 2311//2311
f 2328//2328 2314//2314 2297//2297
f 2328//2328 2297//2297 2280//2280
f 2329//2329 2281//2281 2312//2312
f 2329//2329 2298//2298 2281//2281
f 2330//2330 2282//2282 2313//2313
f 2330//2330 2299//2299 2282//2282
f 2331//2331 2300//2300 2283//2283
f 2331//2331 2283//2283 2314//2314
f 2332//2332 2301//2301 2284//2284
f 2332//2332 2284//2284 2315//2315
f 2333//2333 2285//2285 2316//2316
f 2333//2333 2302//2302 2285//2285
f 2334//2334 2286//2286 2317//2317
f 2334//2334 2303//2303 2286//2286
f 2335//2335 2287//2287 2318//2318
f 2335//2335 2321//2321 2304//2304
f 2335//2335 2304//2304 2287//2287
f 2336//2336 2305//2305 1430//1430
f 2336//2336 1430//1430 1429//1429
f 2336//2336 2322//2322 2305//2305
f 2337//2337 2306//2306 2320//2320
f 2338//2338 2307//2307 2321//2321
f 2339//2339 2308//2308 2322//2322
f 2340//2340 2309//2309 2292//2292
f 2340//2340 2292//2292 2323//2323
f 2341//2341 2310//2310 2293//2293
f 2341//2341 2293//2293 2324//2324
f 2341//2341 2327//2327 2310//2310
f 2342//2342 2311//2311 2325//2325
f 2343//2343 2295//2295 2326//2326
f 2343//2343 2329//2329 2312//2312
f 2343//2343 2312//2312 2295//2295
f 2344//2344 2313//2313 2296//2296
f 2344//2344 2330//2330 2313//2313
f 2344//2344 2296//2296 2327//2327
f 2345//2345 2314//2314 2328//2328
f 2346//2346 2315//2315 2298//2298
f 2346//2346 2298//2298 2329//2329
f 2346//2346 2332//2332 2315//2315
f 2347//2347 2316//2316 2299//2299
f 2347//2347 2299//2299 2330//2330
f 2348//2348 2317//2317 2300//2300
f 2348//2348 2334//2334 2317//2317
f 2348//2348 2300//2300 2331//2331
f 2349//2349 2318//2318 2301//2301
f 2349//2349 2335//2335 2318//2318
f 2349//2349 2301//2301 2332//2332
f 2350//2350 2302//2302 2333//2333
f 2350//2350 1871//1871 1867//1867
f 2350//2350 2319//2319 2302//2302
f 2350//2350 1867//1867 2319//2319
f 2351//2351 2303//2303 2334//2334
f 2351//2351 2320//2320 2303//2303
f 2352//2352 2321//2321 2335//2335
f 2353//2353 2322//2322 2336//2336
f 2354//2354 2306//2306 2337//2337
f 2354//2354 2340//2340 2323//2323
f 2354//2354 2323//2323 2306//2306
f 2355//2355 2307//2307 2338//2338
f 2355//2355 2324//2324 2307//2307
f 2356//2356 2308//2308 2339//2339
f 2356//2356 2342//2342 2325//2325
f 2356//2356 2325//2325 2308//2308
f 2357//2357 2309//2309 2340//2340
f 2357//2357 2326//2326 2309//2309
f 2358//2358 2327//2327 2341//2341
f 2358//2358 2344//2344 2327//2327
f 2359//2359 2311//2311 2342//2342
f 2359//2359 2328//2328 2311//2311
f 2360//2360 2329//2329 2343//2343
f 2361//2361 2330//2330 2344//2344
f 2362//2362 2314//2314 2345//2345
f 2362//2362 2331//2331 2314//2314
f 2363//2363 2332//2332 2346//2346
f 2364//2364 2316//2316 2347//2347
f 2364//2364 2333//2333 2316//2316
f 2365//2365 2334//2334 2348//2348
f 2366//2366 2335//2335 2349//2349
f 2367//2367 2336//2336 1429//1429
f 2367//2367 1429//1429 1428//1428
f 2368//2368 2337//2337 2320//2320
f 2368//2368 2320//2320 2351//2351
f 2368//2368 2354//2354 2337//2337
f 2369//2369 2338//2338 2321//2321
f 2369//2369 2321//2321 2352//2352
f 2370//2370 2339//2339 2322//2322
f 2370//2370 2322//2322 2353//2353
f 2371//2371 2357//2357 2340//2340
f 2371//2371 2340//2340 2354//2354
f 2372//2372 2324//2324 2355//2355
f 2372//2372 2341//2341 2324//2324
f 2372//2372 2358//2358 2341//2341
f 2373//2373 2342//2342 2356//2356
f 2374//2374 2326//2326 2357//2357
f 2374//2374 2343//2343 2326//2326
f 2375//2375 2344//2344 2358//2358
f 2376//2376 2362//2362 2345//2345
f 2376//2376 2328//2328 2359//2359
f 2376//2376 2345//2345 2328//2328
f 2377//2377 2346//2346 2329//2329
f 2377//2377 2363//2363 2346//2346
f 2377//2377 2329//2329 2360//2360
f 2378//2378 2347//2347 2330//2330
f 2378//2378 2330//2330 2361//2361
f 2379//2379 2348//2348 2331//2331
f 2379//2379 2331//2331 2362//2362
f 2380//2380 2349//2349 2332//2332
f 2380//2380 2332//2332 2363//2363
f 2381//2381 2350//2350 2333//2333
f 2381//2381 1872//1872 1871//1871
f 2381//2381 2333//2333 2364//2364
f 2381//2381 1871//1871 2350//2350
f 2382//2382 2351//2351 2334//2334
f 2382//2382 2334//2334 2365//2365
f 2383//2383 2335//2335 2366//2366
f 2383//2383 2352//2352 2335//2335
f 2384//2384 2336//2336 2367//2367
f 2384//2384 2370//2370 2353//2353
f 2384//2384 2353//2353 2336//2336
f 2385//2385 2354//2354 2368//2368
f 2386//2386 2355//2355 2338//2338
f 2386//2386 2372//2372 2355//2355
f 2386//2386 2338//2338 2369//2369
f 2387//2387 2373//2373 2356//2356
f 2387//2387 2356//2356 2339//2339
f 2387//2387 2339//2339 2370//2370
f 2388//2388 2357//2357 2371//2371
f 2389//2389 2358//2358 2372//2372
f 2390//2390 2342//2342 2373//2373
f 2390//2390 2359//2359 2342//2342
f 2391//2391 2343//2343 2374//2374
f 2391//2391 2360//2360 2343//2343
f 2391//2391 2377//2377 2360//2360
f 2392//2392 2361//2361 2344//2344
f 2392//2392 2344//2344 2375//2375
f 2393//2393 2362//2362 2376//2376
f 2393//2393 2379//2379 2362//2362
f 2394//2394 2363//2363 2377//2377
f 2394//2394 2380//2380 2363//2363
f 2395//2395 2347//2347 2378//2378
f 2395//2395 2364//2364 2347//2347
f 2396//2396 2348//2348 2379//2379
f 2396//2396 2365//2365 2348//2348
f 2397//2397 2366//2366 2349//2349
f 2397//2397 2349//2349 2380//2380
f 2398//2398 2367//2367 1428//1428
f 2398//2398 1428//1428 1427//1427
f 2399//2399 2351//2351 2382//2382
f 2399//2399 2368//2368 2351//2351
f 2400//2400 2352//2352 2383//2383
f 2400//2400 2386//2386 2369//2369
f 2400//2400 2369//2369 2352//2352
f 2401//2401 2370//2370 2384//2384
f 2401//2401 2387//2387 2370//2370
f 2402//2402 2371//2371 2354//2354
f 2402//2402 2354//2354 2385//2385
f 2403//2403 2372//2372 2386//2386
f 2404//2404 2373//2373 2387//2387
f 2405//2405 2391//2391 2374//2374
f 2405//2405 2357//2357 2388//2388
f 2405//2405 2374//2374 2357//2357
f 2406//2406 2375//2375 2358//2358
f 2406//2406 2392//2392 2375//2375
f 2406//2406 2358//2358 2389//2389
f 2407//2407 2359//2359 2390//2390
f 2407//2407 2376//2376 2359//2359
f 2408//2408 2377//2377 2391//2391
f 2409//2409 2378//2378 2361//2361
f 2409//2409 2395//2395 2378//2378
f 2409//2409 2361//2361 2392//2392
f 2410//2410 2379//2379 2393//2393
f 2411//2411 2380//2380 2394//2394
f 2412//2412 1873//1873 1872//1872
f 2412//2412 2381//2381 2364//2364
f 2412//2412 1872//1872 2381//2381
f 2412//2412 2364//2364 2395//2395
f 2413//2413 2382//2382 2365//2365
f 2413//2413 2399//2399 2382//2382
f 2413//2413 2365//2365 2396//2396
f 2414//2414 2400//2400 2383//2383
f 2414//2414 2366//2366 2397//2397
f 2414//2414 2383//2383 2366//2366
f 2415//2415 2384//2384 2367//2367
f 2415//2415 2367//2367 2398//2398
f 2416//2416 2385//2385 2368//2368
f 2416//2416 2368//2368 2399//2399
f 2417//2417 2386//2386 2400//2400
f 2418//2418 2404//2404 2387//2387
f 2418//2418 2387//2387 2401//2401
f 2419//2419 2405//2405 2388//2388
f 2419//2419 2388//2388 2371//2371
f 2419//2419 2371//2371 2402//2402
f 2420//2420 2372//2372 2403//2403
f 2420//2420 2389//2389 2372//2372
f 2421//2421 2407//2407 2390//2390
f 2421//2421 2373//2373 2404//2404
f 2421//2421 2390//2390 2373//2373
f 2422//2422 2391//2391 2405//2405
f 2423//2423 2392//2392 2406//2406
f 2424//2424 2376//2376 2407//2407
f 2424//2424 2393//2393 2376//2376
f 2425//2425 2377//2377 2408//2408
f 2425//2425 2394//2394 2377//2377
f 2425//2425 2411//2411 2394//2394
f 2426//2426 2395//2395 2409//2409
f 2427//2427 2379//2379 2410//2410
f 2427//2427 2396//2396 2379//2379
f 2428//2428 2380//2380 2411//2411
f 2428//2428 2397//2397 2380//2380
f 2429//2429 2415//2415 2398//2398
f 2429//2429 1427//1427 1426//1426
f 2429//2429 2398//2398 1427//1427
f 2430//2430 2399//2399 2413//2413
f 2431//2431 2400//2400 2414//2414
f 2432//2432 2384//2384 2415//2415
f 2432//2432 2401//2401 2384//2384
f 2433//2433 2402//2402 2385//2385
f 2433//2433 2419//2419 2402//2402
f 2433//2433 2385//2385 2416//2416
f 2434//2434 2386//2386 2417//2417
f 2434//2434 2403//2403 2386//2386
f 2435//2435 2404//2404 2418//2418
f 2436//2436 2405//2405 2419//2419
f 2437//2437 2389//2389 2420//2420
f 2437//2437 2406//2406 2389//2389
f 2438//2438 2407//2407 2421//2421
f 2439//2439 2408//2408 2391//2391
f 2439//2439 2391//2391 2422//2422
f 2440//2440 2426//2426 2409//2409
f 2440//2440 2392//2392 2423//2423
f 2440//2440 2409//2409 2392//2392
f 2441//2441 2427//2427 2410//2410
f 2441//2441 2393//2393 2424//2424
f 2441//2441 2410//2410 2393//2393
f 2442//2442 2411//2411 2425//2425
f 2443//2443 1870//1870 1873//1873
f 2443//2443 1873//1873 2412//2412
f 2443//2443 2395//2395 2426//2426
f 2443//2443 2412//2412 2395//2395
f 2444//2444 2413//2413 2396//2396
f 2444//2444 2396//2396 2427//2427
f 2445//2445 2414//2414 2397//2397
f 2445//2445 2397//2397 2428//2428
f 2446//2446 2432//2432 2415//2415
f 2446//2446 2415//2415 2429//2429
f 2447//2447 2416//2416 2399//2399
f 2447//2447 2399//2399 2430//2430
f 2447//2447 2433//2433 2416//2416
f 2448//2448 2417//2417 2400//2400
f 2448//2448 2434//2434 2417//2417
f 2448//2448 2400//2400 2431//2431
f 2449//2449 2418//2418 2401//2401
f 2449//2449 2401//2401 2432//2432
f 2450//2450 2419//2419 2433//2433
f 2451//2451 2420//2420 2403//2403
f 2451//2451 2437//2437 2420//2420
f 2451//2451 2403//2403 2434//2434
f 2452//2452 2404//2404 2435//2435
f 2452//2452 2421//2421 2404//2404
f 2452//2452 2438//2438 2421//2421
f 2453//2453 2439//2439 2422//2422
f 2453//2453 2422//2422 2405//2405
f 2453//2453 2405//2405 2436//2436
f 2454//2454 2423//2423 2406//2406
f 2454//2454 2406//2406 2437//2437
f 2455//2455 2407//2407 2438//2438
f 2455//2455 2424//2424 2407//2407
f 2456//2456 2425//2425 2408//2408
f 2456//2456 2408//2408 2439//2439
f 2457//2457 2426//2426 2440//2440
f 2458//2458 2427//2427 2441//2441
f 2458//2458 2444//2444 2427//2427
f 2459//2459 2411//2411 2442//2442
f 2459//2459 2445//2445 2428//2428
f 2459//2459 2428//2428 2411//2411
f 2460//2460 2446//2446 2429//2429
f 2460//2460 1426//1426 1425//1425
f 2460//2460 2429//2429 1426//1426
f 2461//2461 2430//2430 2413//2413
f 2461//2461 2447//2447 2430//2430
f 2461//2461 2413//2413 2444//2444
f 2462//2462 2414//2414 2445//2445
f 2462//2462 2431//2431 2414//2414
f 2463//2463 2432//2432 2446//2446
f 2464//2464 2450//2450 2433//2433
f 2464//2464 2433//2433 2447//2447
f 2465//2465 2451//2451 2434//2434
f 2465//2465 2434//2434 2448//2448
f 2466//2466 2418//2418 2449//2449
f 2466//2466 2435//2435 2418//2418
f 2467//2467 2436//2436 2419//2419
f 2467//2467 2419//2419 2450//2450
f 2468//2468 2437//2437 2451//2451
f 2468//2468 2454//2454 2437//2437
f 2469//2469 2438//2438 2452//2452
f 2470//2470 2439//2439 2453//2453
f 2471//2471 2440//2440 2423//2423
f 2471//2471 2423//2423 2454//2454
f 2472//2472 2458//2458 2441//2441
f 2472//2472 2424//2424 2455//2455
f 2472//2472 2441//2441 2424//2424
f 2473//2473 2442//2442 2425//2425
f 2473//2473 2425//2425 2456//2456
f 2474//2474 1877//1877 1870//1870
f 2474//2474 2426//2426 2457//2457
f 2474//2474 1870//1870 2443//2443
f 2474//2474 2443//2443 2426//2426
f 2475//2475 2444//2444 2458//2458
f 2476//2476 2445//2445 2459//2459
f 2477//2477 2446//2446 2460//2460
f 2478//2478 2447//2447 2461//2461
f 2479//2479 2448//2448 2431//2431
f 2479//2479 2431//2431 2462//2462
f 2480//2480 2432//2432 2463//2463
f 2480//2480 2449//2449 2432//2432
f 2481//2481 2467//2467 2450//2450
f 2481//2481 2450//2450 2464//2464
f 2482//2482 2451//2451 2465//2465
f 2483//2483 2435//2435 2466//2466
f 2483//2483 2452//2452 2435//2435
f 2484//2484 2453//2453 2436//2436
f 2484//2484 2436//2436 2467//2467
f 2485//2485 2454//2454 2468//2468
f 2486//2486 2472//2472 2455//2455
f 2486//2486 2455//2455 2438//2438
f 2486//2486 2438//2438 2469//2469
f 2487//2487 2439//2439 2470//2470
f 2487//2487 2473//2473 2456//2456
f 2487//2487 2456//2456 2439//2439
f 2488//2488 2440//2440 2471//2471
f 2488//2488 2457//2457 2440//2440
f 2489//2489 2475//2475 2458//2458
f 2489//2489 2458//2458 2472//2472
f 2490//2490 2459//2459 2442//2442
f 2490//2490 2476//2476 2459//2459
f 2490//2490 2442//2442 2473//2473
f 2491//2491 1425//1425 1424//1424
f 2491//2491 2460//2460 1425//1425
f 2492//2492 2444//2444 2475//2475
f 2492//2492 2461//2461 2444//2444
f 2492//2492 2478//2478 2461//2461
f 2493//2493 2445//2445 2476//2476
f 2493//2493 2462//2462 2445//2445
f 2494//2494 2463//2463 2446//2446
f 2494//2494 2446//2446 2477//2477
f 2495//2495 2447//2447 2478//2478
f 2495//2495 2464//2464 2447//2447
f 2496//2496 2465//2465 2448//2448
f 2496//2496 2448//2448 2479//2479
f 2497//2497 2449//2449 2480//2480
f 2497//2497 2466//2466 2449//2449
f 2498//2498 2467//2467 2481//2481
f 2499//2499 2468//2468 2451//2451
f 2499//2499 2451//2451 2482//2482
f 2500//2500 2452//2452 2483//2483
f 2500//2500 2469//2469 2452//2452
f 2501//2501 2453//2453 2484//2484
f 2501//2501 2470//2470 2453//2453
f 2502//2502 2454//2454 2485//2485
f 2502//2502 2471//2471 2454//2454
f 2503//2503 2489//2489 2472//2472
f 2503//2503 2472//2472 2486//2486
f 2504//2504 2473//2473 2487//2487
f 2505//2505 1877//1877 2474//2474
f 2505//2505 1880//1880 1877//1877
f 2505//2505 2457//2457 2488//2488
f 2505//2505 2474//2474 2457//2457
f 2506//2506 2475//2475 2489//2489
f 2507//2507 2476//2476 2490//2490
f 2508//2508 2494//2494 2477//2477
f 2508//2508 2460//2460 2491//2491
f 2508//2508 2477//2477 2460//2460
f 2509//2509 2478//2478 2492//2492
f 2510//2510 2479//2479 2462//2462
f 2510//2510 2462//2462 2493//2493
f 2511//2511 2463//2463 2494//2494
f 2511//2511 2480//2480 2463//2463
f 2512//2512 2481//2481 2464//2464
f 2512//2512 2464//2464 2495//2495
f 2512//2512 2498//2498 2481//2481
f 2513//2513 2465//2465 2496//2496
f 2513//2513 2482//2482 2465//2465
f 2514//2514 2483//2483 2466//2466
f 2514//2514 2466//2466 2497//2497
f 2515//2515 2467//2467 2498//2498
f 2515//2515 2484//2484 2467//2467
f 2515//2515 2501//2501 2484//2484
f 2516//2516 2485//2485 2468//2468
f 2516//2516 2468//2468 2499//2499
f 2517//2517 2469//2469 2500//2500
f 2517//2517 2486//2486 2469//2469
f 2518//2518 2487//2487 2470//2470
f 2518//2518 2470//2470 2501//2501
f 2519//2519 2488//2488 2471//2471
f 2519//2519 2471//2471 2502//2502
f 2520//2520 2489//2489 2503//2503
f 2521//2521 2490//2490 2473//2473
f 2521//2521 2473//2473 2504//2504
f 2522//2522 2508//2508 2491//2491
f 2522//2522 1424//1424 1423//1423
f 2522//2522 2491//2491 1424//1424
f 2523//2523 2509//2509 2492//2492
f 2523//2523 2492//2492 2475//2475
f 2523//2523 2475//2475 2506//2506
f 2524//2524 2476//2476 2507//2507
f 2524//2524 2493//2493 2476//2476
f 2525//2525 2494//2494 2508//2508
f 2526//2526 2495//2495 2478//2478
f 2526//2526 2478//2478 2509//2509
f 2527//2527 2479//2479 2510//2510
f 2527//2527 2496//2496 2479//2479
f 2528//2528 2480//2480 2511//2511
f 2528//2528 2514//2514 2497//2497
f 2528//2528 2497//2497 2480//2480
f 2529//2529 2498//2498 2512//2512
f 2530//2530 2482//2482 2513//2513
f 2530//2530 2499//2499 2482//2482
f 2531//2531 2500//2500 2483//2483
f 2531//2531 2517//2517 2500//2500
f 2531//2531 2483//2483 2514//2514
f 2532//2532 2501//2501 2515//2515
f 2533//2533 2502//2502 2485//2485
f 2533//2533 2485//2485 2516//2516
f 2534//2534 2503//2503 2486//2486
f 2534//2534 2486//2486 2517//2517
f 2535//2535 2504//2504 2487//2487
f 2535//2535 2487//2487 2518//2518
f 2536//2536 1880//1880 2505//2505
f 2536//2536 1879//1879 1880//1880
f 2536//2536 2488//2488 2519//2519
f 2536//2536 2505//2505 2488//2488
f 2537//2537 2489//2489 2520//2520
f 2537//2537 2506//2506 2489//2489
f 2538//2538 2490//2490 2521//2521
f 2538//2538 2524//2524 2507//2507
f 2538//2538 2507//2507 2490//2490
f 2539//2539 2508//2508 2522//2522
f 2540//2540 2509//2509 2523//2523
f 2541//2541 2493//2493 2524//2524
f 2541//2541 2527//2527 2510//2510
f 2541//2541 2510//2510 2493//2493
f 2542//2542 2528//2528 2511//2511
f 2542//2542 2511//2511 2494//2494
f 2542//2542 2494//2494 2525//2525
f 2543//2543 2512//2512 2495//2495
f 2543//2543 2495//2495 2526//2526
f 2544//2544 2496//2496 2527//2527
f 2544//2544 2513//2513 2496//2496
f 2545//2545 2514//2514 2528//2528
f 2546//2546 2515//2515 2498//2498
f 2546//2546 2532//2532 2515//2515
f 2546//2546 2498//2498 2529//2529
f 2547//2547 2516//2516 2499//2499
f 2547//2547 2499//2499 2530//2530
f 2547//2547 2533//2533 2516//2516
f 2548//2548 2534//2534 2517//2517
f 2548//2548 2517//2517 2531//2531
f 2549//2549 2518//2518 2501//2501
f 2549//2549 2501//2501 2532//2532
f 2550//2550 2519//2519 2502//2502
f 2550//2550 2502//2502 2533//2533
f 2551//2551 2503//2503 2534//2534
f 2551//2551 2520//2520 2503//2503
f 2552//2552 2504//2504 2535//2535
f 2552//2552 2521//2521 2504//2504
f 2553//2553 2522//2522 1423//1423
f 2553//2553 1423//1423 1422//1422
f 2554//2554 2523//2523 2506//2506
f 2554//2554 2540//2540 2523//2523
f 2554//2554 2506//2506 2537//2537
f 2555//2555 2524//2524 2538//2538
f 2555//2555 2541//2541 2524//2524
f 2556//2556 2508//2508 2539//2539
f 2556//2556 2525//2525 2508//2508
f 2557//2557 2509//2509 2540//2540
f 2557//2557 2543//2543 2526//2526
f 2557//2557 2526//2526 2509//2509
f 2558//2558 2527//2527 2541//2541
f 2559//2559 2528//2528 2542//2542
f 2560//2560 2512//2512 2543//2543
f 2560//2560 2529//2529 2512//2512
f 2561//2561 2513//2513 2544//2544
f 2561//2561 2530//2530 2513//2513
f 2562//2562 2548//2548 2531//2531
f 2562//2562 2514//2514 2545//2545
f 2562//2562 2531//2531 2514//2514
f 2563//2563 2532//2532 2546//2546
f 2564//2564 2533//2533 2547//2547
f 2564//2564 2550//2550 2533//2533
f 2565//2565 2534//2534 2548//2548
f 2566//2566 2518//2518 2549//2549
f 2566//2566 2535//2535 2518//2518
f 2567//2567 2536//2536 2519//2519
f 2567//2567 1883//1883 1879//1879
f 2567//2567 1879//1879 2536//2536
f 2567//2567 2519//2519 2550//2550
f 2568//2568 2520//2520 2551//2551
f 2568//2568 2537//2537 2520//2520
f 2569//2569 2521//2521 2552//2552
f 2569//2569 2538//2538 2521//2521
f 2570//2570 2556//2556 2539//2539
f 2570//2570 2539//2539 2522//2522
f 2570//2570 2522//2522 2553//2553
f 2571//2571 2557//2557 2540//2540
f 2571//2571 2540//2540 2554//2554
f 2572//2572 2541//2541 2555//2555
f 2573//2573 2542//2542 2525//2525
f 2573//2573 2525//2525 2556//2556
f 2574//2574 2543//2543 2557//2557
f 2574//2574 2560//2560 2543//2543
f 2575//2575 2544//2544 2527//2527
f 2575//2575 2527//2527 2558//2558
f 2576//2576 2528//2528 2559//2559
f 2576//2576 2545//2545 2528//2528
f 2577//2577 2563//2563 2546//2546
f 2577//2577 2529//2529 2560//2560
f 2577//2577 2546//2546 2529//2529
f 2578//2578 2547//2547 2530//2530
f 2578//2578 2530//2530 2561//2561
f 2579//2579 2548//2548 2562//2562
f 2580//2580 2549//2549 2532//2532
f 2580//2580 2532//2532 2563//2563
f 2580//2580 2566//2566 2549//2549
f 2581//2581 2550//2550 2564//2564
f 2582//2582 2551//2551 2534//2534
f 2582//2582 2534//2534 2565//2565
f 2582//2582 2568//2568 2551//2551
f 2583//2583 2569//2569 2552//2552
f 2583//2583 2552//2552 2535//2535
f 2583//2583 2535//2535 2566//2566
f 2584//2584 2553//2553 1422//1422
f 2584//2584 1422//1422 1421//1421
f 2585//2585 2537//2537 2568//2568
f 2585//2585 2554//2554 2537//2537
f 2586//2586 2538//2538 2569//2569
f 2586//2586 2555//2555 2538//2538
f 2587//2587 2556//2556 2570//2570
f 2588//2588 2557//2557 2571//2571
f 2589//2589 2541//2541 2572//2572
f 2589//2589 2558//2558 2541//2541
f 2590//2590 2559//2559 2542//2542
f 2590//2590 2542//2542 2573//2573
f 2591//2591 2560//2560 2574//2574
f 2592//2592 2544//2544 2575//2575
f 2592//2592 2578//2578 2561//2561
f 2592//2592 2561//2561 2544//2544
f 2593//2593 2545//2545 2576//2576
f 2593//2593 2562//2562 2545//2545
f 2594//2594 2563//2563 2577//2577
f 2595//2595 2547//2547 2578//2578
f 2595//2595 2564//2564 2547//2547
f 2596//2596 2565//2565 2548//2548
f 2596//2596 2548//2548 2579//2579
f 2597//2597 2566//2566 2580//2580
f 2598//2598 1883//1883 2567//2567
f 2598//2598 1886//1886 1883//1883
f 2598//2598 2550//2550 2581//2581
f 2598//2598 2567//2567 2550//2550
f 2599//2599 2568//2568 2582//2582
f 2600//2600 2569//2569 2583//2583
f 2600//2600 2586//2586 2569//2569
f 2601//2601 2553//2553 2584//2584
f 2601//2601 2570//2570 2553//2553
f 2602//2602 2571//2571 2554//2554
f 2602//2602 2554//2554 2585//2585
f 2603//2603 2555//2555 2586//2586
f 2603//2603 2572//2572 2555//2555
f 2604//2604 2573//2573 2556//2556
f 2604//2604 2556//2556 2587//2587
f 2604//2604 2590//2590 2573//2573
f 2605//2605 2591//2591 2574//2574
f 2605//2605 2557//2557 2588//2588
f 2605//2605 2574//2574 2557//2557
f 2606//2606 2575//2575 2558//2558
f 2606//2606 2558//2558 2589//2589
f 2606//2606 2592//2592 2575//2575
f 2607//2607 2576//2576 2559//2559
f 2607//2607 2559//2559 2590//2590
f 2608//2608 2577//2577 2560//2560
f 2608//2608 2594//2594 2577//2577
f 2608//2608 2560//2560 2591//2591
f 2609//2609 2578//2578 2592//2592
f 2610//2610 2562//2562 2593//2593
f 2610//2610 2579//2579 2562//2562
f 2611//2611 2563//2563 2594//2594
f 2611//2611 2580//2580 2563//2563
f 2612//2612 2564//2564 2595//2595
f 2612//2612 2581//2581 2564//2564
f 2613//2613 2582//2582 2565//2565
f 2613//2613 2565//2565 2596//2596
f 2614//2614 2566//2566 2597//2597
f 2614//2614 2583//2583 2566//2566
f 2615//2615 2601//2601 2584//2584
f 2615//2615 2584//2584 1421//1421
f 2615//2615 1421//1421 1420//1420
f 2616//2616 2602//2602 2585//2585
f 2616//2616 2585//2585 2568//2568
f 2616//2616 2568//2568 2599//2599
f 2617//2617 2586//2586 2600//2600
f 2618//2618 2587//2587 2570//2570
f 2618//2618 2570//2570 2601//2601
f 2619//2619 2571//2571 2602//2602
f 2619//2619 2588//2588 2571//2571
f 2620//2620 2572//2572 2603//2603
f 2620//2620 2589//2589 2572//2572
f 2621//2621 2590//2590 2604//2604
f 2622//2622 2591//2591 2605//2605
f 2623//2623 2592//2592 2606//2606
f 2624//2624 2576//2576 2607//2607
f 2624//2624 2593//2593 2576//2576
f 2625//2625 2594//2594 2608//2608
f 2626//2626 2578//2578 2609//2609
f 2626//2626 2595//2595 2578//2578
f 2627//2627 2579//2579 2610//2610
f 2627//2627 2596//2596 2579//2579
f 2628//2628 2614//2614 2597//2597
f 2628//2628 2597//2597 2580//2580
f 2628//2628 2580//2580 2611//2611
f 2629//2629 2581//2581 2612//2612
f 2629//2629 1885//1885 1886//1886
f 2629//2629 2598//2598 2581//2581
f 2629//2629 1886//1886 2598//2598
f 2630//2630 2599//2599 2582//2582
f 2630//2630 2582//2582 2613//2613
f 2631//2631 2583//2583 2614//2614
f 2631//2631 2600//2600 2583//2583
f 2632//2632 2601//2601 2615//2615
f 2633//2633 2602//2602 2616//2616
f 2633//2633 2619//2619 2602//2602
f 2634//2634 2603//2603 2586//2586
f 2634//2634 2586//2586 2617//2617
f 2634//2634 2620//2620 2603//2603
f 2635//2635 2587//2587 2618//2618
f 2635//2635 2604//2604 2587//2587
f 2636//2636 2588//2588 2619//2619
f 2636//2636 2605//2605 2588//2588
f 2637//2637 2589//2589 2620//2620
f 2637//2637 2606//2606 2589//2589
f 2638//2638 2607//2607 2590//2590
f 2638//2638 2590//2590 2621//2621
f 2639//2639 2625//2625 2608//2608
f 2639//2639 2591//2591 2622//2622
f 2639//2639 2608//2608 2591//2591
f 2640//2640 2592//2592 2623//2623
f 2640//2640 2609//2609 2592//2592
f 2641//2641 2593//2593 2624//2624
f 2641//2641 2610//2610 2593//2593
f 2642//2642 2594//2594 2625//2625
f 2642//2642 2611//2611 2594//2594
f 2643//2643 2595//2595 2626//2626
f 2643//2643 2629//2629 2612//2612
f 2643//2643 2612//2612 2595//2595
f 2644//2644 2596//2596 2627//2627
f 2644//2644 2613//2613 2596//2596
f 2645//2645 2614//2614 2628//2628
f 2645//2645 2631//2631 2614//2614
f 2646//2646 2615//2615 1420//1420
f 2646//2646 1420//1420 1419//1419
f 2647//2647 2616//2616 2599//2599
f 2647//2647 2599//2599 2630//2630
f 2648//2648 2634//2634 2617//2617
f 2648//2648 2617//2617 2600//2600
f 2648//2648 2600//2600 2631//2631
f 2649//2649 2618//2618 2601//2601
f 2649//2649 2601//2601 2632//2632
f 2650//2650 2619//2619 2633//2633
f 2651//2651 2637//2637 2620//2620
f 2651//2651 2620//2620 2634//2634
f 2652//2652 2604//2604 2635//2635
f 2652//2652 2621//2621 2604//2604
f 2653//2653 2605//2605 2636//2636
f 2653//2653 2622//2622 2605//2605
f 2654//2654 2606//2606 2637//2637
f 2654//2654 2623//2623 2606//2606
f 2655//2655 2607//2607 2638//2638
f 2655//2655 2624//2624 2607//2607
f 2656//2656 2625//2625 2639//2639
f 2657//2657 2609//2609 2640//2640
f 2657//2657 2626//2626 2609//2609
f 2658//2658 2644//2644 2627//2627
f 2658//2658 2627//2627 2610//2610
f 2658//2658 2610//2610 2641//2641
f 2659//2659 2628//2628 2611//2611
f 2659//2659 2645//2645 2628//2628
f 2659//2659 2611//2611 2642//2642
f 2660//2660 1889//1889 1885//1885
f 2660//2660 2629//2629 2643//2643
f 2660//2660 1885//1885 2629//2629
f 2661//2661 2630//2630 2613//2613
f 2661//2661 2613//2613 2644//2644
f 2662//2662 2631//2631 2645//2645
f 2663//2663 2615//2615 2646//2646
f 2663//2663 2632//2632 2615//2615
f 2663//2663 2649//2649 2632//2632
f 2664//2664 2633//2633 2616//2616
f 2664//2664 2616//2616 2647//2647
f 2665//2665 2634//2634 2648//2648
f 2666//2666 2652//2652 2635//2635
f 2666//2666 2635//2635 2618//2618
f 2666//2666 2618//2618 2649//2649
f 2667//2667 2636//2636 2619//2619
f 2667//2667 2653//2653 2636//2636
f 2667//2667 2619//2619 2650//2650
f 2668//2668 2637//2637 2651//2651
f 2669//2669 2655//2655 2638//2638
f 2669//2669 2621//2621 2652//2652
f 2669//2669 2638//2638 2621//2621
f 2670//2670 2622//2622 2653//2653
f 2670//2670 2639//2639 2622//2622
f 2671//2671 2623//2623 2654//2654
f 2671//2671 2640//2640 2623//2623
f 2672//2672 2624//2624 2655//2655
f 2672//2672 2641//2641 2624//2624
f 2673//2673 2642//2642 2625//2625
f 2673//2673 2625//2625 2656//2656
f 2674//2674 2626//2626 2657//2657
f 2674//2674 2643//2643 2626//2626
f 2674//2674 2660//2660 2643//2643
f 2675//2675 2644//2644 2658//2658
f 2675//2675 2661//2661 2644//2644
f 2676//2676 2645//2645 2659//2659
f 2677//2677 2646//2646 1419//1419
f 2677//2677 1418//1418 1417//1417
f 2677//2677 1419//1419 1418//1418
f 2678//2678 2647//2647 2630//2630
f 2678//2678 2630//2630 2661//2661
f 2679//2679 2631//2631 2662//2662
f 2679//2679 2648//2648 2631//2631
f 2679//2679 2665//2665 2648//2648
f 2680//2680 2649//2649 2663//2663
f 2681//2681 2633//2633 2664//2664
f 2681//2681 2650//2650 2633//2633
f 2682//2682 2634//2634 2665//2665
f 2682//2682 2651//2651 2634//2634
f 2682//2682 2668//2668 2651//2651
f 2683//2683 2652//2652 2666//2666
f 2684//2684 2653//2653 2667//2667
f 2685//2685 2671//2671 2654//2654
f 2685//2685 2637//2637 2668//2668
f 2685//2685 2654//2654 2637//2637
f 2686//2686 2655//2655 2669//2669
f 2687//2687 2656//2656 2639//2639
f 2687//2687 2639//2639 2670//2670
f 2688//2688 2640//2640 2671//2671
f 2688//2688 2657//2657 2640//2640
f 2689//2689 2641//2641 2672//2672
f 2689//2689 2658//2658 2641//2641
f 2690//2690 2659//2659 2642//2642
f 2690//2690 2642//2642 2673//2673
f 2690//2690 2676//2676 2659//2659
f 2691//2691 2660//2660 2674//2674
f 2691//2691 1889//1889 2660//2660
f 2691//2691 1892//1892 1889//1889
f 2692//2692 2661//2661 2675//2675
f 2693//2693 2645//2645 2676//2676
f 2693//2693 2662//2662 2645//2645
f 2694//2694 2646//2646 2677//2677
f 2694//2694 2663//2663 2646//2646
f 2695//2695 2647//2647 2678//2678
f 2695//2695 2681//2681 2664//2664
f 2695//2695 2664//2664 2647//2647
f 2696//2696 2665//2665 2679//2679
f 2696//2696 2682//2682 2665//2665
f 2697//2697 2683//2683 2666//2666
f 2697//2697 2649//2649 2680//2680
f 2697//2697 2666//2666 2649//2649
f 2698//2698 2650//2650 2681//2681
f 2698//2698 2667//2667 2650//2650
f 2699//2699 2668//2668 2682//2682
f 2700//2700 2652//2652 2683//2683
f 2700//2700 2669//2669 2652//2652
f 2701//2701 2653//2653 2684//2684
f 2701//2701 2670//2670 2653//2653
f 2702//2702 2671//2671 2685//2685
f 2703//2703 2672//2672 2655//2655
f 2703//2703 2655//2655 2686//2686
f 2704//2704 2656//2656 2687//2687
f 2704//2704 2673//2673 2656//2656
f 2705//2705 2657//2657 2688//2688
f 2705//2705 2674//2674 2657//2657
f 2706//2706 2658//2658 2689//2689
f 2706//2706 2675//2675 2658//2658
f 2707//2707 2676//2676 2690//2690
f 2708//2708 2677//2677 1417//1417
f 2709//2709 2695//2695 2678//2678
f 2709//2709 2678//2678 2661//2661
f 2709//2709 2661//2661 2692//2692
f 2710//2710 2662//2662 2693//2693
f 2710//2710 2679//2679 2662//2662
f 2711//2711 2680//2680 2663//2663
f 2711//2711 2663//2663 2694//2694
f 2712//2712 2681//2681 2695//2695
f 2713//2713 2682//2682 2696//2696
f 2714//2714 2683//2683 2697//2697
f 2715//2715 2684//2684 2667//2667
f 2715//2715 2667//2667 2698//2698
f 2716//2716 2685//2685 2668//2668
f 2716//2716 2668//2668 2699//2699
f 2717//2717 2703//2703 2686//2686
f 2717//2717 2669//2669 2700//2700
f 2717//2717 2686//2686 2669//2669
f 2718//2718 2704//2704 2687//2687
f 2718//2718 2687//2687 2670//2670
f 2718//2718 2670//2670 2701//2701
f 2719//2719 2688//2688 2671//2671
f 2719//2719 2671//2671 2702//2702
f 2720//2720 2672//2672 2703//2703
f 2720//2720 2689//2689 2672//2672
f 2720//2720 2706//2706 2689//2689
f 2721//2721 2673//2673 2704//2704
f 2721//2721 2690//2690 2673//2673
f 2722//2722 2674//2674 2705//2705
f 2722//2722 1891//1891 1892//1892
f 2722//2722 2691//2691 2674//2674
f 2722//2722 1892//1892 2691//2691
f 2723//2723 2675//2675 2706//2706
f 2723//2723 2692//2692 2675//2675
f 2724//2724 2676//2676 2707//2707
f 2724//2724 2693//2693 2676//2676
f 2725//2725 2677//2677 2708//2708
f 2725//2725 2694//2694 2677//2677
f 2726//2726 2695//2695 2709//2709
f 2727//2727 2696//2696 2679//2679
f 2727//2727 2679//2679 2710//2710
f 2728//2728 2680//2680 2711//2711
f 2728//2728 2697//2697 2680//2680
f 2729//2729 2698//2698 2681//2681
f 2729//2729 2715//2715 2698//2698
f 2729//2729 2681//2681 2712//2712
f 2730//2730 2682//2682 2713//2713
f 2730//2730 2699//2699 2682//2682
f 2731//2731 2683//2683 2714//2714
f 2731//2731 2700//2700 2683//2683
f 2732//2732 2684//2684 2715//2715
f 2732//2732 2701//2701 2684//2684
f 2733//2733 2685//2685 2716//2716
f 2733//2733 2702//2702 2685//2685
f 2734//2734 2703//2703 2717//2717
f 2735//2735 2704//2704 2718//2718
f 2735//2735 2721//2721 2704//2704
f 2736//2736 2705//2705 2688//2688
f 2736//2736 2722//2722 2705//2705
f 2736//2736 2688//2688 2719//2719
f 2737//2737 2706//2706 2720//2720
f 2737//2737 2723//2723 2706//2706
f 2738//2738 2707//2707 2690//2690
f 2738//2738 2690//2690 2721//2721
f 2738//2738 2724//2724 2707//2707
f 2739//2739 2708//2708 1417//1417
f 2739//2739 1416//1416 1415//1415
f 2739//2739 1417//1417 1416//1416
f 2740//2740 2709//2709 2692//2692
f 2740//2740 2692//2692 2723//2723
f 2741//2741 2693//2693 2724//2724
f 2741//2741 2710//2710 2693//2693
f 2742//2742 2694//2694 2725//2725
f 2742//2742 2711//2711 2694//2694
f 2743//2743 2695//2695 2726//2726
f 2743//2743 2712//2712 2695//2695
f 2744//2744 2696//2696 2727//2727
f 2744//2744 2713//2713 2696//2696
f 2745//2745 2697//2697 2728//2728
f 2745//2745 2714//2714 2697//2697
f 2746//2746 2715//2715 2729//2729
f 2747//2747 2716//2716 2699//2699
f 2747//2747 2733//2733 2716//2716
f 2747//2747 2699//2699 2730//2730
f 2748//2748 2700//2700 2731//2731
f 2748//2748 2717//2717 2700//2700
f 2749//2749 2718//2718 2701//2701
f 2749//2749 2701//2701 2732//2732
f 2750//2750 2719//2719 2702//2702
f 2750//2750 2702//2702 2733//2733
f 2751//2751 2703//2703 2734//2734
f 2751//2751 2720//2720 2703//2703
f 2752//2752 2721//2721 2735//2735
f 2753//2753 2722//2722 2736//2736
f 2753//2753 1890//1890 1891//1891
f 2753//2753 1891//1891 2722//2722
f 2754//2754 2723//2723 2737//2737
f 2755//2755 2724//2724 2738//2738
f 2756//2756 2725//2725 2708//2708
f 2756//2756 2708//2708 2739//2739
f 2757//2757 2743//2743 2726//2726
f 2757//2757 2709//2709 2740//2740
f 2757//2757 2726//2726 2709//2709
f 2758//2758 2710//2710 2741//2741
f 2758//2758 2727//2727 2710//2710
f 2759//2759 2711//2711 2742//2742
f 2759//2759 2728//2728 2711//2711
f 2760//2760 2729//2729 2712//2712
f 2760//2760 2712//2712 2743//2743
f 2761//2761 2713//2713 2744//2744
f 2761//2761 2730//2730 2713//2713
f 2761//2761 2747//2747 2730//2730
f 2762//2762 2714//2714 2745//2745
f 2762//2762 2731//2731 2714//2714
f 2763//2763 2732//2732 2715//2715
f 2763//2763 2715//2715 2746//2746
f 2764//2764 2733//2733 2747//2747
f 2765//2765 2717//2717 2748//2748
f 2765//2765 2734//2734 2717//2717
f 2766//2766 2735//2735 2718//2718
f 2766//2766 2718//2718 2749//2749
f 2767//2767 2736//2736 2719//2719
f 2767//2767 2753//2753 2736//2736
f 2767//2767 2719//2719 2750//2750
f 2768//2768 2720//2720 2751//2751
f 2768//2768 2737//2737 2720//2720
f 2769//2769 2721//2721 2752//2752
f 2769//2769 2738//2738 2721//2721
f 2770//2770 2739//2739 1415//1415
f 2771//2771 2740//2740 2723//2723
f 2771//2771 2723//2723 2754//2754
f 2771//2771 2757//2757 2740//2740
f 2772//2772 2724//2724 2755//2755
f 2772//2772 2741//2741 2724//2724
f 2773//2773 2742//2742 2725//2725
f 2773//2773 2725//2725 2756//2756
f 2774//2774 2743//2743 2757//2757
f 2775//2775 2727//2727 2758//2758
f 2775//2775 2744//2744 2727//2727
f 2776//2776 2728//2728 2759//2759
f 2776//2776 2745//2745 2728//2728
f 2777//2777 2746//2746 2729//2729
f 2777//2777 2729//2729 2760//2760
f 2778//2778 2747//2747 2761//2761
f 2779//2779 2748//2748 2731//2731
f 2779//2779 2731//2731 2762//2762
f 2780//2780 2732//2732 2763//2763
f 2780//2780 2749//2749 2732//2732
f 2780//2780 2766//2766 2749//2749
f 2781//2781 2733//2733 2764//2764
f 2781//2781 2750//2750 2733//2733
f 2781//2781 2767//2767 2750//2750
f 2782//2782 2751//2751 2734//2734
f 2782//2782 2768//2768 2751//2751
f 2782//2782 2734//2734 2765//2765
f 2783//2783 2752//2752 2735//2735
f 2783//2783 2735//2735 2766//2766
f 2784//2784 1887//1887 1890//1890
f 2784//2784 1890//1890 2753//2753
f 2784//2784 2753//2753 2767//2767
f 2785//2785 2754//2754 2737//2737
f 2785//2785 2737//2737 2768//2768
f 2786//2786 2755//2755 2738//2738
f 2786//2786 2738//2738 2769//2769
f 2786//2786 2772//2772 2755//2755
f 2787//2787 2773//2773 2756//2756
f 2787//2787 2739//2739 2770//2770
f 2787//2787 2756//2756 2739//2739
f 2788//2788 2757//2757 2771//2771
f 2789//2789 2758//2758 2741//2741
f 2789//2789 2741//2741 2772//2772
f 2789//2789 2775//2775 2758//2758
f 2790//2790 2742//2742 2773//2773
f 2790//2790 2759//2759 2742//2742
f 2791//2791 2743//2743 2774//2774
f 2791//2791 2760//2760 2743//2743
f 2791//2791 2777//2777 2760//2760
f 2792//2792 2744//2744 2775//2775
f 2792//2792 2761//2761 2744//2744
f 2793//2793 2762//2762 2745//2745
f 2793//2793 2745//2745 2776//2776
f 2794//2794 2763//2763 2746//2746
f 2794//2794 2746//2746 2777//2777
f 2795//2795 2747//2747 2778//2778
f 2795//2795 2764//2764 2747//2747
f 2796//2796 2748//2748 2779//2779
f 2796//2796 2765//2765 2748//2748
f 2796//2796 2782//2782 2765//2765
f 2797//2797 2766//2766 2780//2780
f 2797//2797 2783//2783 2766//2766
f 2798//2798 2767//2767 2781//2781
f 2799//2799 2768//2768 2782//2782
f 2800//2800 2769//2769 2752//2752
f 2800//2800 2786//2786 2769//2769
f 2800//2800 2752//2752 2783//2783
f 2801//2801 2770//2770 1415//1415
f 2801//2801 1415//1415 1414//1414
f 2802//2802 2771//2771 2754//2754
f 2802//2802 2788//2788 2771//2771
f 2802//2802 2754//2754 2785//2785
f 2803//2803 2772//2772 2786//2786
f 2804//2804 2773//2773 2787//2787
f 2805//2805 2757//2757 2788//2788
f 2805//2805 2774//2774 2757//2757
f 2806//2806 2775//2775 2789//2789
f 2807//2807 2759//2759 2790//2790
f 2807//2807 2776//2776 2759//2759
f 2808//2808 2777//2777 2791//2791
f 2809//2809 2778//2778 2761//2761
f 2809//2809 2761//2761 2792//2792
f 2810//2810 2779//2779 2762//2762
f 2810//2810 2762//2762 2793//2793
f 2811//2811 2780//2780 2763//2763
f 2811//2811 2797//2797 2780//2780
f 2811//2811 2763//2763 2794//2794
f 2812//2812 2781//2781 2764//2764
f 2812//2812 2764//2764 2795//2795
f 2812//2812 2798//2798 2781//2781
f 2813//2813 2782//2782 2796//2796
f 2814//2814 2783//2783 2797//2797
f 2815//2815 1887//1887 2784//2784
f 2815//2815 2767//2767 2798//2798
f 2815//2815 1888//1888 1887//1887
f 2815//2815 2784//2784 2767//2767
f 2816//2816 2768//2768 2799//2799
f 2816//2816 2785//2785 2768//2768
f 2816//2816 2802//2802 2785//2785
f 2817//2817 2786//2786 2800//2800
f 2818//2818 2770//2770 2801//2801
f 2818//2818 2787//2787 2770//2770
f 2819//2819 2788//2788 2802//2802
f 2820//2820 2789//2789 2772//2772
f 2820//2820 2772//2772 2803//2803
f 2821//2821 2807//2807 2790//2790
f 2821//2821 2773//2773 2804//2804
f 2821//2821 2790//2790 2773//2773
f 2822//2822 2774//2774 2805//2805
f 2822//2822 2791//2791 2774//2774
f 2823//2823 2792//2792 2775//2775
f 2823//2823 2775//2775 2806//2806
f 2824//2824 2793//2793 2776//2776
f 2824//2824 2776//2776 2807//2807
f 2825//2825 2777//2777 2808//2808
f 2825//2825 2794//2794 2777//2777
f 2826//2826 2778//2778 2809//2809
f 2826//2826 2795//2795 2778//2778
f 2827//2827 2796//2796 2779//2779
f 2827//2827 2779//2779 2810//2810
f 2828//2828 2797//2797 2811//2811
f 2829//2829 2798//2798 2812//2812
f 2830//2830 2799//2799 2782//2782
f 2830//2830 2782//2782 2813//2813
f 2831//2831 2800//2800 2783//2783
f 2831//2831 2783//2783 2814//2814
f 2832//2832 1413//1413 1412//1412
f 2832//2832 1414//1414 1413//1413
f 2832//2832 2801//2801 1414//1414
f 2833//2833 2802//2802 2816//2816
f 2834//2834 2786//2786 2817//2817
f 2834//2834 2803//2803 2786//2786
f 2835//2835 2787//2787 2818//2818
f 2835//2835 2804//2804 2787//2787
f 2836//2836 2788//2788 2819//2819
f 2836//2836 2805//2805 2788//2788
f 2837//2837 2806//2806 2789//2789
f 2837//2837 2823//2823 2806//2806
f 2837//2837 2789//2789 2820//2820
f 2838//2838 2824//2824 2807//2807
f 2838//2838 2807//2807 2821//2821
f 2839//2839 2808//2808 2791//2791
f 2839//2839 2791//2791 2822//2822
f 2840//2840 2826//2826 2809//2809
f 2840//2840 2809//2809 2792//2792
f 2840//2840 2792//2792 2823//2823
f 2841//2841 2810//2810 2793//2793
f 2841//2841 2793//2793 2824//2824
f 2842//2842 2811//2811 2794//2794
f 2842//2842 2794//2794 2825//2825
f 2843//2843 2795//2795 2826//2826
f 2843//2843 2812//2812 2795//2795
f 2844//2844 2796//2796 2827//2827
f 2844//2844 2813//2813 2796//2796
f 2845//2845 2797//2797 2828//2828
f 2845//2845 2814//2814 2797//2797
f 2846//2846 1888//1888 2815//2815
f 2846//2846 1884//1884 1888//1888
f 2846//2846 2798//2798 2829//2829
f 2846//2846 2815//2815 2798//2798
f 2847//2847 2816//2816 2799//2799
f 2847//2847 2799//2799 2830//2830
f 2848//2848 2817//2817 2800//2800
f 2848//2848 2800//2800 2831//2831
f 2849//2849 2818//2818 2801//2801
f 2849//2849 2801//2801 2832//2832
f 2850//2850 2802//2802 2833//2833
f 2850//2850 2819//2819 2802//2802
f 2851//2851 2837//2837 2820//2820
f 2851//2851 2803//2803 2834//2834
f 2851//2851 2820//2820 2803//2803
f 2852//2852 2821//2821 2804//2804
f 2852//2852 2804//2804 2835//2835
f 2853//2853 2839//2839 2822//2822
f 2853//2853 2822//2822 2805//2805
f 2853//2853 2805//2805 2836//2836
f 2854//2854 2823//2823 2837//2837
f 2854//2854 2840//2840 2823//2823
f 2855//2855 2824//2824 2838//2838
f 2856//2856 2825//2825 2808//2808
f 2856//2856 2808//2808 2839//2839
f 2857//2857 2826//2826 2840//2840
f 2858//2858 2810//2810 2841//2841
f 2858//2858 2827//2827 2810//2810
f 2859//2859 2828//2828 2811//2811
f 2859//2859 2811//2811 2842//2842
f 2860//2860 2812//2812 2843//2843
f 2860//2860 2829//2829 2812//2812
f 2861//2861 2813//2813 2844//2844
f 2861//2861 2830//2830 2813//2813
f 2862//2862 2814//2814 2845//2845
f 2862//2862 2831//2831 2814//2814
f 2863//2863 2832//2832 1412//1412
f 2864//2864 2833//2833 2816//2816
f 2864//2864 2816//2816 2847//2847
f 2865//2865 2817//2817 2848//2848
f 2865//2865 2834//2834 2817//2817
f 2865//2865 2851//2851 2834//2834
f 2866//2866 2835//2835 2818//2818
f 2866//2866 2818//2818 2849//2849
f 2867//2867 2819//2819 2850//2850
f 2867//2867 2836//2836 2819//2819
f 2867//2867 2853//2853 2836//2836
f 2868//2868 2837//2837 2851//2851
f 2869//2869 2821//2821 2852//2852
f 2869//2869 2838//2838 2821//2821
f 2870//2870 2856//2856 2839//2839
f 2870//2870 2839//2839 2853//2853
f 2871//2871 2840//2840 2854//2854
f 2872//2872 2841//2841 2824//2824
f 2872//2872 2858//2858 2841//2841
f 2872//2872 2824//2824 2855//2855
f 2873//2873 2842//2842 2825//2825
f 2873//2873 2825//2825 2856//2856
f 2874//2874 2860//2860 2843//2843
f 2874//2874 2826//2826 2857//2857
f 2874//2874 2843//2843 2826//2826
f 2875//2875 2827//2827 2858//2858
f 2875//2875 2844//2844 2827//2827
f 2876//2876 2828//2828 2859//2859
f 2876//2876 2862//2862 2845//2845
f 2876//2876 2845//2845 2828//2828
f 2877//2877 1884//1884 2846//2846
f 2877//2877 1881//1881 1884//1884
f 2877//2877 2829//2829 2860//2860
f 2877//2877 2846//2846 2829//2829
f 2878//2878 2847//2847 2830//2830
f 2878//2878 2830//2830 2861//2861
f 2879//2879 2848//2848 2831//2831
f 2879//2879 2831//2831 2862//2862
f 2879//2879 2865//2865 2848//2848
f 2880//2880 2849//2849 2832//2832
f 2880//2880 2832//2832 2863//2863
f 2881//2881 2833//2833 2864//2864
f 2881//2881 2867//2867 2850//2850
f 2881//2881 2850//2850 2833//2833
f 2882//2882 2851//2851 2865//2865
f 2883//2883 2852//2852 2835//2835
f 2883//2883 2835//2835 2866//2866
f 2883//2883 2869//2869 2852//2852
f 2884//2884 2853//2853 2867//2867
f 2885//2885 2837//2837 2868//2868
f 2885//2885 2854//2854 2837//2837
f 2886//2886 2855//2855 2838//2838
f 2886//2886 2838//2838 2869//2869
f 2887//2887 2856//2856 2870//2870
f 2888//2888 2874//2874 2857//2857
f 2888//2888 2857//2857 2840//2840
f 2888//2888 2840//2840 2871//2871
f 2889//2889 2858//2858 2872//2872
f 2889//2889 2875//2875 2858//2858
f 2890//2890 2859//2859 2842//2842
f 2890//2890 2842//2842 2873//2873
f 2891//2891 2860//2860 2874//2874
f 2892//2892 2844//2844 2875//2875
f 2892//2892 2878//2878 2861//2861
f 2892//2892 2861//2861 2844//2844
f 2893//2893 2879//2879 2862//2862
f 2893//2893 2862//2862 2876//2876
f 2894//2894 1411//1411 1410//1410
f 2894//2894 1412//1412 1411//1411
f 2894//2894 2863//2863 1412//1412
f 2895//2895 2847//2847 2878//2878
f 2895//2895 2864//2864 2847//2847
f 2896//2896 2865//2865 2879//2879
f 2897//2897 2866//2866 2849//2849
f 2897//2897 2849//2849 2880//2880
f 2898//2898 2867//2867 2881//2881
f 2899//2899 2851//2851 2882//2882
f 2899//2899 2868//2868 2851//2851
f 2900//2900 2869//2869 2883//2883
f 2901//2901 2853//2853 2884//2884
f 2901//2901 2887//2887 2870//2870
f 2901//2901 2870//2870 2853//2853
f 2902//2902 2871//2871 2854//2854
f 2902//2902 2888//2888 2871//2871
f 2902//2902 2854//2854 2885//2885
f 2903//2903 2889//2889 2872//2872
f 2903//2903 2855//2855 2886//2886
f 2903//2903 2872//2872 2855//2855
f 2904//2904 2873//2873 2856//2856
f 2904//2904 2856//2856 2887//2887
f 2904//2904 2890//2890 2873//2873
f 2905//2905 2874//2874 2888//2888
f 2906//2906 2875//2875 2889//2889
f 2907//2907 2859//2859 2890//2890
f 2907//2907 2876//2876 2859//2859
f 2908//2908 2860//2860 2891//2891
f 2908//2908 1881//1881 2877//2877
f 2908//2908 2877//2877 2860//2860
f 2908//2908 1882//1882 1881//1881
f 2909//2909 2878//2878 2892//2892
f 2910//2910 2879//2879 2893//2893
f 2911//2911 2863//2863 2894//2894
f 2911//2911 2880//2880 2863//2863
f 2912//2912 2898//2898 2881//2881
f 2912//2912 2864//2864 2895//2895
f 2912//2912 2881//2881 2864//2864
f 2913//2913 2865//2865 2896//2896
f 2913//2913 2882//2882 2865//2865
f 2914//2914 2866//2866 2897//2897
f 2914//2914 2883//2883 2866//2866
f 2915//2915 2867//2867 2898//2898
f 2915//2915 2884//2884 2867//2867
f 2915//2915 2901//2901 2884//2884
f 2916//2916 2885//2885 2868//2868
f 2916//2916 2868//2868 2899//2899
f 2916//2916 2902//2902 2885//2885
f 2917//2917 2869//2869 2900//2900
f 2917//2917 2886//2886 2869//2869
f 2918//2918 2887//2887 2901//2901
f 2919//2919 2888//2888 2902//2902
f 2920//2920 2906//2906 2889//2889
f 2920//2920 2889//2889 2903//2903
f 2921//2921 2907//2907 2890//2890
f 2921//2921 2890//2890 2904//2904
f 2922//2922 2874//2874 2905//2905
f 2922//2922 2891//2891 2874//2874
f 2923//2923 2892//2892 2875//2875
f 2923//2923 2875//2875 2906//2906
f 2923//2923 2909//2909 2892//2892
f 2924//2924 2876//2876 2907//2907
f 2924//2924 2893//2893 2876//2876
f 2925//2925 2894//2894 1410//1410
f 2926//2926 2878//2878 2909//2909
f 2926//2926 2895//2895 2878//2878
f 2927//2927 2896//2896 2879//2879
f 2927//2927 2913//2913 2896//2896
f 2927//2927 2879//2879 2910//2910
f 2928//2928 2897//2897 2880//2880
f 2928//2928 2880//2880 2911//2911
f 2929//2929 2898//2898 2912//2912
f 2930//2930 2882//2882 2913//2913
f 2930//2930 2899//2899 2882//2882
f 2930//2930 2916//2916 2899//2899
f 2931//2931 2900//2900 2883//2883
f 2931//2931 2883//2883 2914//2914
f 2932//2932 2901//2901 2915//2915
f 2933//2933 2902//2902 2916//2916
f 2934//2934 2886//2886 2917//2917
f 2934//2934 2903//2903 2886//2886
f 2935//2935 2887//2887 2918//2918
f 2935//2935 2904//2904 2887//2887
f 2936//2936 2922//2922 2905//2905
f 2936//2936 2905//2905 2888//2888
f 2936//2936 2888//2888 2919//2919
f 2937//2937 2906//2906 2920//2920
f 2938//2938 2907//2907 2921//2921
f 2939//2939 1882//1882 2908//2908
f 2939//2939 1878//1878 1882//1882
f 2939//2939 2891//2891 2922//2922
f 2939//2939 2908//2908 2891//2891
f 2940//2940 2909//2909 2923//2923
f 2941//2941 2893//2893 2924//2924
f 2941//2941 2910//2910 2893//2893
f 2942//2942 2911//2911 2894//2894
f 2942//2942 2894//2894 2925//2925
f 2943//2943 2912//2912 2895//2895
f 2943//2943 2895//2895 2926//2926
f 2943//2943 2929//2929 2912//2912
f 2944//2944 2930//2930 2913//2913
f 2944//2944 2913//2913 2927//2927
f 2945//2945 2897//2897 2928//2928
f 2945//2945 2931//2931 2914//2914
f 2945//2945 2914//2914 2897//2897
f 2946//2946 2898//2898 2929//2929
f 2946//2946 2915//2915 2898//2898
f 2947//2947 2916//2916 2930//2930
f 2948//2948 2917//2917 2900//2900
f 2948//2948 2900//2900 2931//2931
f 2949//2949 2935//2935 2918//2918
f 2949//2949 2901//2901 2932//2932
f 2949//2949 2918//2918 2901//2901
f 2950//2950 2919//2919 2902//2902
f 2950//2950 2902//2902 2933//2933
f 2951//2951 2920//2920 2903//2903
f 2951//2951 2903//2903 2934//2934
f 2952//2952 2921//2921 2904//2904
f 2952//2952 2904//2904 2935//2935
f 2952//2952 2938//2938 2921//2921
f 2953//2953 2922//2922 2936//2936
f 2954//2954 2923//2923 2906//2906
f 2954//2954 2906//2906 2937//2937
f 2955//2955 2907//2907 2938//2938
f 2955//2955 2924//2924 2907//2907
f 2956//2956 1409//1409 1408//1408
f 2956//2956 1410//1410 1409//1409
f 2956//2956 2925//2925 1410//1410
f 2957//2957 2926//2926 2909//2909
f 2957//2957 2909//2909 2940//2940
f 2958//2958 2927//2927 2910//2910
f 2958//2958 2910//2910 2941//2941
f 2959//2959 2911//2911 2942//2942
f 2959//2959 2928//2928 2911//2911
f 2960//2960 2929//2929 2943//2943
f 2961//2961 2930//2930 2944//2944
f 2962//2962 2931//2931 2945//2945
f 2963//2963 2949//2949 2932//2932
f 2963//2963 2932//2932 2915//2915
f 2963//2963 2915//2915 2946//2946
f 2964//2964 2933//2933 2916//2916
f 2964//2964 2916//2916 2947//2947
f 2965//2965 2917//2917 2948//2948
f 2965//2965 2934//2934 2917//2917
f 2966//2966 2935//2935 2949//2949
f 2967//2967 2919//2919 2950//2950
f 2967//2967 2936//2936 2919//2919
f 2968//2968 2937//2937 2920//2920
f 2968//2968 2920//2920 2951//2951
f 2969//2969 2938//2938 2952//2952
f 2970//2970 2939//2939 2922//2922
f 2970//2970 1874//1874 1878//1878
f 2970//2970 1878//1878 2939//2939
f 2970//2970 2922//2922 2953//2953
f 2971//2971 2923//2923 2954//2954
f 2971//2971 2940//2940 2923//2923
f 2972//2972 2941//2941 2924//2924
f 2972//2972 2924//2924 2955//2955
f 2972//2972 2958//2958 2941//2941
f 2973//2973 2925//2925 2956//2956
f 2973//2973 2942//2942 2925//2925
f 2974//2974 2960//2960 2943//2943
f 2974//2974 2926//2926 2957//2957
f 2974//2974 2943//2943 2926//2926
f 2975//2975 2927//2927 2958//2958
f 2975//2975 2944//2944 2927//2927
f 2976//2976 2945//2945 2928//2928
f 2976//2976 2928//2928 2959//2959
f 2977//2977 2929//2929 2960//2960
f 2977//2977 2946//2946 2929//2929
f 2977//2977 2963//2963 2946//2946
f 2978//2978 2930//2930 2961//2961
f 2978//2978 2947//2947 2930//2930
f 2979//2979 2948//2948 2931//2931
f 2979//2979 2931//2931 2962//2962
f 2980//2980 2949//2949 2963//2963
f 2981//2981 2933//2933 2964//2964
f 2981//2981 2950//2950 2933//2933
f 2981//2981 2967//2967 2950//2950
f 2982//2982 2934//2934 2965//2965
f 2982//2982 2951//2951 2934//2934
f 2983//2983 2952//2952 2935//2935
f 2983//2983 2935//2935 2966//2966
f 2984//2984 2953//2953 2936//2936
f 2984//2984 2936//2936 2967//2967
f 2985//2985 2954//2954 2937//2937
f 2985//2985 2937//2937 2968//2968
f 2985//2985 2971//2971 2954//2954
f 2986//2986 2955//2955 2938//2938
f 2986//2986 2938//2938 2969//2969
f 2987//2987 2956//2956 1408//1408
f 2988//2988 2957//2957 2940//2940
f 2988//2988 2940//2940 2971//2971
f 2989//2989 2958//2958 2972//2972
f 2990//2990 2959//2959 2942//2942
f 2990//2990 2942//2942 2973//2973
f 2991//2991 2960//2960 2974//2974
f 2992//2992 2961//2961 2944//2944
f 2992//2992 2944//2944 2975//2975
f 2993//2993 2945//2945 2976//2976
f 2993//2993 2962//2962 2945//2945
f 2994//2994 2963//2963 2977//2977
f 2995//2995 2964//2964 2947//2947
f 2995//2995 2981//2981 2964//2964
f 2995//2995 2947//2947 2978//2978
f 2996//2996 2948//2948 2979//2979
f 2996//2996 2965//2965 2948//2948
f 2996//2996 2982//2982 2965//2965
f 2997//2997 2949//2949 2980//2980
f 2997//2997 2966//2966 2949//2949
f 2998//2998 2967//2967 2981//2981
f 2999//2999 2968//2968 2951//2951
f 2999//2999 2951//2951 2982//2982
f 3000//3000 2969//2969 2952//2952
f 3000//3000 2952//2952 2983//2983
f 3000//3000 2986//2986 2969//2969
f 3001//3001 2953//2953 2984//2984
f 3001//3001 1875//1875 1874//1874
f 3001//3001 1874//1874 2970//2970
f 3001//3001 2970//2970 2953//2953
f 3002//3002 2971//2971 2985//2985
f 3003//3003 2989//2989 2972//2972
f 3003//3003 2972//2972 2955//2955
f 3003//3003 2955//2955 2986//2986
f 3004//3004 2956//2956 2987//2987
f 3004//3004 2973//2973 2956//2956
f 3005//3005 2974//2974 2957//2957
f 3005//3005 2957//2957 2988//2988
f 3006//3006 2958//2958 2989//2989
f 3006//3006 2975//2975 2958//2958
f 3007//3007 2976//2976 2959//2959
f 3007//3007 2959//2959 2990//2990
f 3008//3008 2977//2977 2960//2960
f 3008//3008 2994//2994 2977//2977
f 3008//3008 2960//2960 2991//2991
f 3009//3009 2961//2961 2992//2992
f 3009//3009 2978//2978 2961//2961
f 3009//3009 2995//2995 2978//2978
f 3010//3010 2979//2979 2962//2962
f 3010//3010 2962//2962 2993//2993
f 3011//3011 2997//2997 2980//2980
f 3011//3011 2963//2963 2994//2994
f 3011//3011 2980//2980 2963//2963
f 3012//3012 2981//2981 2995//2995
f 3013//3013 2982//2982 2996//2996
f 3014//3014 2966//2966 2997//2997
f 3014//3014 2983//2983 2966//2966
f 3015//3015 2984//2984 2967//2967
f 3015//3015 2967//2967 2998//2998
f 3016//3016 2968//2968 2999//2999
f 3016//3016 2985//2985 2968//2968
f 3017//3017 2986//2986 3000//3000
f 3018//3018 2987//2987 1408//1408
f 3018//3018 1407//1407 1406//1406
f 3018//3018 1408//1408 1407//1407
f 3019//3019 2988//2988 2971//2971
f 3019//3019 2971//2971 3002//3002
f 3020//3020 2989//2989 3003//3003
f 3021//3021 2973//2973 3004//3004
f 3021//3021 2990//2990 2973//2973
f 3022//3022 2974//2974 3005//3005
f 3022//3022 2991//2991 2974//2974
f 3023//3023 2975//2975 3006//3006
f 3023//3023 2992//2992 2975//2975
f 3023//3023 3009//3009 2992//2992
f 3024//3024 2993//2993 2976//2976
f 3024//3024 2976//2976 3007//3007
f 3025//3025 2994//2994 3008//3008
f 3025//3025 3011//3011 2994//2994
f 3026//3026 2995//2995 3009//3009
f 3027//3027 2979//2979 3010//3010
f 3027//3027 2996//2996 2979//2979
f 3028//3028 2997//2997 3011//3011
f 3029//3029 2981//2981 3012//3012
f 3029//3029 2998//2998 2981//2981
f 3029//3029 3015//3015 2998//2998
f 3030//3030 2982//2982 3013//3013
f 3030//3030 2999//2999 2982//2982
f 3031//3031 3000//3000 2983//2983
f 3031//3031 2983//2983 3014//3014
f 3032//3032 1875//1875 3001//3001
f 3032//3032 1876//1876 1875//1875
f 3032//3032 3001//3001 2984//2984
f 3032//3032 2984//2984 3015//3015
f 3033//3033 3002//3002 2985//2985
f 3033//3033 2985//2985 3016//3016
f 3034//3034 2986//2986 3017//3017
f 3034//3034 3003//3003 2986//2986
f 3035//3035 3004//3004 2987//2987
f 3035//3035 2987//2987 3018//3018
f 3035//3035 3021//3021 3004//3004
f 3036//3036 3022//3022 3005//3005
f 3036//3036 3005//3005 2988//2988
f 3036//3036 2988//2988 3019//3019
f 3037//3037 3006//3006 2989//2989
f 3037//3037 2989//2989 3020//3020
f 3038//3038 3007//3007 2990//2990
f 3038//3038 2990//2990 3021//3021
f 3039//3039 3008//3008 2991//2991
f 3039//3039 2991//2991 3022//3022
f 3040//3040 3026//3026 3009//3009
f 3040//3040 3009//3009 3023//3023
f 3041//3041 2993//2993 3024//3024
f 3041//3041 3010//3010 2993//2993
f 3042//3042 3011//3011 3025//3025
f 3043//3043 2995//2995 3026//3026
f 3043//3043 3012//3012 2995//2995
f 3044//3044 2996//2996 3027//3027
f 3044//3044 3013//3013 2996//2996
f 3045//3045 3014//3014 2997//2997
f 3045//3045 2997//2997 3028//3028
f 3046//3046 3015//3015 3029//3029
f 3047//3047 3016//3016 2999//2999
f 3047//3047 3033//3033 3016//3016
f 3047//3047 2999//2999 3030//3030
f 3048//3048 3000//3000 3031//3031
f 3048//3048 3017//3017 3000//3000
f 3048//3048 3034//3034 3017//3017
f 3049//3049 3018//3018 1406//1406
f 3050//3050 3002//3002 3033//3033
f 3050//3050 3019//3019 3002//3002
f 3051//3051 3003//3003 3034//3034
f 3051//3051 3020//3020 3003//3003
f 3052//3052 3021//3021 3035//3035
f 3053//3053 3039//3039 3022//3022
f 3053//3053 3022//3022 3036//3036
f 3054//3054 3006//3006 3037//3037
f 3054//3054 3023//3023 3006//3006
f 3054//3054 3040//3040 3023//3023
f 3055//3055 3024//3024 3007//3007
f 3055//3055 3007//3007 3038//3038
f 3055//3055 3041//3041 3024//3024
f 3056//3056 3025//3025 3008//3008
f 3056//3056 3008//3008 3039//3039
f 3057//3057 3026//3026 3040//3040
f 3058//3058 3010//3010 3041//3041
f 3058//3058 3027//3027 3010//3010
f 3059//3059 3028//3028 3011//3011
f 3059//3059 3011//3011 3042//3042
f 3060//3060 3029//3029 3012//3012
f 3060//3060 3012//3012 3043//3043
f 3061//3061 3030//3030 3013//3013
f 3061//3061 3013//3013 3044//3044
f 3062//3062 3031//3031 3014//3014
f 3062//3062 3014//3014 3045//3045
f 3063//3063 3015//3015 3046//3046
f 3063//3063 1876//1876 3032//3032
f 3063//3063 1869//1869 1876//1876
f 3063//3063 3032//3032 3015//3015
f 3064//3064 3033//3033 3047//3047
f 3065//3065 3034//3034 3048//3048
f 3066//3066 3035//3035 3018//3018
f 3066//3066 3018//3018 3049//3049
f 3067//3067 3036//3036 3019//3019
f 3067//3067 3019//3019 3050//3050
f 3068//3068 3020//3020 3051//3051
f 3068//3068 3037//3037 3020//3020
f 3069//3069 3055//3055 3038//3038
f 3069//3069 3038//3038 3021//3021
f 3069//3069 3021//3021 3052//3052
f 3070//3070 3039//3039 3053//3053
f 3071//3071 3040//3040 3054//3054
f 3072//3072 3041//3041 3055//3055
f 3073//3073 3042//3042 3025//3025
f 3073//3073 3025//3025 3056//3056
f 3074//3074 3026//3026 3057//3057
f 3074//3074 3060//3060 3043//3043
f 3074//3074 3043//3043 3026//3026
f 3075//3075 3027//3027 3058//3058
f 3075//3075 3044//3044 3027//3027
f 3076//3076 3028//3028 3059//3059
f 3076//3076 3045//3045 3028//3028
f 3077//3077 3029//3029 3060//3060
f 3077//3077 3046//3046 3029//3029
f 3078//3078 3030//3030 3061//3061
f 3078//3078 3064//3064 3047//3047
f 3078//3078 3047//3047 3030//3030
f 3079//3079 3048//3048 3031//3031
f 3079//3079 3031//3031 3062//3062
f 3079//3079 3065//3065 3048//3048
f 3080//3080 3049//3049 1406//1406
f 3080//3080 1406//1406 1405//1405
f 3081//3081 3050//3050 3033//3033
f 3081//3081 3033//3033 3064//3064
f 3082//3082 3034//3034 3065//3065
f 3082//3082 3051//3051 3034//3034
f 3083//3083 3052//3052 3035//3035
f 3083//3083 3035//3035 3066//3066
f 3084//3084 3053//3053 3036//3036
f 3084//3084 3036//3036 3067//3067
f 3085//3085 3037//3037 3068//3068
f 3085//3085 3054//3054 3037//3037
f 3086//3086 3055//3055 3069//3069
f 3087//3087 3073//3073 3056//3056
f 3087//3087 3056//3056 3039//3039
f 3087//3087 3039//3039 3070//3070
f 3088//3088 3057//3057 3040//3040
f 3088//3088 3040//3040 3071//3071
f 3089//3089 3041//3041 3072//3072
f 3089//3089 3058//3058 3041//3041
f 3089//3089 3075//3075 3058//3058
f 3090//3090 3059//3059 3042//3042
f 3090//3090 3042//3042 3073//3073
f 3091//3091 3060//3060 3074//3074
f 3092//3092 3044//3044 3075//3075
f 3092//3092 3061//3061 3044//3044
f 3093//3093 3062//3062 3045//3045
f 3093//3093 3079//3079 3062//3062
f 3093//3093 3045//3045 3076//3076
f 3094//3094 3046//3046 3077//3077
f 3094//3094 3063//3063 3046//3046
f 3094//3094 1868//1868 1869//1869
f 3094//3094 1869//1869 3063//3063
f 3095//3095 3064//3064 3078//3078
f 3096//3096 3065//3065 3079//3079
f 3096//3096 3082//3082 3065//3065
f 3097//3097 3066//3066 3049//3049
f 3097//3097 3049//3049 3080//3080
f 3098//3098 3050//3050 3081//3081
f 3098//3098 3067//3067 3050//3050
f 3098//3098 3084//3084 3067//3067
f 3099//3099 3068//3068 3051//3051
f 3099//3099 3051//3051 3082//3082
f 3100//3100 3069//3069 3052//3052
f 3100//3100 3052//3052 3083//3083
f 3101//3101 3053//3053 3084//3084
f 3101//3101 3070//3070 3053//3053
f 3102//3102 3071//3071 3054//3054
f 3102//3102 3054//3054 3085//3085
f 3103//3103 3072//3072 3055//3055
f 3103//3103 3055//3055 3086//3086
f 3104//3104 3073//3073 3087//3087
f 3105//3105 3091//3091 3074//3074
f 3105//3105 3057//3057 3088//3088
f 3105//3105 3074//3074 3057//3057
f 3106//3106 3075//3075 3089//3089
f 3107//3107 3059//3059 3090//3090
f 3107//3107 3076//3076 3059//3059
f 3108//3108 3060//3060 3091//3091
f 3108//3108 3077//3077 3060//3060
f 3109//3109 3061//3061 3092//3092
f 3109//3109 3078//3078 3061//3061
f 3110//3110 3079//3079 3093//3093
f 3111//3111 3080//3080 1405//1405
f 3111//3111 1405//1405 1404//1404
f 3112//3112 3081//3081 3064//3064
f 3112//3112 3064//3064 3095//3095
f 3113//3113 3082//3082 3096//3096
f 3114//3114 3083//3083 3066//3066
f 3114//3114 3066//3066 3097//3097
f 3115//3115 3084//3084 3098//3098
f 3116//3116 3085//3085 3068//3068
f 3116//3116 3068//3068 3099//3099
f 3117//3117 3069//3069 3100//3100
f 3117//3117 3086//3086 3069//3069
f 3118//3118 3070//3070 3101//3101
f 3118//3118 3087//3087 3070//3070
f 3119//3119 3071//3071 3102//3102
f 3119//3119 3088//3088 3071//3071
f 3120//3120 3089//3089 3072//3072
f 3120//3120 3072//3072 3103//3103
f 3120//3120 3106//3106 3089//3089
f 3121//3121 3073//3073 3104//3104
f 3121//3121 3090//3090 3073//3073
f 3121//3121 3107//3107 3090//3090
f 3122//3122 3091//3091 3105//3105
f 3123//3123 3092//3092 3075//3075
f 3123//3123 3075//3075 3106//3106
f 3124//3124 3076//3076 3107//3107
f 3124//3124 3093//3093 3076//3076
f 3125//3125 3094//3094 3077//3077
f 3125//3125 3077//3077 3108//3108
f 3125//3125 1865//1865 1868//1868
f 3125//3125 1868//1868 3094//3094
f 3126//3126 3095//3095 3078//3078
f 3126//3126 3078//3078 3109//3109
f 3127//3127 3096//3096 3079//3079
f 3127//3127 3079//3079 3110//3110
f 3128//3128 3097//3097 3080//3080
f 3128//3128 3080//3080 3111//3111
f 3129//3129 3081//3081 3112//3112
f 3129//3129 3098//3098 3081//3081
f 3130//3130 3082//3082 3113//3113
f 3130//3130 3099//3099 3082//3082
f 3130//3130 3116//3116 3099//3099
f 3131//3131 3083//3083 3114//3114
f 3131//3131 3100//3100 3083//3083
f 3132//3132 3101//3101 3084//3084
f 3132//3132 3084//3084 3115//3115
f 3132//3132 3118//3118 3101//3101
f 3133//3133 3102//3102 3085//3085
f 3133//3133 3085//3085 3116//3116
f 3134//3134 3103//3103 3086//3086
f 3134//3134 3086//3086 3117//3117
f 3135//3135 3121//3121 3104//3104
f 3135//3135 3087//3087 3118//3118
f 3135//3135 3104//3104 3087//3087
f 3136//3136 3088//3088 3119//3119
f 3136//3136 3105//3105 3088//3088
f 3136//3136 3122//3122 3105//3105
f 3137//3137 3106//3106 3120//3120
f 3138//3138 3107//3107 3121//3121
f 3139//3139 3091//3091 3122//3122
f 3139//3139 3108//3108 3091//3091
f 3140//3140 3109//3109 3092//3092
f 3140//3140 3092//3092 3123//3123
f 3141//3141 3093//3093 3124//3124
f 3141//3141 3110//3110 3093//3093
f 3142//3142 3111//3111 1404//1404
f 3142//3142 1403//1403 1402//1402
f 3142//3142 1404//1404 1403//1403
f 3143//3143 3095//3095 3126//3126
f 3143//3143 3112//3112 3095//3095
f 3144//3144 3096//3096 3127//3127
f 3144//3144 3113//3113 3096//3096
f 3145//3145 3097//3097 3128//3128
f 3145//3145 3114//3114 3097//3097
f 3146//3146 3098//3098 3129//3129
f 3146//3146 3115//3115 3098//3098
f 3147//3147 3116//3116 3130//3130
f 3147//3147 3133//3133 3116//3116
f 3148//3148 3100//3100 3131//3131
f 3148//3148 3117//3117 3100//3100
f 3149//3149 3118//3118 3132//3132
f 3150//3150 3102//3102 3133//3133
f 3150//3150 3119//3119 3102//3102
f 3151//3151 3120//3120 3103//3103
f 3151//3151 3103//3103 3134//3134
f 3152//3152 3121//3121 3135//3135
f 3153//3153 3122//3122 3136//3136
f 3154//3154 3123//3123 3106//3106
f 3154//3154 3106//3106 3137//3137
f 3155//3155 3124//3124 3107//3107
f 3155//3155 3107//3107 3138//3138
f 3156//3156 3108//3108 3139//3139
f 3156//3156 3125//3125 3108//3108
f 3156//3156 1865//1865 3125//3125
f 3156//3156 1866//1866 1865//1865
f 3157//3157 3126//3126 3109//3109
f 3157//3157 3109//3109 3140//3140
f 3158//3158 3110//3110 3141//3141
f 3158//3158 3127//3127 3110//3110
f 3158//3158 3144//3144 3127//3127
f 3159//3159 3111//3111 3142//3142
f 3159//3159 3128//3128 3111//3111
f 3160//3160 3129//3129 3112//3112
f 3160//3160 3112//3112 3143//3143
f 3161//3161 3130//3130 3113//3113
f 3161//3161 3113//3113 3144//3144
f 3161//3161 3147//3147 3130//3130
f 3162//3162 3114//3114 3145//3145
f 3162//3162 3131//3131 3114//3114
f 3163//3163 3132//3132 3115//3115
f 3163//3163 3115//3115 3146//3146
f 3164//3164 3133//3133 3147//3147
f 3164//3164 3150//3150 3133//3133
f 3165//3165 3134//3134 3117//3117
f 3165//3165 3117//3117 3148//3148
f 3166//3166 3118//3118 3149//3149
f 3166//3166 3135//3135 3118//3118
f 3167//3167 3119//3119 3150//3150
f 3167//3167 3136//3136 3119//3119
f 3168//3168 3120//3120 3151//3151
f 3168//3168 3137//3137 3120//3120
f 3169//3169 3121//3121 3152//3152
f 3169//3169 3138//3138 3121//3121
f 3170//3170 3122//3122 3153//3153
f 3170//3170 3139//3139 3122//3122
f 3171//3171 3123//3123 3154//3154
f 3171//3171 3140//3140 3123//3123
f 3171//3171 3157//3157 3140//3140
f 3172//3172 3124//3124 3155//3155
f 3172//3172 3158//3158 3141//3141
f 3172//3172 3141//3141 3124//3124
f 3173//3173 3142//3142 1402//1402
f 3173//3173 1402//1402 1401//1401
f 3174//3174 3143//3143 3126//3126
f 3174//3174 3126//3126 3157//3157
f 3175//3175 3161//3161 3144//3144
f 3175//3175 3144//3144 3158//3158
f 3176//3176 3128//3128 3159//3159
f 3176//3176 3145//3145 3128//3128
f 3176//3176 3162//3162 3145//3145
f 3177//3177 3129//3129 3160//3160
f 3177//3177 3146//3146 3129//3129
f 3178//3178 3147//3147 3161//3161
f 3179//3179 3148//3148 3131//3131
f 3179//3179 3165//3165 3148//3148
f 3179//3179 3131//3131 3162//3162
f 3180//3180 3132//3132 3163//3163
f 3180//3180 3149//3149 3132//3132
f 3180//3180 3166//3166 3149//3149
f 3181//3181 3150//3150 3164//3164
f 3182//3182 3134//3134 3165//3165
f 3182//3182 3151//3151 3134//3134
f 3183//3183 3135//3135 3166//3166
f 3183//3183 3152//3152 3135//3135
f 3184//3184 3153//3153 3136//3136
f 3184//3184 3136//3136 3167//3167
f 3184//3184 3170//3170 3153//3153
f 3185//3185 3154//3154 3137//3137
f 3185//3185 3137//3137 3168//3168
f 3186//3186 3172//3172 3155//3155
f 3186//3186 3138//3138 3169//3169
f 3186//3186 3155//3155 3138//3138
f 3187//3187 1866//1866 3156//3156
f 3187//3187 3156//3156 3139//3139
f 3187//3187 1862//1862 1866//1866
f 3187//3187 3139//3139 3170//3170
f 3188//3188 3157//3157 3171//3171
f 3189//3189 3158//3158 3172//3172
f 3190//3190 3142//3142 3173//3173
f 3190//3190 3159//3159 3142//3142
f 3191//3191 3177//3177 3160//3160
f 3191//3191 3160//3160 3143//3143
f 3191//3191 3143//3143 3174//3174
f 3192//3192 3161//3161 3175//3175
f 3193//3193 3179//3179 3162//3162
f 3193//3193 3162//3162 3176//3176
f 3194//3194 3163//3163 3146//3146
f 3194//3194 3146//3146 3177//3177
f 3195//3195 3164//3164 3147//3147
f 3195//3195 3181//3181 3164//3164
f 3195//3195 3147//3147 3178//3178
f 3196//3196 3182//3182 3165//3165
f 3196//3196 3165//3165 3179//3179
f 3197//3197 3166//3166 3180//3180
f 3198//3198 3167//3167 3150//3150
f 3198//3198 3184//3184 3167//3167
f 3198//3198 3150//3150 3181//3181
f 3199//3199 3168//3168 3151//3151
f 3199//3199 3151//3151 3182//3182
f 3200//3200 3152//3152 3183//3183
f 3200//3200 3169//3169 3152//3152
f 3201//3201 3170//3170 3184//3184
f 3202//3202 3171//3171 3154//3154
f 3202//3202 3154//3154 3185//3185
f 3203//3203 3172//3172 3186//3186
f 3204//3204 3173//3173 1401//1401
f 3204//3204 1401//1401 1400//1400
f 3205//3205 3157//3157 3188//3188
f 3205//3205 3174//3174 3157//3157
f 3206//3206 3158//3158 3189//3189
f 3206//3206 3175//3175 3158//3158
f 3207//3207 3193//3193 3176//3176
f 3207//3207 3159//3159 3190//3190
f 3207//3207 3176//3176 3159//3159
f 3208//3208 3194//3194 3177//3177
f 3208//3208 3177//3177 3191//3191
f 3209//3209 3161//3161 3192//3192
f 3209//3209 3178//3178 3161//3161
f 3210//3210 3179//3179 3193//3193
f 3211//3211 3163//3163 3194//3194
f 3211//3211 3180//3180 3163//3163
f 3212//3212 3181//3181 3195//3195
f 3213//3213 3182//3182 3196//3196
f 3214//3214 3183//3183 3166//3166
f 3214//3214 3166//3166 3197//3197
f 3215//3215 3184//3184 3198//3198
f 3216//3216 3168//3168 3199//3199
f 3216//3216 3185//3185 3168//3168
f 3217//3217 3186//3186 3169//3169
f 3217//3217 3169//3169 3200//3200
f 3217//3217 3203//3203 3186//3186
f 3218//3218 1862//1862 3187//3187
f 3218//3218 1860//1860 1862//1862
f 3218//3218 3187//3187 3170//3170
f 3218//3218 3170//3170 3201//3201
f 3219//3219 3171//3171 3202//3202
f 3219//3219 3188//3188 3171//3171
f 3220//3220 3189//3189 3172//3172
f 3220//3220 3172//3172 3203//3203
f 3221//3221 3173//3173 3204//3204
f 3221//3221 3190//3190 3173//3173
f 3222//3222 3208//3208 3191//3191
f 3222//3222 3191//3191 3174//3174
f 3222//3222 3174//3174 3205//3205
f 3223//3223 3192//3192 3175//3175
f 3223//3223 3175//3175 3206//3206
f 3224//3224 3193//3193 3207//3207
f 3225//3225 3194//3194 3208//3208
f 3226//3226 3178//3178 3209//3209
f 3226//3226 3195//3195 3178//3178
f 3227//3227 3196//3196 3179//3179
f 3227//3227 3179//3179 3210//3210
f 3228//3228 3197//3197 3180//3180
f 3228//3228 3180//3180 3211//3211
f 3229//3229 3181//3181 3212//3212
f 3229//3229 3198//3198 3181//3181
f 3230//3230 3182//3182 3213//3213
f 3230//3230 3199//3199 3182//3182
f 3231//3231 3200//3200 3183//3183
f 3231//3231 3183//3183 3214//3214
f 3232//3232 3184//3184 3215//3215
f 3232//3232 3201//3201 3184//3184
f 3232//3232 3218//3218 3201//3201
f 3233//3233 3202//3202 3185//3185
f 3233//3233 3185//3185 3216//3216
f 3234//3234 3203//3203 3217//3217
f 3234//3234 3220//3220 3203//3203
f 3235//3235 3204//3204 1400//1400
f 3235//3235 3221//3221 3204//3204
f 3236//3236 3205//3205 3188//3188
f 3236//3236 3222//3222 3205//3205
f 3236//3236 3188//3188 3219//3219
f 3237//3237 3189//3189 3220//3220
f 3237//3237 3206//3206 3189//3189
f 3238//3238 3207//3207 3190//3190
f 3238//3238 3190//3190 3221//3221
f 3239//3239 3208//3208 3222//3222
f 3239//3239 3225//3225 3208//3208
f 3240//3240 3192//3192 3223//3223
f 3240//3240 3209//3209 3192//3192
f 3241//3241 3227//3227 3210//3210
f 3241//3241 3193//3193 3224//3224
f 3241//3241 3210//3210 3193//3193
f 3242//3242 3211//3211 3194//3194
f 3242//3242 3194//3194 3225//3225
f 3242//3242 3228//3228 3211//3211
f 3243//3243 3195//3195 3226//3226
f 3243//3243 3212//3212 3195//3195
f 3244//3244 3213//3213 3196//3196
f 3244//3244 3196//3196 3227//3227
f 3245//3245 3197//3197 3228//3228
f 3245//3245 3214//3214 3197//3197
f 3246//3246 3198//3198 3229//3229
f 3246//3246 3232//3232 3215//3215
f 3246//3246 3215//3215 3198//3198
f 3247//3247 3233//3233 3216//3216
f 3247//3247 3199//3199 3230//3230
f 3247//3247 3216//3216 3199//3199
f 3248//3248 3217//3217 3200//3200
f 3248//3248 3200//3200 3231//3231
f 3249//3249 1857//1857 1860//1860
f 3249//3249 3218//3218 3232//3232
f 3249//3249 1860//1860 3218//3218
f 3250//3250 3219//3219 3202//3202
f 3250//3250 3202//3202 3233//3233
f 3251//3251 3220//3220 3234//3234
f 3252//3252 3221//3221 3235//3235
f 3253//3253 3222//3222 3236//3236
f 3254//3254 3223//3223 3206//3206
f 3254//3254 3240//3240 3223//3223
f 3254//3254 3206//3206 3237//3237
f 3255//3255 3224//3224 3207//3207
f 3255//3255 3207//3207 3238//3238
f 3256//3256 3225//3225 3239//3239
f 3257//3257 3209//3209 3240//3240
f 3257//3257 3226//3226 3209//3209
f 3258//3258 3227//3227 3241//3241
f 3259//3259 3228//3228 3242//3242
f 3260//3260 3229//3229 3212//3212
f 3260//3260 3246//3246 3229//3229
f 3260//3260 3212//3212 3243//3243
f 3261//3261 3230//3230 3213//3213
f 3261//3261 3213//3213 3244//3244
f 3262//3262 3231//3231 3214//3214
f 3262//3262 3214//3214 3245//3245
f 3263//3263 3232//3232 3246//3246
f 3264//3264 3233//3233 3247//3247
f 3265//3265 3234//3234 3217//3217
f 3265//3265 3217//3217 3248//3248
f 3266//3266 1399//1399 1398//1398
f 3266//3266 1400//1400 1399//1399
f 3266//3266 3235//3235 1400//1400
f 3267//3267 3236//3236 3219//3219
f 3267//3267 3219//3219 3250//3250
f 3268//3268 3220//3220 3251//3251
f 3268//3268 3254//3254 3237//3237
f 3268//3268 3237//3237 3220//3220
f 3269//3269 3238//3238 3221//3221
f 3269//3269 3255//3255 3238//3238
f 3269//3269 3221//3221 3252//3252
f 3270//3270 3222//3222 3253//3253
f 3270//3270 3239//3239 3222//3222
f 3271//3271 3240//3240 3254//3254
f 3272//3272 3224//3224 3255//3255
f 3272//3272 3258//3258 3241//3241
f 3272//3272 3241//3241 3224//3224
f 3273//3273 3225//3225 3256//3256
f 3273//3273 3242//3242 3225//3225
f 3274//3274 3243//3243 3226//3226
f 3274//3274 3260//3260 3243//3243
f 3274//3274 3226//3226 3257//3257
f 3275//3275 3244//3244 3227//3227
f 3275//3275 3227//3227 3258//3258
f 3276//3276 3228//3228 3259//3259
f 3276//3276 3245//3245 3228//3228
f 3277//3277 3246//3246 3260//3260
f 3278//3278 3230//3230 3261//3261
f 3278//3278 3247//3247 3230//3230
f 3279//3279 3248//3248 3231//3231
f 3279//3279 3231//3231 3262//3262
f 3280//3280 3249//3249 3232//3232
f 3280//3280 1857//1857 3249//3249
f 3280//3280 1858//1858 1857//1857
f 3280//3280 3232//3232 3263//3263
f 3281//3281 3233//3233 3264//3264
f 3281//3281 3250//3250 3233//3233
f 3281//3281 3267//3267 3250//3250
f 3282//3282 3234//3234 3265//3265
f 3282//3282 3251//3251 3234//3234
f 3283//3283 3235//3235 3266//3266
f 3283//3283 3252//3252 3235//3235
f 3284//3284 3236//3236 3267//3267
f 3284//3284 3253//3253 3236//3236
f 3285//3285 3254//3254 3268//3268
f 3286//3286 3255//3255 3269//3269
f 3287//3287 3256//3256 3239//3239
f 3287//3287 3239//3239 3270//3270
f 3288//3288 3257//3257 3240//3240
f 3288//3288 3240//3240 3271//3271
f 3289//3289 3258//3258 3272//3272
f 3289//3289 3275//3275 3258//3258
f 3290//3290 3276//3276 3259//3259
f 3290//3290 3242//3242 3273//3273
f 3290//3290 3259//3259 3242//3242
f 3291//3291 3260//3260 3274//3274
f 3292//3292 3244//3244 3275//3275
f 3292//3292 3261//3261 3244//3244
f 3293//3293 3262//3262 3245//3245
f 3293//3293 3245//3245 3276//3276
f 3294//3294 3263//3263 3246//3246
f 3294//3294 3246//3246 3277//3277
f 3295//3295 3247//3247 3278//3278
f 3295//3295 3264//3264 3247//3247
f 3296//3296 3248//3248 3279//3279
f 3296//3296 3265//3265 3248//3248
f 3297//3297 3266//3266 1398//1398
f 3297//3297 1398//1398 1397//1397
f 3298//3298 3267//3267 3281//3281
f 3298//3298 3284//3284 3267//3267
f 3299//3299 3268//3268 3251//3251
f 3299//3299 3251//3251 3282//3282
f 3300//3300 3269//3269 3252//3252
f 3300//3300 3252//3252 3283//3283
f 3300//3300 3286//3286 3269//3269
f 3301//3301 3270//3270 3253//3253
f 3301//3301 3253//3253 3284//3284
f 3301//3301 3287//3287 3270//3270
f 3302//3302 3254//3254 3285//3285
f 3302//3302 3271//3271 3254//3254
f 3302//3302 3288//3288 3271//3271
f 3303//3303 3289//3289 3272//3272
f 3303//3303 3272//3272 3255//3255
f 3303//3303 3255//3255 3286//3286
f 3304//3304 3273//3273 3256//3256
f 3304//3304 3256//3256 3287//3287
f 3305//3305 3274//3274 3257//3257
f 3305//3305 3257//3257 3288//3288
f 3306//3306 3275//3275 3289//3289
f 3306//3306 3292//3292 3275//3275
f 3307//3307 3276//3276 3290//3290
f 3308//3308 3277//3277 3260//3260
f 3308//3308 3294//3294 3277//3277
f 3308//3308 3260//3260 3291//3291
f 3309//3309 3261//3261 3292//3292
f 3309//3309 3278//3278 3261//3261
f 3310//3310 3279//3279 3262//3262
f 3310//3310 3262//3262 3293//3293
f 3311//3311 1858//1858 3280//3280
f 3311//3311 3280//3280 3263//3263
f 3311//3311 1859//1859 1858//1858
f 3311//3311 3263//3263 3294//3294
f 3312//3312 3281//3281 3264//3264
f 3312//3312 3264//3264 3295//3295
f 3313//3313 3265//3265 3296//3296
f 3313//3313 3282//3282 3265//3265
f 3314//3314 3283//3283 3266//3266
f 3314//3314 3266//3266 3297//3297
f 3315//3315 3284//3284 3298//3298
f 3316//3316 3268//3268 3299//3299
f 3316//3316 3285//3285 3268//3268
f 3317//3317 3286//3286 3300//3300
f 3318//3318 3287//3287 3301//3301
f 3319//3319 3288//3288 3302//3302
f 3320//3320 3289//3289 3303//3303
f 3321//3321 3290//3290 3273//3273
f 3321//3321 3273//3273 3304//3304
f 3322//3322 3291//3291 3274//3274
f 3322//3322 3274//3274 3305//3305
f 3323//3323 3292//3292 3306//3306
f 3324//3324 3293//3293 3276//3276
f 3324//3324 3276//3276 3307//3307
f 3325//3325 3294//3294 3308//3308
f 3326//3326 3295//3295 3278//3278
f 3326//3326 3278//3278 3309//3309
f 3327//3327 3296//3296 3279//3279
f 3327//3327 3313//3313 3296//3296
f 3327//3327 3279//3279 3310//3310
f 3328//3328 3314//3314 3297//3297
f 3328//3328 3297//3297 1397//1397
f 3329//3329 3298//3298 3281//3281
f 3329//3329 3281//3281 3312//3312
f 3330//3330 3282//3282 3313//3313
f 3330//3330 3299//3299 3282//3282
f 3331//3331 3317//3317 3300//3300
f 3331//3331 3283//3283 3314//3314
f 3331//3331 3300//3300 3283//3283
f 3332//3332 3301//3301 3284//3284
f 3332//3332 3284//3284 3315//3315
f 3333//3333 3285//3285 3316//3316
f 3333//3333 3302//3302 3285//3285
f 3334//3334 3286//3286 3317//3317
f 3334//3334 3303//3303 3286//3286
f 3334//3334 3320//3320 3303//3303
f 3335//3335 3287//3287 3318//3318
f 3335//3335 3321//3321 3304//3304
f 3335//3335 3304//3304 3287//3287
f 3336//3336 3288//3288 3319//3319
f 3336//3336 3322//3322 3305//3305
f 3336//3336 3305//3305 3288//3288
f 3337//3337 3289//3289 3320//3320
f 3337//3337 3306//3306 3289//3289
f 3338//3338 3290//3290 3321//3321
f 3338//3338 3307//3307 3290//3290
f 3339//3339 3308//3308 3291//3291
f 3339//3339 3291//3291 3322//3322
f 3340//3340 3292//3292 3323//3323
f 3340//3340 3326//3326 3309//3309
f 3340//3340 3309//3309 3292//3292
f 3341//3341 3293//3293 3324//3324
f 3341//3341 3310//3310 3293//3293
f 3341//3341 3327//3327 3310//3310
f 3342//3342 1859//1859 3311//3311
f 3342//3342 3294//3294 3325//3325
f 3342//3342 3311//3311 3294//3294
f 3342//3342 1855//1855 1859//1859
f 3343//3343 3312//3312 3295//3295
f 3343//3343 3295//3295 3326//3326
f 3344//3344 3330//3330 3313//3313
f 3344//3344 3313//3313 3327//3327
f 3345//3345 3314//3314 3328//3328
f 3346//3346 3298//3298 3329//3329
f 3346//3346 3315//3315 3298//3298
f 3347//3347 3316//3316 3299//3299
f 3347//3347 3299//3299 3330//3330
f 3348//3348 3317//3317 3331//3331
f 3348//3348 3334//3334 3317//3317
f 3349//3349 3301//3301 3332//3332
f 3349//3349 3318//3318 3301//3301
f 3350//3350 3302//3302 3333//3333
f 3350//3350 3319//3319 3302//3302
f 3351//3351 3337//3337 3320//3320
f 3351//3351 3320//3320 3334//3334
f 3352//3352 3321//3321 3335//3335
f 3353//3353 3322//3322 3336//3336
f 3354//3354 3306//3306 3337//3337
f 3354//3354 3323//3323 3306//3306
f 3355//3355 3307//3307 3338//3338
f 3355//3355 3341//3341 3324//3324
f 3355//3355 3324//3324 3307//3307
f 3356//3356 3308//3308 3339//3339
f 3356//3356 3325//3325 3308//3308
f 3357//3357 3326//3326 3340//3340
f 3358//3358 3327//3327 3341//3341
f 3358//3358 3344//3344 3327//3327
f 3359//3359 1397//1397 1396//1396
f 3359//3359 3328//3328 1397//1397
f 3360//3360 3329//3329 3312//3312
f 3360//3360 3312//3312 3343//3343
f 3361//3361 3330//3330 3344//3344
f 3362//3362 3314//3314 3345//3345
f 3362//3362 3331//3331 3314//3314
f 3363//3363 3332//3332 3315//3315
f 3363//3363 3315//3315 3346//3346
f 3364//3364 3333//3333 3316//3316
f 3364//3364 3316//3316 3347//3347
f 3365//3365 3334//3334 3348//3348
f 3366//3366 3335//3335 3318//3318
f 3366//3366 3318//3318 3349//3349
f 3367//3367 3336//3336 3319//3319
f 3367//3367 3319//3319 3350//3350
f 3368//3368 3337//3337 3351//3351
f 3369//3369 3338//3338 3321//3321
f 3369//3369 3321//3321 3352//3352
f 3370//3370 3322//3322 3353//3353
f 3370//3370 3356//3356 3339//3339
f 3370//3370 3339//3339 3322//3322
f 3371//3371 3323//3323 3354//3354
f 3371//3371 3340//3340 3323//3323
f 3372//3372 3341//3341 3355//3355
f 3373//3373 3342//3342 3325//3325
f 3373//3373 1856//1856 1855//1855
f 3373//3373 3325//3325 3356//3356
f 3373//3373 1855//1855 3342//3342
f 3374//3374 3326//3326 3357//3357
f 3374//3374 3343//3343 3326//3326
f 3375//3375 3344//3344 3358//3358
f 3376//3376 3345//3345 3328//3328
f 3376//3376 3328//3328 3359//3359
f 3377//3377 3329//3329 3360//3360
f 3377//3377 3346//3346 3329//3329
f 3378//3378 3347//3347 3330//3330
f 3378//3378 3330//3330 3361//3361
f 3379//3379 3331//3331 3362//3362
f 3379//3379 3348//3348 3331//3331
f 3380//3380 3332//3332 3363//3363
f 3380//3380 3349//3349 3332//3332
f 3381//3381 3333//3333 3364//3364
f 3381//3381 3350//3350 3333//3333
f 3382//3382 3351//3351 3334//3334
f 3382//3382 3334//3334 3365//3365
f 3382//3382 3368//3368 3351//3351
f 3383//3383 3352//3352 3335//3335
f 3383//3383 3335//3335 3366//3366
f 3384//3384 3353//3353 3336//3336
f 3384//3384 3336//3336 3367//3367
f 3385//3385 3354//3354 3337//3337
f 3385//3385 3337//3337 3368//3368
f 3386//3386 3355//3355 3338//3338
f 3386//3386 3338//3338 3369//3369
f 3387//3387 3356//3356 3370//3370
f 3388//3388 3357//3357 3340//3340
f 3388//3388 3340//3340 3371//3371
f 3389//3389 3341//3341 3372//3372
f 3389//3389 3358//3358 3341//3341
f 3390//3390 1395//1395 1394//1394
f 3390//3390 1396//1396 1395//1395
f 3390//3390 3359//3359 1396//1396
f 3391//3391 3360//3360 3343//3343
f 3391//3391 3343//3343 3374//3374
f 3392//3392 3378//3378 3361//3361
f 3392//3392 3344//3344 3375//3375
f 3392//3392 3361//3361 3344//3344
f 3393//3393 3379//3379 3362//3362
f 3393//3393 3345//3345 3376//3376
f 3393//3393 3362//3362 3345//3345
f 3394//3394 3363//3363 3346//3346
f 3394//3394 3346//3346 3377//3377
f 3395//3395 3381//3381 3364//3364
f 3395//3395 3364//3364 3347//3347
f 3395//3395 3347//3347 3378//3378
f 3396//3396 3348//3348 3379//3379
f 3396//3396 3382//3382 3365//3365
f 3396//3396 3365//3365 3348//3348
f 3397//3397 3366//3366 3349//3349
f 3397//3397 3349//3349 3380//3380
f 3397//3397 3383//3383 3366//3366
f 3398//3398 3367//3367 3350//3350
f 3398//3398 3350//3350 3381//3381
f 3399//3399 3368//3368 3382//3382
f 3400//3400 3352//3352 3383//3383
f 3400//3400 3369//3369 3352//3352
f 3401//3401 3387//3387 3370//3370
f 3401//3401 3370//3370 3353//3353
f 3401//3401 3353//3353 3384//3384
f 3402//3402 3371//3371 3354//3354
f 3402//3402 3354//3354 3385//3385
f 3402//3402 3388//3388 3371//3371
f 3403//3403 3355//3355 3386//3386
f 3403//3403 3372//3372 3355//3355
f 3404//3404 3356//3356 3387//3387
f 3404//3404 1853//1853 1856//1856
f 3404//3404 1856//1856 3373//3373
f 3404//3404 3373//3373 3356//3356
f 3405//3405 3374//3374 3357//3357
f 3405//3405 3357//3357 3388//3388
f 3406//3406 3392//3392 3375//3375
f 3406//3406 3375//3375 3358//3358
f 3406//3406 3358//3358 3389//3389
f 3407//3407 3359//3359 3390//3390
f 3407//3407 3376//3376 3359//3359
f 3408//3408 3360//3360 3391//3391
f 3408//3408 3377//3377 3360//3360
f 3409//3409 3378//3378 3392//3392
f 3409//3409 3395//3395 3378//3378
f 3410//3410 3379//3379 3393//3393
f 3411//3411 3363//3363 3394//3394
f 3411//3411 3380//3380 3363//3363
f 3412//3412 3381//3381 3395//3395
f 3413//3413 3382//3382 3396//3396
f 3413//3413 3399//3399 3382//3382
f 3414//3414 3383//3383 3397//3397
f 3415//3415 3367//3367 3398//3398
f 3415//3415 3384//3384 3367//3367
f 3416//3416 3368//3368 3399//3399
f 3416//3416 3385//3385 3368//3368
f 3417//3417 3403//3403 3386//3386
f 3417//3417 3369//3369 3400//3400
f 3417//3417 3386//3386 3369//3369
f 3418//3418 3387//3387 3401//3401
f 3419//3419 3388//3388 3402//3402
f 3420//3420 3389//3389 3372//3372
f 3420//3420 3372//3372 3403//3403
f 3421//3421 1394//1394 1393//1393
f 3421//3421 3390//3390 1394//1394
f 3422//3422 3391//3391 3374//3374
f 3422//3422 3408//3408 3391//3391
f 3422//3422 3374//3374 3405//3405
f 3423//3423 3392//3392 3406//3406
f 3424//3424 3393//3393 3376//3376
f 3424//3424 3376//3376 3407//3407
f 3425//3425 3394//3394 3377//3377
f 3425//3425 3377//3377 3408//3408
f 3426//3426 3395//3395 3409//3409
f 3427//3427 3379//3379 3410//3410
f 3427//3427 3396//3396 3379//3379
f 3428//3428 3380//3380 3411//3411
f 3428//3428 3397//3397 3380//3380
f 3429//3429 3381//3381 3412//3412
f 3429//3429 3398//3398 3381//3381
f 3430//3430 3399//3399 3413//3413
f 3431//3431 3383//3383 3414//3414
f 3431//3431 3400//3400 3383//3383
f 3432//3432 3384//3384 3415//3415
f 3432//3432 3401//3401 3384//3384
f 3433//3433 3385//3385 3416//3416
f 3433//3433 3419//3419 3402//3402
f 3433//3433 3402//3402 3385//3385
f 3434//3434 3403//3403 3417//3417
f 3435//3435 3387//3387 3418//3418
f 3435//3435 3404//3404 3387//3387
f 3435//3435 1854//1854 1853//1853
f 3435//3435 1853//1853 3404//3404
f 3436//3436 3405//3405 3388//3388
f 3436//3436 3388//3388 3419//3419
f 3437//3437 3389//3389 3420//3420
f 3437//3437 3406//3406 3389//3389
f 3438//3438 3390//3390 3421//3421
f 3438//3438 3407//3407 3390//3390
f 3439//3439 3408//3408 3422//3422
f 3440//3440 3409//3409 3392//3392
f 3440//3440 3392//3392 3423//3423
f 3441//3441 3410//3410 3393//3393
f 3441//3441 3393//3393 3424//3424
f 3442//3442 3394//3394 3425//3425
f 3442//3442 3411//3411 3394//3394
f 3443//3443 3429//3429 3412//3412
f 3443//3443 3412//3412 3395//3395
f 3443//3443 3395//3395 3426//3426
f 3444//3444 3396//3396 3427//3427
f 3444//3444 3413//3413 3396//3396
f 3445//3445 3414//3414 3397//3397
f 3445//3445 3397//3397 3428//3428
f 3446//3446 3432//3432 3415//3415
f 3446//3446 3398//3398 3429//3429
f 3446//3446 3415//3415 3398//3398
f 3447//3447 3399//3399 3430//3430
f 3447//3447 3416//3416 3399//3399
f 3448//3448 3400//3400 3431//3431
f 3448//3448 3417//3417 3400//3400
f 3449//3449 3401//3401 3432//3432
f 3449//3449 3418//3418 3401//3401
f 3450//3450 3419//3419 3433//3433
f 3451//3451 3403//3403 3434//3434
f 3451//3451 3420//3420 3403//3403
f 3452//3452 3421//3421 1393//1393
f 3453//3453 3422//3422 3405//3405
f 3453//3453 3405//3405 3436//3436
f 3454//3454 3406//3406 3437//3437
f 3454//3454 3423//3423 3406//3406
f 3455//3455 3424//3424 3407//3407
f 3455//3455 3407//3407 3438//3438
f 3455//3455 3441//3441 3424//3424
f 3456//3456 3408//3408 3439//3439
f 3456//3456 3425//3425 3408//3408
f 3456//3456 3442//3442 3425//3425
f 3457//3457 3409//3409 3440//3440
f 3457//3457 3443//3443 3426//3426
f 3457//3457 3426//3426 3409//3409
f 3458//3458 3427//3427 3410//3410
f 3458//3458 3410//3410 3441//3441
f 3459//3459 3428//3428 3411//3411
f 3459//3459 3411//3411 3442//3442
f 3460//3460 3429//3429 3443//3443
f 3460//3460 3446//3446 3429//3429
f 3461//3461 3413//3413 3444//3444
f 3461//3461 3430//3430 3413//3413
f 3462//3462 3414//3414 3445//3445
f 3462//3462 3431//3431 3414//3414
f 3463//3463 3432//3432 3446//3446
f 3464//3464 3433//3433 3416//3416
f 3464//3464 3450//3450 3433//3433
f 3464//3464 3416//3416 3447//3447
f 3465//3465 3434//3434 3417//3417
f 3465//3465 3417//3417 3448//3448
f 3466//3466 3435//3435 3418//3418
f 3466//3466 1851//1851 1854//1854
f 3466//3466 3418//3418 3449//3449
f 3466//3466 1854//1854 3435//3435
f 3467//3467 3453//3453 3436//3436
f 3467//3467 3436//3436 3419//3419
f 3467//3467 3419//3419 3450//3450
f 3468//3468 3454//3454 3437//3437
f 3468//3468 3420//3420 3451//3451
f 3468//3468 3437//3437 3420//3420
f 3469//3469 3438//3438 3421//3421
f 3469//3469 3421//3421 3452//3452
f 3470//3470 3422//3422 3453//3453
f 3470//3470 3439//3439 3422//3422
f 3471//3471 3440//3440 3423//3423
f 3471//3471 3423//3423 3454//3454
f 3472//3472 3441//3441 3455//3455
f 3473//3473 3442//3442 3456//3456
f 3474//3474 3443//3443 3457//3457
f 3475//3475 3461//3461 3444//3444
f 3475//3475 3444//3444 3427//3427
f 3475//3475 3427//3427 3458//3458
f 3476//3476 3445//3445 3428//3428
f 3476//3476 3428//3428 3459//3459
f 3477//3477 3446//3446 3460//3460
f 3478//3478 3430//3430 3461//3461
f 3478//3478 3447//3447 3430//3430
f 3479//3479 3448//3448 3431//3431
f 3479//3479 3431//3431 3462//3462
f 3480//3480 3432//3432 3463//3463
f 3480//3480 3449//3449 3432//3432
f 3480//3480 3466//3466 3449//3449
f 3481//3481 3450//3450 3464//3464
f 3482//3482 3434//3434 3465//3465
f 3482//3482 3451//3451 3434//3434
f 3483//3483 3452//3452 1393//1393
f 3483//3483 1392//1392 1391//1391
f 3483//3483 1393//1393 1392//1392
f 3484//3484 3470//3470 3453//3453
f 3484//3484 3453//3453 3467//3467
f 3485//3485 3454//3454 3468//3468
f 3486//3486 3438//3438 3469//3469
f 3486//3486 3455//3455 3438//3438
f 3486//3486 3472//3472 3455//3455
f 3487//3487 3439//3439 3470//3470
f 3487//3487 3456//3456 3439//3439
f 3488//3488 3440//3440 3471//3471
f 3488//3488 3457//3457 3440//3440
f 3489//3489 3458//3458 3441//3441
f 3489//3489 3441//3441 3472//3472
f 3490//3490 3459//3459 3442//3442
f 3490//3490 3476//3476 3459//3459
f 3490//3490 3442//3442 3473//3473
f 3491//3491 3460//3460 3443//3443
f 3491//3491 3443//3443 3474//3474
f 3492//3492 3461//3461 3475//3475
f 3493//3493 3445//3445 3476//3476
f 3493//3493 3462//3462 3445//3445
f 3494//3494 3463//3463 3446//3446
f 3494//3494 3446//3446 3477//3477
f 3495//3495 3447//3447 3478//3478
f 3495//3495 3464//3464 3447//3447
f 3496//3496 3465//3465 3448//3448
f 3496//3496 3448//3448 3479//3479
f 3497//3497 3466//3466 3480//3480
f 3497//3497 1852//1852 1851//1851
f 3497//3497 1851//1851 3466//3466
f 3498//3498 3450//3450 3481//3481
f 3498//3498 3467//3467 3450//3450
f 3499//3499 3468//3468 3451//3451
f 3499//3499 3451//3451 3482//3482
f 3500//3500 3469//3469 3452//3452
f 3500//3500 3452//3452 3483//3483
f 3501//3501 3470//3470 3484//3484
f 3502//3502 3454//3454 3485//3485
f 3502//3502 3471//3471 3454//3454
f 3503//3503 3472//3472 3486//3486
f 3503//3503 3489//3489 3472//3472
f 3504//3504 3456//3456 3487//3487
f 3504//3504 3473//3473 3456//3456
f 3505//3505 3457//3457 3488//3488
f 3505//3505 3474//3474 3457//3457
f 3506//3506 3458//3458 3489//3489
f 3506//3506 3492//3492 3475//3475
f 3506//3506 3475//3475 3458//3458
f 3507//3507 3476//3476 3490//3490
f 3508//3508 3494//3494 3477//3477
f 3508//3508 3477//3477 3460//3460
f 3508//3508 3460//3460 3491//3491
f 3509//3509 3461//3461 3492//3492
f 3509//3509 3478//3478 3461//3461
f 3510//3510 3462//3462 3493//3493
f 3510//3510 3479//3479 3462//3462
f 3511//3511 3480//3480 3463//3463
f 3511//3511 3463//3463 3494//3494
f 3511//3511 3497//3497 3480//3480
f 3512//3512 3481//3481 3464//3464
f 3512//3512 3464//3464 3495//3495
f 3513//3513 3465//3465 3496//3496
f 3513//3513 3482//3482 3465//3465
f 3513//3513 3499//3499 3482//3482
f 3514//3514 1391//1391 1390//1390
f 3514//3514 3483//3483 1391//1391
f 3515//3515 3501//3501 3484//3484
f 3515//3515 3484//3484 3467//3467
f 3515//3515 3467//3467 3498//3498
f 3516//3516 3468//3468 3499//3499
f 3516//3516 3485//3485 3468//3468
f 3517//3517 3486//3486 3469//3469
f 3517//3517 3469//3469 3500//3500
f 3518//3518 3470//3470 3501//3501
f 3518//3518 3487//3487 3470//3470
f 3519//3519 3505//3505 3488//3488
f 3519//3519 3488//3488 3471//3471
f 3519//3519 3471//3471 3502//3502
f 3520//3520 3489//3489 3503//3503
f 3521//3521 3490//3490 3473//3473
f 3521//3521 3473//3473 3504//3504
f 3522//3522 3474//3474 3505//3505
f 3522//3522 3491//3491 3474//3474
f 3523//3523 3492//3492 3506//3506
f 3524//3524 3493//3493 3476//3476
f 3524//3524 3476//3476 3507//3507
f 3524//3524 3510//3510 3493//3493
f 3525//3525 3494//3494 3508//3508
f 3526//3526 3495//3495 3478//3478
f 3526//3526 3512//3512 3495//3495
f 3526//3526 3478//3478 3509//3509
f 3527//3527 3479//3479 3510//3510
f 3527//3527 3496//3496 3479//3479
f 3528//3528 3497//3497 3511//3511
f 3528//3528 1852//1852 3497//3497
f 3528//3528 1850//1850 1852//1852
f 3529//3529 3498//3498 3481//3481
f 3529//3529 3481//3481 3512//3512
f 3530//3530 3499//3499 3513//3513
f 3531//3531 3483//3483 3514//3514
f 3531//3531 3500//3500 3483//3483
f 3532//3532 3501//3501 3515//3515
f 3533//3533 3485//3485 3516//3516
f 3533//3533 3502//3502 3485//3485
f 3534//3534 3486//3486 3517//3517
f 3534//3534 3503//3503 3486//3486
f 3535//3535 3504//3504 3487//3487
f 3535//3535 3487//3487 3518//3518
f 3536//3536 3505//3505 3519//3519
f 3537//3537 3489//3489 3520//3520
f 3537//3537 3506//3506 3489//3489
f 3538//3538 3507//3507 3490//3490
f 3538//3538 3490//3490 3521//3521
f 3539//3539 3491//3491 3522//3522
f 3539//3539 3508//3508 3491//3491
f 3540//3540 3492//3492 3523//3523
f 3540//3540 3509//3509 3492//3492
f 3541//3541 3527//3527 3510//3510
f 3541//3541 3510//3510 3524//3524
f 3542//3542 3511//3511 3494//3494
f 3542//3542 3494//3494 3525//3525
f 3543//3543 3512//3512 3526//3526
f 3544//3544 3496//3496 3527//3527
f 3544//3544 3513//3513 3496//3496
f 3545//3545 3514//3514 1390//1390
f 3545//3545 3531//3531 3514//3514
f 3546//3546 3498//3498 3529//3529
f 3546//3546 3515//3515 3498//3498
f 3547//3547 3499//3499 3530//3530
f 3547//3547 3516//3516 3499//3499
f 3548//3548 3517//3517 3500//3500
f 3548//3548 3500//3500 3531//3531
f 3548//3548 3534//3534 3517//3517
f 3549//3549 3501//3501 3532//3532
f 3549//3549 3518//3518 3501//3501
f 3549//3549 3535//3535 3518//3518
f 3550//3550 3502//3502 3533//3533
f 3550//3550 3519//3519 3502//3502
f 3551//3551 3537//3537 3520//3520
f 3551//3551 3520//3520 3503//3503
f 3551//3551 3503//3503 3534//3534
f 3552//3552 3504//3504 3535//3535
f 3552//3552 3521//3521 3504//3504
f 3553//3553 3505//3505 3536//3536
f 3553//3553 3522//3522 3505//3505
f 3554//3554 3523//3523 3506//3506
f 3554//3554 3506//3506 3537//3537
f 3555//3555 3524//3524 3507//3507
f 3555//3555 3507//3507 3538//3538
f 3556//3556 3508//3508 3539//3539
f 3556//3556 3525//3525 3508//3508
f 3557//3557 3526//3526 3509//3509
f 3557//3557 3543//3543 3526//3526
f 3557//3557 3509//3509 3540//3540
f 3558//3558 3527//3527 3541//3541
f 3559//3559 3528//3528 3511//3511
f 3559//3559 3511//3511 3542//3542
f 3559//3559 1850//1850 3528//3528
f 3559//3559 1849//1849 1850//1850
f 3560//3560 3529//3529 3512//3512
f 3560//3560 3546//3546 3529//3529
f 3560//3560 3512//3512 3543//3543
f 3561//3561 3513//3513 3544//3544
f 3561//3561 3530//3530 3513//3513
f 3562//3562 3531//3531 3545//3545
f 3563//3563 3532//3532 3515//3515
f 3563//3563 3515//3515 3546//3546
f 3564//3564 3516//3516 3547//3547
f 3564//3564 3533//3533 3516//3516
f 3564//3564 3550//3550 3533//3533
f 3565//3565 3534//3534 3548//3548
f 3566//3566 3535//3535 3549//3549
f 3567//3567 3519//3519 3550//3550
f 3567//3567 3536//3536 3519//3519
f 3568//3568 3537//3537 3551//3551
f 3568//3568 3554//3554 3537//3537
f 3569//3569 3538//3538 3521//3521
f 3569//3569 3521//3521 3552//3552
f 3570//3570 3522//3522 3553//3553
f 3570//3570 3539//3539 3522//3522
f 3571//3571 3557//3557 3540//3540
f 3571//3571 3523//3523 3554//3554
f 3571//3571 3540//3540 3523//3523
f 3572//3572 3524//3524 3555//3555
f 3572//3572 3541//3541 3524//3524
f 3573//3573 3525//3525 3556//3556
f 3573//3573 3559//3559 3542//3542
f 3573//3573 3542//3542 3525//3525
f 3574//3574 3543//3543 3557//3557
f 3574//3574 3560//3560 3543//3543
f 3575//3575 3527//3527 3558//3558
f 3575//3575 3544//3544 3527//3527
f 3575//3575 3561//3561 3544//3544
f 3576//3576 1390//1390 1389//1389
f 3576//3576 3545//3545 1390//1390
f 3577//3577 3546//3546 3560//3560
f 3577//3577 3563//3563 3546//3546
f 3578//3578 3530//3530 3561//3561
f 3578//3578 3547//3547 3530//3530
f 3579//3579 3531//3531 3562//3562
f 3579//3579 3548//3548 3531//3531
f 3580//3580 3549//3549 3532//3532
f 3580//3580 3532//3532 3563//3563
f 3581//3581 3550//3550 3564//3564
f 3582//3582 3551//3551 3534//3534
f 3582//3582 3534//3534 3565//3565
f 3583//3583 3535//3535 3566//3566
f 3583//3583 3552//3552 3535//3535
f 3583//3583 3569//3569 3552//3552
f 3584//3584 3536//3536 3567//3567
f 3584//3584 3553//3553 3536//3536
f 3585//3585 3554//3554 3568//3568
f 3586//3586 3555//3555 3538//3538
f 3586//3586 3538//3538 3569//3569
f 3587//3587 3556//3556 3539//3539
f 3587//3587 3539//3539 3570//3570
f 3588//3588 3557//3557 3571//3571
f 3589//3589 3558//3558 3541//3541
f 3589//3589 3541//3541 3572//3572
f 3590//3590 3559//3559 3573//3573
f 3590//3590 1849//1849 3559//3559
f 3590//3590 1846//1846 1849//1849
f 3591//3591 3560//3560 3574//3574
f 3592//3592 3561//3561 3575//3575
f 3592//3592 3578//3578 3561//3561
f 3593//3593 3562//3562 3545//3545
f 3593//3593 3545//3545 3576//3576
f 3594//3594 3563//3563 3577//3577
f 3595//3595 3564//3564 3547//3547
f 3595//3595 3547//3547 3578//3578
f 3596//3596 3548//3548 3579//3579
f 3596//3596 3565//3565 3548//3548
f 3597//3597 3549//3549 3580//3580
f 3597//3597 3566//3566 3549//3549
f 3598//3598 3567//3567 3550//3550
f 3598//3598 3550//3550 3581//3581
f 3599//3599 3568//3568 3551//3551
f 3599//3599 3551//3551 3582//3582
f 3599//3599 3585//3585 3568//3568
f 3600//3600 3569//3569 3583//3583
f 3601//3601 3553//3553 3584//3584
f 3601//3601 3587//3587 3570//3570
f 3601//3601 3570//3570 3553//3553
f 3602//3602 3554//3554 3585//3585
f 3602//3602 3571//3571 3554//3554
f 3603//3603 3572//3572 3555//3555
f 3603//3603 3555//3555 3586//3586
f 3603//3603 3589//3589 3572//3572
f 3604//3604 3556//3556 3587//3587
f 3604//3604 3573//3573 3556//3556
f 3605//3605 3557//3557 3588//3588
f 3605//3605 3574//3574 3557//3557
f 3606//3606 3575//3575 3558//3558
f 3606//3606 3558//3558 3589//3589
f 3607//3607 1388//1388 1387//1387
f 3607//3607 1389//1389 1388//1388
f 3607//3607 3576//3576 1389//1389
f 3608//3608 3560//3560 3591//3591
f 3608//3608 3577//3577 3560//3560
f 3609//3609 3578//3578 3592//3592
f 3610//3610 3579//3579 3562//3562
f 3610//3610 3596//3596 3579//3579
f 3610//3610 3562//3562 3593//3593
f 3611//3611 3563//3563 3594//3594
f 3611//3611 3580//3580 3563//3563
f 3612//3612 3581//3581 3564//3564
f 3612//3612 3564//3564 3595//3595
f 3612//3612 3598//3598 3581//3581
f 3613//3613 3565//3565 3596//3596
f 3613//3613 3599//3599 3582//3582
f 3613//3613 3582//3582 3565//3565
f 3614//3614 3566//3566 3597//3597
f 3614//3614 3583//3583 3566//3566
f 3615//3615 3567//3567 3598//3598
f 3615//3615 3601//3601 3584//3584
f 3615//3615 3584//3584 3567//3567
f 3616//3616 3585//3585 3599//3599
f 3617//3617 3569//3569 3600//3600
f 3617//3617 3586//3586 3569//3569
f 3617//3617 3603//3603 3586//3586
f 3618//3618 3587//3587 3601//3601
f 3619//3619 3571//3571 3602//3602
f 3619//3619 3588//3588 3571//3571
f 3619//3619 3605//3605 3588//3588
f 3620//3620 3606//3606 3589//3589
f 3620//3620 3589//3589 3603//3603
f 3621//3621 3590//3590 3573//3573
f 3621//3621 3573//3573 3604//3604
f 3621//3621 1846//1846 3590//3590
f 3621//3621 1847//1847 1846//1846
f 3622//3622 3591//3591 3574//3574
f 3622//3622 3608//3608 3591//3591
f 3622//3622 3574//3574 3605//3605
f 3623//3623 3575//3575 3606//3606
f 3623//3623 3609//3609 3592//3592
f 3623//3623 3592//3592 3575//3575
f 3624//3624 3593//3593 3576//3576
f 3624//3624 3576//3576 3607//3607
f 3624//3624 3610//3610 3593//3593
f 3625//3625 3594//3594 3577//3577
f 3625//3625 3577//3577 3608//3608
f 3626//3626 3578//3578 3609//3609
f 3626//3626 3595//3595 3578//3578
f 3626//3626 3612//3612 3595//3595
f 3627//3627 3596//3596 3610//3610
f 3628//3628 3580//3580 3611//3611
f 3628//3628 3597//3597 3580//3580
f 3629//3629 3598//3598 3612//3612
f 3630//3630 3599//3599 3613//3613
f 3631//3631 3583//3583 3614//3614
f 3631//3631 3600//3600 3583//3583
f 3632//3632 3601//3601 3615//3615
f 3633//3633 3585//3585 3616//3616
f 3633//3633 3602//3602 3585//3585
f 3634//3634 3620//3620 3603//3603
f 3634//3634 3603//3603 3617//3617
f 3635//3635 3604//3604 3587//3587
f 3635//3635 3587//3587 3618//3618
f 3636//3636 3605//3605 3619//3619
f 3637//3637 3606//3606 3620//3620
f 3638//3638 1386//1386 3639//3639
f 3638//3638 1387//1387 1386//1386
f 3638//3638 3607//3607 1387//1387
f 3640//3640 3608//3608 3622//3622
f 3640//3640 3625//3625 3608//3608
f 3641//3641 3609//3609 3623//3623
f 3642//3642 3610//3610 3624//3624
f 3642//3642 3627//3627 3610//3610
f 3643//3643 3594//3594 3625//3625
f 3643//3643 3611//3611 3594//3594
f 3643//3643 3628//3628 3611//3611
f 3644//3644 3612//3612 3626//3626
f 3645//3645 3613//3613 3596//3596
f 3645//3645 3596//3596 3627//3627
f 3646//3646 3597//3597 3628//3628
f 3646//3646 3614//3614 3597//3597
f 3647//3647 3615//3615 3598//3598
f 3647//3647 3598//3598 3629//3629
f 3647//3647 3632//3632 3615//3615
f 3648//3648 3599//3599 3630//3630
f 3648//3648 3616//3616 3599//3599
f 3649//3649 3600//3600 3631//3631
f 3649//3649 3617//3617 3600//3600
f 3650//3650 3601//3601 3632//3632
f 3650//3650 3618//3618 3601//3601
f 3651//3651 3619//3619 3602//3602
f 3651//3651 3602//3602 3633//3633
f 3652//3652 3620//3620 3634//3634
f 3653//3653 3604//3604 3635//3635
f 3653//3653 3621//3621 3604//3604
f 3653//3653 1847//1847 3621//3621
f 3653//3653 1848//1848 1847//1847
f 3654//3654 3622//3622 3605//3605
f 3654//3654 3605//3605 3636//3636
f 3655//3655 3606//3606 3637//3637
f 3655//3655 3641//3641 3623//3623
f 3655//3655 3623//3623 3606//3606
f 3656//3656 3639//3639 3657//3657
f 3656//3656 3624//3624 3607//3607
f 3656//3656 3638//3638 3639//3639
f 3656//3656 3607//3607 3638//3638
f 3658//3658 3625//3625 3640//3640
f 3659//3659 3609//3609 3641//3641
f 3659//3659 3626//3626 3609//3609
f 3660//3660 3627//3627 3642//3642
f 3661//3661 3628//3628 3643//3643
f 3662//3662 3647//3647 3629//3629
f 3662//3662 3629//3629 3612//3612
f 3662//3662 3612//3612 3644//3644
f 3663//3663 3648//3648 3630//3630
f 3663//3663 3613//3613 3645//3645
f 3663//3663 3630//3630 3613//3613
f 3664//3664 3649//3649 3631//3631
f 3664//3664 3631//3631 3614//3614
f 3664//3664 3614//3614 3646//3646
f 3665//3665 3650//3650 3632//3632
f 3665//3665 3632//3632 3647//3647
f 3666//3666 3616//3616 3648//3648
f 3666//3666 3633//3633 3616//3616
f 3667//3667 3634//3634 3617//3617
f 3667//3667 3617//3617 3649//3649
f 3667//3667 3652//3652 3634//3634
f 3668//3668 3618//3618 3650//3650
f 3668//3668 3635//3635 3618//3618
f 3669//3669 3619//3619 3651//3651
f 3669//3669 3636//3636 3619//3619
f 3670//3670 3620//3620 3652//3652
f 3670//3670 3655//3655 3637//3637
f 3670//3670 3637//3637 3620//3620
f 3671//3671 3622//3622 3654//3654
f 3671//3671 3640//3640 3622//3622
f 3672//3672 3641//3641 3655//3655
f 3673//3673 3674//3674 3675//3675
f 3673//3673 3657//3657 3674//3674
f 3673//3673 3656//3656 3657//3657
f 3673//3673 3642//3642 3624//3624
f 3673//3673 3624//3624 3656//3656
f 3676//3676 3625//3625 3658//3658
f 3676//3676 3643//3643 3625//3625
f 3677//3677 3626//3626 3659//3659
f 3677//3677 3662//3662 3644//3644
f 3677//3677 3644//3644 3626//3626
f 3678//3678 3627//3627 3660//3660
f 3678//3678 3645//3645 3627//3627
f 3679//3679 3628//3628 3661//3661
f 3679//3679 3646//3646 3628//3628
f 3679//3679 3664//3664 3646//3646
f 3680//3680 3647//3647 3662//3662
f 3681//3681 3648//3648 3663//3663
f 3682//3682 3649//3649 3664//3664
f 3683//3683 3650//3650 3665//3665
f 3684//3684 3651//3651 3633//3633
f 3684//3684 3633//3633 3666//3666
f 3685//3685 3652//3652 3667//3667
f 3686//3686 1848//1848 3653//3653
f 3686//3686 3635//3635 3668//3668
f 3686//3686 3653//3653 3635//3635
f 3686//3686 1844//1844 1848//1848
f 3686//3686 1845//1845 1844//1844
f 3687//3687 3654//3654 3636//3636
f 3687//3687 3636//3636 3669//3669
f 3687//3687 3671//3671 3654//3654
f 3688//3688 3672//3672 3655//3655
f 3688//3688 3655//3655 3670//3670
f 3689//3689 3658//3658 3640//3640
f 3689//3689 3640//3640 3671//3671
f 3690//3690 3659//3659 3641//3641
f 3690//3690 3677//3677 3659//3659
f 3690//3690 3641//3641 3672//3672
f 3691//3691 3675//3675 3692//3692
f 3691//3691 3673//3673 3675//3675
f 3691//3691 3642//3642 3673//3673
f 3691//3691 3660//3660 3642//3642
f 3693//3693 3661//3661 3643//3643
f 3693//3693 3643//3643 3676//3676
f 3694//3694 3662//3662 3677//3677
f 3695//3695 3681//3681 3663//3663
f 3695//3695 3645//3645 3678//3678
f 3695//3695 3663//3663 3645//3645
f 3696//3696 3664//3664 3679//3679
f 3697//3697 3665//3665 3647//3647
f 3697//3697 3683//3683 3665//3665
f 3697//3697 3647//3647 3680//3680
f 3698//3698 3666//3666 3648//3648
f 3698//3698 3648//3648 3681//3681
f 3699//3699 3667//3667 3649//3649
f 3699//3699 3685//3685 3667//3667
f 3699//3699 3649//3649 3682//3682
f 3700//3700 3650//3650 3683//3683
f 3700//3700 3668//3668 3650//3650
f 3701//3701 3651//3651 3684//3684
f 3701//3701 3669//3669 3651//3651
f 3702//3702 3670//3670 3652//3652
f 3702//3702 3652//3652 3685//3685
f 3703//3703 3671//3671 3687//3687
f 3703//3703 3689//3689 3671//3671
f 3704//3704 3672//3672 3688//3688
f 3705//3705 3658//3658 3689//3689
f 3705//3705 3676//3676 3658//3658
f 3706//3706 3677//3677 3690//3690
f 3706//3706 3694//3694 3677//3677
f 3707//3707 3660//3660 3691//3691
f 3707//3707 3678//3678 3660//3660
f 3707//3707 3691//3691 3692//3692
f 3708//3708 3679//3679 3661//3661
f 3708//3708 3661//3661 3693//3693
f 3709//3709 3662//3662 3694//3694
f 3709//3709 3680//3680 3662//3662
f 3710//3710 3681//3681 3695//3695
f 3710//3710 3698//3698 3681//3681
f 3711//3711 3664//3664 3696//3696
f 3711//3711 3682//3682 3664//3664
f 3712//3712 3683//3683 3697//3697
f 3713//3713 3666//3666 3698//3698
f 3713//3713 3684//3684 3666//3666
f 3713//3713 3701//3701 3684//3684
f 3714//3714 3702//3702 3685//3685
f 3714//3714 3685//3685 3699//3699
f 3715//3715 3668//3668 3700//3700
f 3715//3715 3686//3686 3668//3668
f 3715//3715 1845//1845 3686//3686
f 3716//3716 3687//3687 3669//3669
f 3716//3716 3669//3669 3701//3701
f 3717//3717 3688//3688 3670//3670
f 3717//3717 3670//3670 3702//3702
f 3718//3718 3689//3689 3703//3703
f 3719//3719 3690//3690 3672//3672
f 3719//3719 3672//3672 3704//3704
f 3720//3720 3676//3676 3705//3705
f 3720//3720 3693//3693 3676//3676
f 3721//3721 3694//3694 3706//3706
f 3722//3722 3692//3692 3723//3723
f 3722//3722 3707//3707 3692//3692
f 3722//3722 3695//3695 3678//3678
f 3722//3722 3678//3678 3707//3707
f 3724//3724 3679//3679 3708//3708
f 3724//3724 3696//3696 3679//3679
f 3725//3725 3697//3697 3680//3680
f 3725//3725 3680//3680 3709//3709
f 3725//3725 3712//3712 3697//3697
f 3726//3726 3713//3713 3698//3698
f 3726//3726 3698//3698 3710//3710
f 3727//3727 3699//3699 3682//3682
f 3727//3727 3682//3682 3711//3711
f 3728//3728 3700//3700 3683//3683
f 3728//3728 3683//3683 3712//3712
f 3728//3728 3715//3715 3700//3700
f 3729//3729 3701//3701 3713//3713
f 3729//3729 3716//3716 3701//3701
f 3730//3730 3702//3702 3714//3714
f 3731//3731 3703//3703 3687//3687
f 3731//3731 3687//3687 3716//3716
f 3732//3732 3704//3704 3688//3688
f 3732//3732 3688//3688 3717//3717
f 3733//3733 3705//3705 3689//3689
f 3733//3733 3689//3689 3718//3718
f 3734//3734 3690//3690 3719//3719
f 3734//3734 3706//3706 3690//3690
f 3735//3735 3693//3693 3720//3720
f 3735//3735 3708//3708 3693//3693
f 3736//3736 3709//3709 3694//3694
f 3736//3736 3694//3694 3721//3721
f 3736//3736 3725//3725 3709//3709
f 3737//3737 3695//3695 3722//3722
f 3737//3737 3738//3738 3739//3739
f 3737//3737 3723//3723 3738//3738
f 3737//3737 3722//3722 3723//3723
f 3737//3737 3710//3710 3695//3695
f 3740//3740 3711//3711 3696//3696
f 3740//3740 3696//3696 3724//3724
f 3741//3741 3712//3712 3725//3725
f 3742//3742 3713//3713 3726//3726
f 3743//3743 3714//3714 3699//3699
f 3743//3743 3699//3699 3727//3727
f 3744//3744 3715//3715 3728//3728
f 3744//3744 1842//1842 1845//1845
f 3744//3744 1845//1845 3715//3715
f 3745//3745 3716//3716 3729//3729
f 3746//3746 3702//3702 3730//3730
f 3746//3746 3717//3717 3702//3702
f 3747//3747 3703//3703 3731//3731
f 3747//3747 3718//3718 3703//3703
f 3748//3748 3719//3719 3704//3704
f 3748//3748 3704//3704 3732//3732
f 3749//3749 3720//3720 3705//3705
f 3749//3749 3705//3705 3733//3733
f 3750//3750 3736//3736 3721//3721
f 3750//3750 3706//3706 3734//3734
f 3750//3750 3721//3721 3706//3706
f 3751//3751 3724//3724 3708//3708
f 3751//3751 3708//3708 3735//3735
f 3752//3752 3725//3725 3736//3736
f 3753//3753 3737//3737 3739//3739
f 3753//3753 3710//3710 3737//3737
f 3753//3753 3726//3726 3710//3710
f 3754//3754 3727//3727 3711//3711
f 3754//3754 3743//3743 3727//3727
f 3754//3754 3711//3711 3740//3740
f 3755//3755 3712//3712 3741//3741
f 3755//3755 3728//3728 3712//3712
f 3756//3756 3745//3745 3729//3729
f 3756//3756 3729//3729 3713//3713
f 3756//3756 3713//3713 3742//3742
f 3757//3757 3730//3730 3714//3714
f 3757//3757 3714//3714 3743//3743
f 3758//3758 3731//3731 3716//3716
f 3758//3758 3747//3747 3731//3731
f 3758//3758 3716//3716 3745//3745
f 3759//3759 3717//3717 3746//3746
f 3759//3759 3732//3732 3717//3717
f 3760//3760 3733//3733 3718//3718
f 3760//3760 3718//3718 3747//3747
f 3760//3760 3749//3749 3733//3733
f 3761//3761 3734//3734 3719//3719
f 3761//3761 3719//3719 3748//3748
f 3762//3762 3720//3720 3749//3749
f 3762//3762 3735//3735 3720//3720
f 3763//3763 3736//3736 3750//3750
f 3764//3764 3740//3740 3724//3724
f 3764//3764 3724//3724 3751//3751
f 3765//3765 3741//3741 3725//3725
f 3765//3765 3725//3725 3752//3752
f 3766//3766 3767//3767 3768//3768
f 3766//3766 3739//3739 3767//3767
f 3766//3766 3753//3753 3739//3739
f 3766//3766 3742//3742 3726//3726
f 3766//3766 3726//3726 3753//3753
f 3769//3769 3743//3743 3754//3754
f 3770//3770 3744//3744 3728//3728
f 3770//3770 3728//3728 3755//3755
f 3770//3770 1842//1842 3744//3744
f 3770//3770 1843//1843 1842//1842
f 3771//3771 3745//3745 3756//3756
f 3772//3772 3746//3746 3730//3730
f 3772//3772 3730//3730 3757//3757
f 3773//3773 3747//3747 3758//3758
f 3774//3774 3732//3732 3759//3759
f 3774//3774 3748//3748 3732//3732
f 3775//3775 3749//3749 3760//3760
f 3776//3776 3750//3750 3734//3734
f 3776//3776 3734//3734 3761//3761
f 3777//3777 3735//3735 3762//3762
f 3777//3777 3764//3764 3751//3751
f 3777//3777 3751//3751 3735//3735
f 3778//3778 3736//3736 3763//3763
f 3778//3778 3765//3765 3752//3752
f 3778//3778 3752//3752 3736//3736
f 3779//3779 3740//3740 3764//3764
f 3779//3779 3754//3754 3740//3740
f 3780//3780 3755//3755 3741//3741
f 3780//3780 3770//3770 3755//3755
f 3780//3780 3741//3741 3765//3765
f 3781//3781 3756//3756 3742//3742
f 3781//3781 3768//3768 3782//3782
f 3781//3781 3742//3742 3766//3766
f 3781//3781 3766//3766 3768//3768
f 3783//3783 3743//3743 3769//3769
f 3783//3783 3772//3772 3757//3757
f 3783//3783 3757//3757 3743//3743
f 3784//3784 3758//3758 3745//3745
f 3784//3784 3745//3745 3771//3771
f 3785//3785 3746//3746 3772//3772
f 3785//3785 3759//3759 3746//3746
f 3786//3786 3760//3760 3747//3747
f 3786//3786 3747//3747 3773//3773
f 3786//3786 3775//3775 3760//3760
f 3787//3787 3748//3748 3774//3774
f 3787//3787 3776//3776 3761//3761
f 3787//3787 3761//3761 3748//3748
f 3788//3788 3749//3749 3775//3775
f 3788//3788 3762//3762 3749//3749
f 3789//3789 3778//3778 3763//3763
f 3789//3789 3750//3750 3776//3776
f 3789//3789 3763//3763 3750//3750
f 3790//3790 3764//3764 3777//3777
f 3791//3791 3765//3765 3778//3778
f 3792//3792 3769//3769 3754//3754
f 3792//3792 3754//3754 3779//3779
f 3793//3793 3770//3770 3780//3780
f 3793//3793 1843//1843 3770//3770
f 3793//3793 1841//1841 1843//1843
f 3794//3794 3781//3781 3782//3782
f 3794//3794 3771//3771 3756//3756
f 3794//3794 3756//3756 3781//3781
f 3795//3795 3772//3772 3783//3783
f 3796//3796 3773//3773 3758//3758
f 3796//3796 3758//3758 3784//3784
f 3797//3797 3774//3774 3759//3759
f 3797//3797 3759//3759 3785//3785
f 3798//3798 3775//3775 3786//3786
f 3798//3798 3788//3788 3775//3775
f 3799//3799 3776//3776 3787//3787
f 3800//3800 3777//3777 3762//3762
f 3800//3800 3762//3762 3788//3788
f 3801//3801 3778//3778 3789//3789
f 3802//3802 3779//3779 3764//3764
f 3802//3802 3792//3792 3779//3779
f 3802//3802 3764//3764 3790//3790
f 3803//3803 3765//3765 3791//3791
f 3803//3803 3793//3793 3780//3780
f 3803//3803 3780//3780 3765//3765
f 3804//3804 3769//3769 3792//3792
f 3804//3804 3795//3795 3783//3783
f 3804//3804 3783//3783 3769//3769
f 3805//3805 3796//3796 3784//3784
f 3805//3805 3806//3806 3807//3807
f 3805//3805 3782//3782 3806//3806
f 3805//3805 3771//3771 3794//3794
f 3805//3805 3784//3784 3771//3771
f 3805//3805 3794//3794 3782//3782
f 3808//3808 3785//3785 3772//3772
f 3808//3808 3772//3772 3795//3795
f 3809//3809 3773//3773 3796//3796
f 3809//3809 3786//3786 3773//3773
f 3810//3810 3787//3787 3774//3774
f 3810//3810 3774//3774 3797//3797
f 3811//3811 3788//3788 3798//3798
f 3812//3812 3789//3789 3776//3776
f 3812//3812 3776//3776 3799//3799
f 3813//3813 3777//3777 3800//3800
f 3813//3813 3790//3790 3777//3777
f 3814//3814 3778//3778 3801//3801
f 3814//3814 3791//3791 3778//3778
f 3815//3815 3792//3792 3802//3802
f 3816//3816 3793//3793 3803//3803
f 3816//3816 1841//1841 3793//3793
f 3816//3816 1839//1839 1841//1841
f 3817//3817 3795//3795 3804//3804
f 3817//3817 3808//3808 3795//3795
f 3818//3818 3805//3805 3807//3807
f 3818//3818 3796//3796 3805//3805
f 3819//3819 3797//3797 3785//3785
f 3819//3819 3785//3785 3808//3808
f 3820//3820 3786//3786 3809//3809
f 3820//3820 3798//3798 3786//3786
f 3821//3821 3787//3787 3810//3810
f 3821//3821 3799//3799 3787//3787
f 3822//3822 3800//3800 3788//3788
f 3822//3822 3813//3813 3800//3800
f 3822//3822 3788//3788 3811//3811
f 3823//3823 3789//3789 3812//3812
f 3823//3823 3801//3801 3789//3789
f 3824//3824 3790//3790 3813//3813
f 3824//3824 3802//3802 3790//3790
f 3825//3825 3816//3816 3803//3803
f 3825//3825 3791//3791 3814//3814
f 3825//3825 3803//3803 3791//3791
f 3826//3826 3792//3792 3815//3815
f 3826//3826 3804//3804 3792//3792
f 3827//3827 3808//3808 3817//3817
f 3828//3828 3807//3807 3829//3829
f 3828//3828 3809//3809 3796//3796
f 3828//3828 3820//3820 3809//3809
f 3828//3828 3818//3818 3807//3807
f 3828//3828 3796//3796 3818//3818
f 3830//3830 3797//3797 3819//3819
f 3830//3830 3821//3821 3810//3810
f 3830//3830 3810//3810 3797//3797
f 3831//3831 3811//3811 3798//3798
f 3831//3831 3798//3798 3820//3820
f 3832//3832 3799//3799 3821//3821
f 3832//3832 3812//3812 3799//3799
f 3832//3832 3823//3823 3812//3812
f 3833//3833 3813//3813 3822//3822
f 3833//3833 3824//3824 3813//3813
f 3834//3834 3801//3801 3823//3823
f 3834//3834 3814//3814 3801//3801
f 3835//3835 3815//3815 3802//3802
f 3835//3835 3802//3802 3824//3824
f 3836//3836 3816//3816 3825//3825
f 3836//3836 1839//1839 3816//3816
f 3836//3836 1840//1840 1839//1839
f 3836//3836 1838//1838 1840//1840
f 3837//3837 3804//3804 3826//3826
f 3837//3837 3817//3817 3804//3804
f 3838//3838 3808//3808 3827//3827
f 3838//3838 3819//3819 3808//3808
f 3838//3838 3830//3830 3819//3819
f 3839//3839 3820//3820 3828//3828
f 3839//3839 3829//3829 3840//3840
f 3839//3839 3828//3828 3829//3829
f 3839//3839 3831//3831 3820//3820
f 3841//3841 3821//3821 3830//3830
f 3842//3842 3811//3811 3831//3831
f 3842//3842 3822//3822 3811//3811
f 3843//3843 3823//3823 3832//3832
f 3844//3844 3824//3824 3833//3833
f 3845//3845 3814//3814 3834//3834
f 3845//3845 3825//3825 3814//3814
f 3846//3846 3826//3826 3815//3815
f 3846//3846 3837//3837 3826//3826
f 3846//3846 3815//3815 3835//3835
f 3847//3847 3817//3817 3837//3837
f 3847//3847 3827//3827 3817//3817
f 3848//3848 3830//3830 3838//3838
f 3849//3849 3850//3850 3851//3851
f 3849//3849 3840//3840 3850//3850
f 3849//3849 3839//3839 3840//3840
f 3849//3849 3831//3831 3839//3839
f 3852//3852 3821//3821 3841//3841
f 3852//3852 3832//3832 3821//3821
f 3853//3853 3833//3833 3822//3822
f 3853//3853 3822//3822 3842//3842
f 3854//3854 3823//3823 3843//3843
f 3854//3854 3834//3834 3823//3823
f 3855//3855 3835//3835 3824//3824
f 3855//3855 3846//3846 3835//3835
f 3855//3855 3824//3824 3844//3844
f 3856//3856 3825//3825 3845//3845
f 3856//3856 1838//1838 3836//3836
f 3856//3856 3836//3836 3825//3825
f 3857//3857 3837//3837 3846//3846
f 3858//3858 3827//3827 3847//3847
f 3858//3858 3838//3838 3827//3827
f 3859//3859 3830//3830 3848//3848
f 3859//3859 3841//3841 3830//3830
f 3860//3860 3849//3849 3851//3851
f 3860//3860 3842//3842 3831//3831
f 3860//3860 3831//3831 3849//3849
f 3860//3860 3853//3853 3842//3842
f 3861//3861 3832//3832 3852//3852
f 3861//3861 3843//3843 3832//3832
f 3862//3862 3833//3833 3853//3853
f 3862//3862 3844//3844 3833//3833
f 3863//3863 3845//3845 3834//3834
f 3863//3863 3834//3834 3854//3854
f 3864//3864 3846//3846 3855//3855
f 3864//3864 3857//3857 3846//3846
f 3865//3865 3837//3837 3857//3857
f 3865//3865 3847//3847 3837//3837
f 3866//3866 3848//3848 3838//3838
f 3866//3866 3838//3838 3858//3858
f 3866//3866 3859//3859 3848//3848
f 3867//3867 3852//3852 3841//3841
f 3867//3867 3841//3841 3859//3859
f 3868//3868 3869//3869 3870//3870
f 3868//3868 3851//3851 3869//3869
f 3868//3868 3860//3860 3851//3851
f 3868//3868 3853//3853 3860//3860
f 3871//3871 3854//3854 3843//3843
f 3871//3871 3843//3843 3861//3861
f 3872//3872 3855//3855 3844//3844
f 3872//3872 3844//3844 3862//3862
f 3873//3873 3856//3856 3845//3845
f 3873//3873 1838//1838 3856//3856
f 3873//3873 1837//1837 1838//1838
f 3873//3873 3845//3845 3863//3863
f 3874//3874 3857//3857 3864//3864
f 3875//3875 3847//3847 3865//3865
f 3875//3875 3858//3858 3847//3847
f 3876//3876 3859//3859 3866//3866
f 3877//3877 3852//3852 3867//3867
f 3877//3877 3871//3871 3861//3861
f 3877//3877 3861//3861 3852//3852
f 3878//3878 3853//3853 3868//3868
f 3878//3878 3862//3862 3853//3853
f 3878//3878 3868//3868 3870//3870
f 3879//3879 3854//3854 3871//3871
f 3879//3879 3863//3863 3854//3854
f 3880//3880 3864//3864 3855//3855
f 3880//3880 3855//3855 3872//3872
f 3881//3881 3875//3875 3865//3865
f 3881//3881 3865//3865 3857//3857
f 3881//3881 3857//3857 3874//3874
f 3882//3882 3858//3858 3875//3875
f 3882//3882 3866//3866 3858//3858
f 3883//3883 3867//3867 3859//3859
f 3883//3883 3859//3859 3876//3876
f 3884//3884 3871//3871 3877//3877
f 3885//3885 3870//3870 3886//3886
f 3885//3885 3878//3878 3870//3870
f 3885//3885 3872//3872 3862//3862
f 3885//3885 3862//3862 3878//3878
f 3885//3885 3880//3880 3872//3872
f 3887//3887 1837//1837 3873//3873
f 3887//3887 3863//3863 3879//3879
f 3887//3887 1836//1836 1837//1837
f 3887//3887 3873//3873 3863//3863
f 3888//3888 3864//3864 3880//3880
f 3888//3888 3874//3874 3864//3864
f 3889//3889 3875//3875 3881//3881
f 3890//3890 3876//3876 3866//3866
f 3890//3890 3866//3866 3882//3882
f 3891//3891 3877//3877 3867//3867
f 3891//3891 3884//3884 3877//3877
f 3891//3891 3867//3867 3883//3883
f 3892//3892 3871//3871 3884//3884
f 3892//3892 3887//3887 3879//3879
f 3892//3892 3879//3879 3871//3871
f 3893//3893 3894//3894 3895//3895
f 3893//3893 3886//3886 3894//3894
f 3893//3893 3885//3885 3886//3886
f 3893//3893 3880//3880 3885//3885
f 3896//3896 3881//3881 3874//3874
f 3896//3896 3874//3874 3888//3888
f 3897//3897 3882//3882 3875//3875
f 3897//3897 3875//3875 3889//3889
f 3898//3898 3883//3883 3876//3876
f 3898//3898 3876//3876 3890//3890
f 3898//3898 3891//3891 3883//3883
f 3899//3899 3884//3884 3891//3891
f 3900//3900 3887//3887 3892//3892
f 3900//3900 1836//1836 3887//3887
f 3900//3900 1834//1834 1836//1836
f 3901//3901 3888//3888 3880//3880
f 3901//3901 3893//3893 3895//3895
f 3901//3901 3880//3880 3893//3893
f 3902//3902 3889//3889 3881//3881
f 3902//3902 3881//3881 3896//3896
f 3903//3903 3882//3882 3897//3897
f 3903//3903 3890//3890 3882//3882
f 3903//3903 3898//3898 3890//3890
f 3904//3904 3891//3891 3898//3898
f 3905//3905 3892//3892 3884//3884
f 3905//3905 3884//3884 3899//3899
f 3905//3905 3900//3900 3892//3892
f 3906//3906 3907//3907 3908//3908
f 3906//3906 3895//3895 3907//3907
f 3906//3906 3888//3888 3901//3901
f 3906//3906 3901//3901 3895//3895
f 3906//3906 3896//3896 3888//3888
f 3906//3906 3902//3902 3896//3896
f 3909//3909 3889//3889 3902//3902
f 3909//3909 3897//3897 3889//3889
f 3910//3910 3898//3898 3903//3903
f 3910//3910 3904//3904 3898//3898
f 3911//3911 3899//3899 3891//3891
f 3911//3911 3891//3891 3904//3904
f 3912//3912 3900//3900 3905//3905
f 3912//3912 1835//1835 1834//1834
f 3912//3912 1834//1834 3900//3900
f 3913//3913 3902//3902 3906//3906
f 3913//3913 3906//3906 3908//3908
f 3914//3914 3897//3897 3909//3909
f 3914//3914 3903//3903 3897//3897
f 3915//3915 3904//3904 3910//3910
f 3916//3916 3905//3905 3899//3899
f 3916//3916 3899//3899 3911//3911
f 3917//3917 3908//3908 3918//3918
f 3917//3917 3909//3909 3902//3902
f 3917//3917 3902//3902 3913//3913
f 3917//3917 3913//3913 3908//3908
f 3919//3919 3903//3903 3914//3914
f 3919//3919 3910//3910 3903//3903
f 3920//3920 3904//3904 3915//3915
f 3920//3920 3911//3911 3904//3904
f 3920//3920 3916//3916 3911//3911
f 3921//3921 1835//1835 3912//3912
f 3921//3921 3905//3905 3916//3916
f 3921//3921 1832//1832 1835//1835
f 3921//3921 3912//3912 3905//3905
f 3922//3922 3918//3918 3923//3923
f 3922//3922 3917//3917 3918//3918
f 3922//3922 3919//3919 3914//3914
f 3922//3922 3909//3909 3917//3917
f 3922//3922 3914//3914 3909//3909
f 3924//3924 3915//3915 3910//3910
f 3924//3924 3910//3910 3919//3919
f 3925//3925 3916//3916 3920//3920
f 3926//3926 3923//3923 3927//3927
f 3926//3926 3922//3922 3923//3923
f 3926//3926 3919//3919 3922//3922
f 3926//3926 3924//3924 3919//3919
f 3926//3926 3927//3927 3928//3928
f 3929//3929 3920//3920 3915//3915
f 3929//3929 3915//3915 3924//3924
f 3930//3930 3921//3921 3916//3916
f 3930//3930 3916//3916 3925//3925
f 3930//3930 1832//1832 3921//3921
f 3930//3930 1833//1833 1832//1832
f 3931//3931 3924//3924 3926//3926
f 3931//3931 3926//3926 3928//3928
f 3932//3932 3920//3920 3929//3929
f 3932//3932 3925//3925 3920//3920
f 3933//3933 3924//3924 3931//3931
f 3933//3933 3929//3929 3924//3924
f 3933//3933 3932//3932 3929//3929
f 3933//3933 3931//3931 3928//3928
f 3933//3933 3934//3934 3935//3935
f 3933//3933 3928//3928 3934//3934
f 3936//3936 3930//3930 3925//3925
f 3936//3936 3925//3925 3932//3932
f 3936//3936 1833//1833 3930//3930
f 3936//3936 1830//1830 1833//1833
f 3936//3936 1831//1831 1830//1830
f 3937//3937 3932//3932 3933//3933
f 3937//3937 3933//3933 3935//3935
f 3938//3938 3936//3936 3932//3932
f 3938//3938 3932//3932 3937//3937
f 3938//3938 1986//1986 1831//1831
f 3938//3938 1831//1831 3936//3936
f 3938//3938 3937//3937 3935//3935
f 3938//3938 3935//3935 1986//1986
f 1386//1386 1451//1451 1644//1644
f 3639//3639 1644//1644 1638//1638
f 3639//3639 1386//1386 1644//1644
f 3657//3657 1638//1638 1642//1642
f 3657//3657 3639//3639 1638//1638
f 3674//3674 1642//1642 1662//1662
f 3674//3674 3657//3657 1642//1642
f 3675//3675 1662//1662 1659//1659
f 3675//3675 3674//3674 1662//1662
f 3692//3692 1659//1659 1658//1658
f 3692//3692 3675//3675 1659//1659
f 3723//3723 1658//1658 1655//1655
f 3723//3723 3692//3692 1658//1658
f 3738//3738 1655//1655 1654//1654
f 3738//3738 3723//3723 1655//1655
f 3739//3739 1654//1654 1647//1647
f 3739//3739 3738//3738 1654//1654
f 3767//3767 3739//3739 1647//1647
f 3767//3767 1647//1647 1651//1651
f 3768//3768 3767//3767 1651//1651
f 3768//3768 1651//1651 1672//1672
f 3782//3782 3768//3768 1672//1672
f 3782//3782 1672//1672 1665//1665
f 3806//3806 3782//3782 1665//1665
f 3806//3806 1665//1665 1669//1669
f 3807//3807 3806//3806 1669//1669
f 3807//3807 1669//1669 1674//1674
f 3829//3829 3807//3807 1674//1674
f 3829//3829 1674//1674 1675//1675
f 3840//3840 3829//3829 1675//1675
f 3840//3840 1675//1675 1679//1679
f 3850//3850 3840//3840 1679//1679
f 3850//3850 1679//1679 1684//1684
f 3851//3851 3850//3850 1684//1684
f 3869//3869 3851//3851 1684//1684
f 3869//3869 1684//1684 1687//1687
f 3870//3870 1687//1687 1690//1690
f 3870//3870 3869//3869 1687//1687
f 3886//3886 1694//1694 1695//1695
f 3886//3886 1690//1690 1694//1694
f 3886//3886 3870//3870 1690//1690
f 3894//3894 3886//3886 1695//1695
f 3895//3895 1698//1698 1702//1702
f 3895//3895 1695//1695 1698//1698
f 3895//3895 3894//3894 1695//1695
f 3907//3907 3895//3895 1702//1702
f 3908//3908 1702//1702 1706//1706
f 3908//3908 3907//3907 1702//1702
f 3918//3918 1706//1706 1710//1710
f 3918//3918 3908//3908 1706//1706
f 3923//3923 1710//1710 1711//1711
f 3923//3923 3918//3918 1710//1710
f 3927//3927 1711//1711 1716//1716
f 3927//3927 3923//3923 1711//1711
f 3928//3928 1716//1716 1718//1718
f 3928//3928 3927//3927 1716//1716
f 3934//3934 1718//1718 1719//1719
f 3934//3934 3928//3928 1718//1718
f 3935//3935 1719//1719 1724//1724
f 3935//3935 3934//3934 1719//1719
f 1986//1986 1724//1724 1727//1727
f 1986//1986 3935//3935 1724//1724
f 1829//1829 1727//1727 1731//1731
f 1829//1829 1986//1986 1727//1727
f 923//923 925//925 3940//3940
f 1573//1573 3940//3940 3941//3941
f 1573//1573 923//923 3940//3940
f 1573//1573 3941//3941 3944//3944
f 1569//1569 1573//1573 3944//3944
f 1569//1569 3944//3944 3946//3946
f 1565//1565 1569//1569 3946//3946
f 1565//1565 3948//3948 3949//3949
f 1565//1565 3946//3946 3948//3948
f 1562//1562 1565//1565 3949//3949
f 1562//1562 3951//3951 3953//3953
f 1562//1562 3949//3949 3951//3951
f 1558//1558 3953//3953 3956//3956
f 1558//1558 1562//1562 3953//3953
f 1554//1554 1558//1558 3956//3956
f 1554//1554 3958//3958 3959//3959
f 1554//1554 3956//3956 3958//3958
f 1550//1550 1554//1554 3959//3959
f 1550//1550 3962//3962 3964//3964
f 1550//1550 3959//3959 3962//3962
f 1545//1545 1550//1550 3964//3964
f 1545//1545 3964//3964 3965//3965
f 1541//1541 1545//1545 3965//3965
f 1541//1541 3968//3968 3969//3969
f 1541//1541 3965//3965 3968//3968
f 1538//1538 1541//1541 3969//3969
f 1538//1538 3971//3971 3973//3973
f 1538//1538 3969//3969 3971//3971
f 1534//1534 1538//1538 3973//3973
f 1534//1534 3973//3973 3975//3975
f 1530//1530 1534//1534 3975//3975
f 1530//1530 3978//3978 3979//3979
f 1530//1530 3975//3975 3978//3978
f 1526//1526 1530//1530 3979//3979
f 1526//1526 3982//3982 3984//3984
f 1526//1526 3979//3979 3982//3982
f 1521//1521 1526//1526 3984//3984
f 1521//1521 3984//3984 3985//3985
f 1517//1517 1521//1521 3985//3985
f 1517//1517 3987//3987 3989//3989
f 1517//1517 3985//3985 3987//3987
f 1515//1515 1517//1517 3989//3989
f 1515//1515 3992//3992 3994//3994
f 1515//1515 3989//3989 3992//3992
f 1520//1520 1515//1515 3994//3994
f 1520//1520 3994//3994 3995//3995
f 1523//1523 1520//1520 3995//3995
f 1523//1523 3997//3997 4000//4000
f 1523//1523 3995//3995 3997//3997
f 1527//1527 4001//4001 4004//4004
f 1527//1527 4000//4000 4001//4001
f 1527//1527 1523//1523 4000//4000
f 1531//1531 1527//1527 4004//4004
f 1531//1531 4004//4004 4005//4005
f 1536//1536 4008//4008 4009//4009
f 1536//1536 4005//4005 4008//4008
f 1536//1536 1531//1531 4005//4005
f 1540//1540 4012//4012 4013//4013
f 1540//1540 4009//4009 4012//4012
f 1540//1540 1536//1536 4009//4009
f 1544//1544 4013//4013 4016//4016
f 1544//1544 1540//1540 4013//4013
f 1547//1547 4017//4017 4020//4020
f 1547//1547 4016//4016 4017//4017
f 1547//1547 1544//1544 4016//4016
f 1551//1551 4021//4021 4024//4024
f 1551//1551 4020//4020 4021//4021
f 1551//1551 1547//1547 4020//4020
f 1556//1556 4024//4024 4025//4025
f 1556//1556 1551//1551 4024//4024
f 1560//1560 1556//1556 4025//4025
f 1560//1560 4028//4028 4029//4029
f 1560//1560 4025//4025 4028//4028
f 1564//1564 1560//1560 4029//4029
f 1564//1564 4032//4032 4033//4033
f 1564//1564 4029//4029 4032//4032
f 1568//1568 1564//1564 4033//4033
f 1568//1568 4033//4033 4036//4036
f 1572//1572 1568//1568 4036//4036
f 1572//1572 4037//4037 4040//4040
f 1572//1572 4036//4036 4037//4037
f 1576//1576 1572//1572 4040//4040
f 1576//1576 4041//4041 4044//4044
f 1576//1576 4040//4040 4041//4041
f 1579//1579 1576//1576 4044//4044
f 1579//1579 4044//4044 4045//4045
f 1584//1584 1579//1579 4045//4045
f 1584//1584 4048//4048 4050//4050
f 1584//1584 4045//4045 4048//4048
f 1588//1588 4051//4051 4054//4054
f 1588//1588 4050//4050 4051//4051
f 1588//1588 1584//1584 4050//4050
f 1592//1592 1588//1588 4054//4054
f 1592//1592 4054//4054 4056//4056
f 1595//1595 4057//4057 4060//4060
f 1595//1595 4056//4056 4057//4057
f 1595//1595 1592//1592 4056//4056
f 1599//1599 4061//4061 4064//4064
f 1599//1599 4060//4060 4061//4061
f 1599//1599 1595//1595 4060//4060
f 1603//1603 4064//4064 4065//4065
f 1603//1603 1599//1599 4064//4064
f 1618//1618 4068//4068 4069//4069
f 1618//1618 4065//4065 4068//4068
f 1618//1618 1603//1603 4065//4065
f 1615//1615 4072//4072 4073//4073
f 1615//1615 4069//4069 4072//4072
f 1615//1615 1618//1618 4069//4069
f 1614//1614 4073//4073 4076//4076
f 1614//1614 1615//1615 4073//4073
f 1620//1620 4077//4077 4080//4080
f 1620//1620 4076//4076 4077//4077
f 1620//1620 1614//1614 4076//4076
f 1624//1624 4081//4081 4084//4084
f 1624//1624 4080//4080 4081//4081
f 1624//1624 1620//1620 4080//4080
f 1627//1627 4084//4084 4085//4085
f 1627//1627 1624//1624 4084//4084
f 1632//1632 4088//4088 4089//4089
f 1632//1632 4085//4085 4088//4088
f 1632//1632 1627//1627 4085//4085
f 1635//1635 1632//1632 4089//4089
f 1635//1635 4092//4092 4093//4093
f 1635//1635 4089//4089 4092//4092
f 1640//1640 1635//1635 4093//4093
f 1640//1640 4093//4093 4096//4096
f 1650//1650 4097//4097 4099//4099
f 1650//1650 4096//4096 4097//4097
f 1650//1650 1640//1640 4096//4096
f 1667//1667 4102//4102 4103//4103
f 1667//1667 4099//4099 4102//4102
f 1667//1667 1650//1650 4099//4099
f 1682//1682 4103//4103 4106//4106
f 1682//1682 1667//1667 4103//4103
f 1703//1703 4107//4107 4110//4110
f 1703//1703 4106//4106 4107//4107
f 1703//1703 1682//1682 4106//4106
f 1725//1725 4112//4112 4114//4114
f 1725//1725 4110//4110 4112//4112
f 1725//1725 1703//1703 4110//4110
f 1739//1739 4114//4114 4115//4115
f 1739//1739 1725//1725 4114//4114
f 1737//1737 4117//4117 4120//4120
f 1737//1737 4115//4115 4117//4117
f 1737//1737 1739//1739 4115//4115
f 1736//1736 4120//4120 4121//4121
f 1736//1736 1737//1737 4120//4120
f 1733//1733 4123//4123 4126//4126
f 1733//1733 4121//4121 4123//4123
f 1733//1733 1736//1736 4121//4121
f 1745//1745 4126//4126 4127//4127
f 1745//1745 1733//1733 4126//4126
f 1743//1743 4127//4127 4129//4129
f 1743//1743 1745//1745 4127//4127
f 1742//1742 4129//4129 4131//4131
f 1742//1742 1743//1743 4129//4129
f 1747//1747 4131//4131 4134//4134
f 1747//1747 1742//1742 4131//4131
f 1751//1751 4134//4134 4136//4136
f 1751//1751 1747//1747 4134//4134
f 1754//1754 4136//4136 4138//4138
f 1754//1754 1751//1751 4136//4136
f 595//595 4138//4138 597//597
f 595//595 1754//1754 4138//4138
f 4139//4139 4043//4043 4042//4042
f 4139//4139 4042//4042 4039//4039
f 4139//4139 4039//4039 4038//4038
f 4139//4139 4038//4038 4035//4035
f 4139//4139 4035//4035 4034//4034
f 4139//4139 4034//4034 4031//4031
f 4139//4139 4031//4031 4030//4030
f 4139//4139 4030//4030 4027//4027
f 4139//4139 4027//4027 4026//4026
f 4139//4139 4026//4026 4023//4023
f 4139//4139 4023//4023 4022//4022
f 4139//4139 4022//4022 4019//4019
f 4139//4139 4019//4019 4018//4018
f 4139//4139 4018//4018 4015//4015
f 4139//4139 4015//4015 4014//4014
f 4139//4139 4014//4014 4011//4011
f 4139//4139 4011//4011 4010//4010
f 4139//4139 4010//4010 4007//4007
f 4139//4139 4007//4007 4006//4006
f 4139//4139 4006//4006 4003//4003
f 4139//4139 4003//4003 4002//4002
f 4139//4139 4002//4002 3999//3999
f 4139//4139 3999//3999 3998//3998
f 4139//4139 3998//3998 3996//3996
f 4139//4139 3996//3996 3993//3993
f 4139//4139 3993//3993 3991//3991
f 4139//4139 3991//3991 3990//3990
f 4139//4139 3990//3990 3988//3988
f 4139//4139 3988//3988 3986//3986
f 4139//4139 3986//3986 3983//3983
f 4139//4139 3983//3983 3981//3981
f 4139//4139 3981//3981 3980//3980
f 4139//4139 3980//3980 3977//3977
f 4139//4139 3977//3977 3976//3976
f 4139//4139 3976//3976 3974//3974
f 4139//4139 3974//3974 3972//3972
f 4139//4139 3972//3972 3970//3970
f 4139//4139 3970//3970 3967//3967
f 4139//4139 3967//3967 3966//3966
f 4139//4139 3966//3966 3963//3963
f 4139//4139 3963//3963 3961//3961
f 4139//4139 3961//3961 3960//3960
f 4139//4139 3960//3960 3957//3957
f 4139//4139 3957//3957 3955//3955
f 4139//4139 3955//3955 3954//3954
f 4139//4139 3954//3954 3952//3952
f 4139//4139 3952//3952 3950//3950
f 4139//4139 3950//3950 3947//3947
f 4139//4139 3947//3947 3945//3945
f 4139//4139 3945//3945 3943//3943
f 4139//4139 3943//3943 3942//3942
f 4139//4139 3942//3942 3939//3939
f 4139//4139 3939//3939 926//926
f 4140//4140 926//926 921//921
f 4140//4140 921//921 917//917
f 4140//4140 917//917 913//913
f 4140//4140 913//913 909//909
f 4140//4140 909//909 906//906
f 4140//4140 906//906 902//902
f 4140//4140 902//902 898//898
f 4140//4140 898//898 894//894
f 4140//4140 894//894 889//889
f 4140//4140 889//889 888//888
f 4140//4140 888//888 884//884
f 4140//4140 884//884 879//879
f 4140//4140 879//879 878//878
f 4140//4140 878//878 873//873
f 4140//4140 873//873 871//871
f 4140//4140 871//871 868//868
f 4140//4140 868//868 864//864
f 4140//4140 864//864 861//861
f 4140//4140 861//861 857//857
f 4140//4140 857//857 856//856
f 4140//4140 856//856 851//851
f 4140//4140 851//851 848//848
f 4140//4140 848//848 845//845
f 4140//4140 845//845 841//841
f 4140//4140 841//841 839//839
f 4140//4140 839//839 835//835
f 4140//4140 835//835 832//832
f 4140//4140 832//832 829//829
f 4140//4140 829//829 825//825
f 4140//4140 825//825 824//824
f 4140//4140 824//824 820//820
f 4140//4140 820//820 816//816
f 4140//4140 816//816 813//813
f 4140//4140 813//813 809//809
f 4140//4140 809//809 808//808
f 4140//4140 808//808 804//804
f 4140//4140 804//804 801//801
f 4140//4140 801//801 798//798
f 4140//4140 798//798 794//794
f 4140//4140 794//794 791//791
f 4140//4140 791//791 787//787
f 4140//4140 787//787 786//786
f 4140//4140 786//786 782//782
f 4140//4140 782//782 778//778
f 4140//4140 778//778 775//775
f 4140//4140 775//775 771//771
f 4140//4140 771//771 770//770
f 4140//4140 770//770 766//766
f 4140//4140 4139//4139 926//926
f 4141//4141 598//598 4137//4137
f 4141//4141 4137//4137 4135//4135
f 4141//4141 4135//4135 4133//4133
f 4141//4141 4133//4133 4132//4132
f 4141//4141 4132//4132 4130//4130
f 4141//4141 4130//4130 4128//4128
f 4141//4141 4128//4128 4125//4125
f 4141//4141 4125//4125 4124//4124
f 4141//4141 4124//4124 4122//4122
f 4141//4141 4122//4122 4119//4119
f 4141//4141 4119//4119 4118//4118
f 4141//4141 4118//4118 4116//4116
f 4141//4141 4116//4116 4113//4113
f 4141//4141 4113//4113 4111//4111
f 4141//4141 4111//4111 4109//4109
f 4141//4141 4109//4109 4108//4108
f 4141//4141 4108//4108 4105//4105
f 4141//4141 4105//4105 4104//4104
f 4141//4141 4104//4104 4101//4101
f 4141//4141 4101//4101 4100//4100
f 4141//4141 4100//4100 4098//4098
f 4141//4141 4098//4098 4095//4095
f 4141//4141 4095//4095 4094//4094
f 4141//4141 4094//4094 4091//4091
f 4141//4141 4091//4091 4090//4090
f 4141//4141 4090//4090 4087//4087
f 4141//4141 4087//4087 4086//4086
f 4141//4141 4086//4086 4083//4083
f 4141//4141 4083//4083 4082//4082
f 4141//4141 4082//4082 4079//4079
f 4141//4141 4079//4079 4078//4078
f 4141//4141 4078//4078 4075//4075
f 4141//4141 4075//4075 4074//4074
f 4141//4141 4074//4074 4071//4071
f 4141//4141 4071//4071 4070//4070
f 4141//4141 4070//4070 4067//4067
f 4141//4141 4067//4067 4066//4066
f 4141//4141 4066//4066 4063//4063
f 4141//4141 4063//4063 4062//4062
f 4141//4141 4062//4062 4059//4059
f 4141//4141 4059//4059 4058//4058
f 4141//4141 4058//4058 4055//4055
f 4141//4141 4055//4055 4053//4053
f 4141//4141 4053//4053 4052//4052
f 4141//4141 4052//4052 4049//4049
f 4141//4141 4049//4049 4047//4047
f 4141//4141 4047//4047 4046//4046
f 4141//4141 4046//4046 4043//4043
f 4141//4141 4139//4139 4140//4140
f 4141//4141 4043//4043 4139//4139
f 4142//4142 599//599 598//598
f 4142//4142 598//598 4141//4141
f 4142//4142 4141//4141 4140//4140
f 4142//4142 4140//4140 766//766
f 4142//4142 766//766 762//762
f 4142//4142 762//762 759//759
f 4142//4142 759//759 755//755
f 4142//4142 755//755 754//754
f 4142//4142 754//754 750//750
f 4142//4142 750//750 746//746
f 4142//4142 746//746 743//743
f 4142//4142 743//743 740//740
f 4142//4142 740//740 737//737
f 4142//4142 737//737 733//733
f 4142//4142 733//733 729//729
f 4142//4142 729//729 727//727
f 4142//4142 727//727 723//723
f 4142//4142 723//723 721//721
f 4142//4142 721//721 717//717
f 4142//4142 717//717 713//713
f 4142//4142 713//713 712//712
f 4142//4142 712//712 708//708
f 4142//4142 708//708 706//706
f 4142//4142 706//706 701//701
f 4142//4142 701//701 700//700
f 4142//4142 700//700 695//695
f 4142//4142 695//695 691//691
f 4142//4142 691//691 690//690
f 4142//4142 690//690 686//686
f 4142//4142 686//686 683//683
f 4142//4142 683//683 680//680
f 4142//4142 680//680 676//676
f 4142//4142 676//676 674//674
f 4142//4142 674//674 669//669
f 4142//4142 669//669 668//668
f 4142//4142 668//668 663//663
f 4142//4142 663//663 660//660
f 4142//4142 660//660 658//658
f 4142//4142 658//658 653//653
f 4142//4142 653//653 652//652
f 4142//4142 652//652 648//648
f 4142//4142 648//648 644//644
f 4142//4142 644//644 641//641
f 4142//4142 641//641 638//638
f 4142//4142 638//638 635//635
f 4142//4142 635//635 631//631
f 4142//4142 631//631 628//628
f 4142//4142 628//628 625//625
f 4142//4142 625//625 621//621
f 4142//4142 621//621 619//619
f 4142//4142 619//619 615//615
f 4142//4142 615//615 611//611
f 4142//4142 611//611 610//610
f 4142//4142 610//610 605//605
f 4142//4142 605//605 604//604
f 4142//4142 604//604 599//599
f 591//591 594//594 6//6
f 591//591 6//6 3//3
f 1122//1122 3//3 14//14
f 1122//1122 591//591 3//3
f 1118//1118 14//14 18//18
f 1118//1118 1122//1122 14//14
f 1114//1114 18//18 23//23
f 1114//1114 1118//1118 18//18
f 1110//1110 23//23 29//29
f 1110//1110 1114//1114 23//23
f 1106//1106 29//29 34//34
f 1106//1106 1110//1110 29//29
f 1101//1101 34//34 39//39
f 1101//1101 1106//1106 34//34
f 1098//1098 39//39 44//44
f 1098//1098 1101//1101 39//39
f 1093//1093 44//44 50//50
f 1093//1093 1098//1098 44//44
f 1091//1091 50//50 56//56
f 1091//1091 1093//1093 50//50
f 1084//1084 56//56 59//59
f 1084//1084 1091//1091 56//56
f 1080//1080 59//59 66//66
f 1080//1080 1084//1084 59//59
f 1076//1076 66//66 71//71
f 1076//1076 1080//1080 66//66
f 1072//1072 71//71 75//75
f 1072//1072 1076//1076 71//71
f 1068//1068 75//75 81//81
f 1068//1068 1072//1072 75//75
f 1061//1061 81//81 85//85
f 1061//1061 1068//1068 81//81
f 1064//1064 1061//1061 85//85
f 1064//1064 85//85 91//91
f 1065//1065 1064//1064 91//91
f 1065//1065 91//91 97//97
f 1069//1069 1065//1065 97//97
f 1069//1069 97//97 102//102
f 1073//1073 1069//1069 102//102
f 1073//1073 102//102 107//107
f 1077//1077 1073//1073 107//107
f 1077//1077 107//107 113//113
f 1081//1081 113//113 118//118
f 1081//1081 1077//1077 113//113
f 1086//1086 118//118 123//123
f 1086//1086 123//123 129//129
f 1086//1086 1081//1081 118//118
f 1087//1087 129//129 133//133
f 1087//1087 1086//1086 129//129
f 1096//1096 133//133 140//140
f 1096//1096 1087//1087 133//133
f 1100//1100 140//140 144//144
f 1100//1100 1096//1096 140//140
f 1103//1103 144//144 149//149
f 1103//1103 1100//1100 144//144
f 1107//1107 149//149 156//156
f 1107//1107 1103//1103 149//149
f 1112//1112 156//156 160//160
f 1112//1112 1107//1107 156//156
f 1115//1115 160//160 166//166
f 1115//1115 1112//1112 160//160
f 1120//1120 166//166 172//172
f 1120//1120 1115//1115 166//166
f 1123//1123 172//172 175//175
f 1123//1123 1120//1120 172//172
f 1128//1128 175//175 182//182
f 1128//1128 1123//1123 175//175
f 1148//1148 182//182 186//186
f 1148//1148 1128//1128 182//182
f 1146//1146 186//186 191//191
f 1146//1146 1148//1148 186//186
f 1143//1143 191//191 197//197
f 1143//1143 1146//1146 191//191
f 1139//1139 197//197 201//201
f 1139//1139 1143//1143 197//197
f 1149//1149 201//201 207//207
f 1149//1149 1139//1139 201//201
f 1151//1151 207//207 214//214
f 1151//1151 1149//1149 207//207
f 1157//1157 214//214 218//218
f 1157//1157 1151//1151 214//214
f 1159//1159 1157//1157 218//218
f 1159//1159 218//218 223//223
f 1164//1164 1159//1159 223//223
f 1164//1164 223//223 229//229
f 1167//1167 1164//1164 229//229
f 1167//1167 229//229 234//234
f 1171//1171 1167//1167 234//234
f 1171//1171 234//234 240//240
f 1175//1175 1171//1171 240//240
f 1175//1175 240//240 243//243
f 1175//1175 243//243 250//250
f 1179//1179 1175//1175 250//250
f 1179//1179 250//250 255//255
f 1184//1184 1179//1179 255//255
f 1184//1184 255//255 259//259
f 1187//1187 1184//1184 259//259
f 1187//1187 259//259 263//263
f 1192//1192 1187//1187 263//263
f 1192//1192 263//263 270//270
f 1195//1195 1192//1192 270//270
f 1195//1195 270//270 274//274
f 1198//1198 1195//1195 274//274
f 1198//1198 274//274 278//278
f 1202//1202 1198//1198 278//278
f 1202//1202 278//278 281//281
f 1206//1206 1202//1202 281//281
f 1206//1206 281//281 287//287
f 1210//1210 1206//1206 287//287
f 1210//1210 287//287 292//292
f 1251//1251 292//292 296//296
f 1251//1251 1210//1210 292//292
f 1250//1250 296//296 301//301
f 1250//1250 1251//1251 296//296
f 1248//1248 301//301 305//305
f 1248//1248 1250//1250 301//301
f 1245//1245 305//305 310//310
f 1245//1245 1248//1248 305//305
f 1244//1244 310//310 314//314
f 1244//1244 1245//1245 310//310
f 1241//1241 314//314 318//318
f 1241//1241 1244//1244 314//314
f 1240//1240 318//318 322//322
f 1240//1240 1241//1241 318//318
f 1238//1238 322//322 326//326
f 1238//1238 1240//1240 322//322
f 1235//1235 326//326 329//329
f 1235//1235 1238//1238 326//326
f 335//335 329//329 334//334
f 335//335 1235//1235 329//329
f 173//173 4143//4143 178//178
f 170//170 4143//4143 173//173
f 167//167 4143//4143 170//170
f 164//164 4143//4143 167//167
f 161//161 4143//4143 164//164
f 158//158 4143//4143 161//161
f 153//153 4143//4143 158//158
f 151//151 4143//4143 153//153
f 147//147 4143//4143 151//151
f 145//145 4143//4143 147//147
f 141//141 4143//4143 145//145
f 138//138 4143//4143 141//141
f 136//136 4143//4143 138//138
f 132//132 4143//4143 136//136
f 127//127 4143//4143 132//132
f 126//126 4143//4143 127//127
f 122//122 4143//4143 126//126
f 120//120 4143//4143 122//122
f 116//116 4143//4143 120//120
f 111//111 4143//4143 116//116
f 109//109 4143//4143 111//111
f 105//105 4143//4143 109//109
f 103//103 4143//4143 105//105
f 99//99 4143//4143 103//103
f 96//96 4143//4143 99//99
f 94//94 4143//4143 96//96
f 90//90 4143//4143 94//94
f 88//88 4143//4143 90//90
f 84//84 4143//4143 88//88
f 79//79 4143//4143 84//84
f 78//78 4143//4143 79//79
f 74//74 4143//4143 78//78
f 70//70 4143//4143 74//74
f 67//67 4143//4143 70//70
f 63//63 4143//4143 67//67
f 62//62 4143//4143 63//63
f 58//58 4143//4143 62//62
f 53//53 4143//4143 58//58
f 52//52 4143//4143 53//53
f 47//47 4143//4143 52//52
f 46//46 4143//4143 47//47
f 41//41 4143//4143 46//46
f 37//37 4143//4143 41//41
f 35//35 4143//4143 37//37
f 32//32 4143//4143 35//35
f 27//27 4143//4143 32//32
f 26//26 4143//4143 27//27
f 22//22 4143//4143 26//26
f 19//19 4143//4143 22//22
f 15//15 4143//4143 19//19
f 11//11 4143//4143 15//15
f 10//10 4143//4143 11//11
f 2//2 4143//4143 10//10
f 7//7 4143//4143 2//2
f 4144//4144 4146//4146 7//7
f 4147//4147 4146//4146 4144//4144
f 4149//4149 4146//4146 4147//4147
f 4151//4151 4146//4146 4149//4149
f 4153//4153 4146//4146 4151//4151
f 4156//4156 4146//4146 4153//4153
f 4157//4157 4146//4146 4156//4156
f 4159//4159 4146//4146 4157//4157
f 4161//4161 4146//4146 4159//4159
f 4164//4164 4146//4146 4161//4161
f 4166//4166 4146//4146 4164//4164
f 4168//4168 4146//4146 4166//4166
f 4169//4169 4146//4146 4168//4168
f 4172//4172 4146//4146 4169//4169
f 4173//4173 4146//4146 4172//4172
f 4175//4175 4146//4146 4173//4173
f 4178//4178 4146//4146 4175//4175
f 4179//4179 4146//4146 4178//4178
f 4182//4182 4146//4146 4179//4179
f 4183//4183 4146//4146 4182//4182
f 4185//4185 4146//4146 4183//4183
f 4188//4188 4146//4146 4185//4185
f 4189//4189 4146//4146 4188//4188
f 4192//4192 4146//4146 4189//4189
f 4193//4193 4146//4146 4192//4192
f 4196//4196 4146//4146 4193//4193
f 4197//4197 4146//4146 4196//4196
f 4200//4200 4146//4146 4197//4197
f 4202//4202 4146//4146 4200//4200
f 4203//4203 4146//4146 4202//4202
f 4205//4205 4146//4146 4203//4203
f 4207//4207 4146//4146 4205//4205
f 4210//4210 4146//4146 4207//4207
f 4212//4212 4146//4146 4210//4210
f 4213//4213 4146//4146 4212//4212
f 4215//4215 4146//4146 4213//4213
f 4217//4217 4146//4146 4215//4215
f 4220//4220 4146//4146 4217//4217
f 4221//4221 4146//4146 4220//4220
f 4224//4224 4146//4146 4221//4221
f 4225//4225 4146//4146 4224//4224
f 4228//4228 4146//4146 4225//4225
f 4229//4229 4146//4146 4228//4228
f 4232//4232 4146//4146 4229//4229
f 4233//4233 4146//4146 4232//4232
f 4236//4236 4146//4146 4233//4233
f 4237//4237 4146//4146 4236//4236
f 4240//4240 4146//4146 4237//4237
f 4241//4241 4146//4146 4240//4240
f 4244//4244 4146//4146 4241//4241
f 7//7 4146//4146 4143//4143
f 328//328 4245//4245 331//331
f 323//323 4245//4245 328//328
f 320//320 4245//4245 323//323
f 315//315 4245//4245 320//320
f 311//311 4245//4245 315//315
f 307//307 4245//4245 311//311
f 304//304 4245//4245 307//307
f 300//300 4245//4245 304//304
f 297//297 4245//4245 300//300
f 293//293 4245//4245 297//297
f 290//290 4245//4245 293//293
f 285//285 4245//4245 290//290
f 284//284 4245//4245 285//285
f 279//279 4245//4245 284//284
f 275//275 4245//4245 279//279
f 271//271 4245//4245 275//275
f 267//267 4245//4245 271//271
f 266//266 4245//4245 267//267
f 262//262 4245//4245 266//266
f 258//258 4245//4245 262//262
f 254//254 4245//4245 258//258
f 251//251 4245//4245 254//254
f 247//247 4245//4245 251//251
f 246//246 4245//4245 247//247
f 242//242 4245//4245 246//246
f 237//237 4245//4245 242//242
f 236//236 4245//4245 237//237
f 231//231 4245//4245 236//236
f 227//227 4245//4245 231//231
f 226//226 4245//4245 227//227
f 222//222 4245//4245 226//226
f 219//219 4245//4245 222//222
f 216//216 4245//4245 219//219
f 211//211 4245//4245 216//216
f 210//210 4245//4245 211//211
f 206//206 4245//4245 210//210
f 203//203 4245//4245 206//206
f 200//200 4245//4245 203//203
f 196//196 4245//4245 200//200
f 193//193 4245//4245 196//196
f 189//189 4245//4245 193//193
f 188//188 4245//4245 189//189
f 184//184 4245//4245 188//188
f 179//179 4245//4245 184//184
f 178//178 4245//4245 179//179
f 4143//4143 4245//4245 178//178
f 4246//4246 4248//4248 4250//4250
f 4252//4252 4248//4248 4246//4246
f 4253//4253 4248//4248 4252//4252
f 331//331 4248//4248 4253//4253
f 4146//4146 4248//4248 4143//4143
f 4244//4244 4248//4248 4146//4146
f 4255//4255 4248//4248 4244//4244
f 4258//4258 4248//4248 4255//4255
f 4259//4259 4248//4248 4258//4258
f 4262//4262 4248//4248 4259//4259
f 4263//4263 4248//4248 4262//4262
f 4266//4266 4248//4248 4263//4263
f 4267//4267 4248//4248 4266//4266
f 4270//4270 4248//4248 4267//4267
f 4272//4272 4248//4248 4270//4270
f 4273//4273 4248//4248 4272//4272
f 4245//4245 4248//4248 331//331
f 4276//4276 4248//4248 4273//4273
f 4277//4277 4248//4248 4276//4276
f 4280//4280 4248//4248 4277//4277
f 4281//4281 4248//4248 4280//4280
f 4284//4284 4248//4248 4281//4281
f 4286//4286 4248//4248 4284//4284
f 4288//4288 4248//4248 4286//4286
f 4290//4290 4248//4248 4288//4288
f 4291//4291 4248//4248 4290//4290
f 4293//4293 4248//4248 4291//4291
f 4296//4296 4248//4248 4293//4293
f 4297//4297 4248//4248 4296//4296
f 4300//4300 4248//4248 4297//4297
f 4301//4301 4248//4248 4300//4300
f 4304//4304 4248//4248 4301//4301
f 4305//4305 4248//4248 4304//4304
f 4308//4308 4248//4248 4305//4305
f 4309//4309 4248//4248 4308//4308
f 4312//4312 4248//4248 4309//4309
f 4313//4313 4248//4248 4312//4312
f 4316//4316 4248//4248 4313//4313
f 4143//4143 4248//4248 4245//4245
f 4317//4317 4248//4248 4316//4316
f 4320//4320 4248//4248 4317//4317
f 4321//4321 4248//4248 4320//4320
f 4324//4324 4248//4248 4321//4321
f 4325//4325 4248//4248 4324//4324
f 4328//4328 4248//4248 4325//4325
f 4329//4329 4248//4248 4328//4328
f 4332//4332 4248//4248 4329//4329
f 4333//4333 4248//4248 4332//4332
f 4336//4336 4248//4248 4333//4333
f 4337//4337 4248//4248 4336//4336
f 4340//4340 4248//4248 4337//4337
f 4341//4341 4248//4248 4340//4340
f 4344//4344 4248//4248 4341//4341
f 4345//4345 4248//4248 4344//4344
f 4348//4348 4248//4248 4345//4345
f 4349//4349 4248//4248 4348//4348
f 4352//4352 4248//4248 4349//4349
f 4250//4250 4248//4248 4352//4352
f 4254//4254 338//338 333//333
f 4254//4254 333//333 332//332
f 4251//4251 338//338 4254//4254
f 4247//4247 341//341 338//338
f 4247//4247 338//338 4251//4251
f 4249//4249 346//346 341//341
f 4249//4249 341//341 4247//4247
f 4351//4351 346//346 4249//4249
f 4350//4350 349//349 346//346
f 4350//4350 346//346 4351//4351
f 4347//4347 349//349 4350//4350
f 4346//4346 349//349 4347//4347
f 4346//4346 354//354 349//349
f 4343//4343 354//354 4346//4346
f 4343//4343 357//357 354//354
f 4342//4342 357//357 4343//4343
f 4339//4339 362//362 357//357
f 4339//4339 357//357 4342//4342
f 4338//4338 362//362 4339//4339
f 4338//4338 365//365 362//362
f 4335//4335 365//365 4338//4338
f 4334//4334 370//370 365//365
f 4334//4334 365//365 4335//4335
f 4331//4331 370//370 4334//4334
f 4330//4330 374//374 370//370
f 4330//4330 370//370 4331//4331
f 4327//4327 378//378 374//374
f 4327//4327 374//374 4330//4330
f 4326//4326 378//378 4327//4327
f 4323//4323 382//382 378//378
f 4323//4323 378//378 4326//4326
f 4322//4322 386//386 382//382
f 4322//4322 382//382 4323//4323
f 4319//4319 386//386 4322//4322
f 4318//4318 390//390 386//386
f 4318//4318 386//386 4319//4319
f 4315//4315 390//390 4318//4318
f 4314//4314 394//394 390//390
f 4314//4314 390//390 4315//4315
f 4311//4311 398//398 394//394
f 4311//4311 394//394 4314//4314
f 4310//4310 398//398 4311//4311
f 4307//4307 402//402 398//398
f 4307//4307 398//398 4310//4310
f 4306//4306 402//402 4307//4307
f 4303//4303 406//406 402//402
f 4303//4303 402//402 4306//4306
f 4302//4302 410//410 406//406
f 4302//4302 406//406 4303//4303
f 4299//4299 410//410 4302//4302
f 4298//4298 414//414 410//410
f 4298//4298 410//410 4299//4299
f 4295//4295 417//417 414//414
f 4295//4295 414//414 4298//4298
f 4294//4294 417//417 4295//4295
f 4292//4292 422//422 417//417
f 4292//4292 417//417 4294//4294
f 4289//4289 422//422 4292//4292
f 4287//4287 425//425 422//422
f 4287//4287 422//422 4289//4289
f 4285//4285 428//428 425//425
f 4285//4285 425//425 4287//4287
f 4283//4283 428//428 4285//4285
f 4282//4282 428//428 4283//4283
f 4282//4282 431//431 428//428
f 4279//4279 431//431 4282//4282
f 4278//4278 431//431 4279//4279
f 4278//4278 436//436 431//431
f 4275//4275 436//436 4278//4278
f 4275//4275 440//440 436//436
f 4274//4274 440//440 4275//4275
f 4271//4271 440//440 4274//4274
f 4271//4271 444//444 440//440
f 4269//4269 444//444 4271//4271
f 4269//4269 448//448 444//444
f 4268//4268 448//448 4269//4269
f 4265//4265 448//448 4268//4268
f 4265//4265 452//452 448//448
f 4264//4264 452//452 4265//4265
f 4261//4261 456//456 452//452
f 4261//4261 452//452 4264//4264
f 4260//4260 460//460 456//456
f 4260//4260 456//456 4261//4261
f 4257//4257 460//460 4260//4260
f 4256//4256 464//464 460//460
f 4256//4256 460//460 4257//4257
f 4243//4243 464//464 4256//4256
f 4242//4242 468//468 464//464
f 4242//4242 464//464 4243//4243
f 4239//4239 472//472 468//468
f 4239//4239 468//468 4242//4242
f 4238//4238 472//472 4239//4239
f 4235//4235 476//476 472//472
f 4235//4235 472//472 4238//4238
f 4234//4234 480//480 476//476
f 4234//4234 476//476 4235//4235
f 4231//4231 480//480 4234//4234
f 4230//4230 484//484 480//480
f 4230//4230 480//480 4231//4231
f 4227//4227 484//484 4230//4230
f 4226//4226 488//488 484//484
f 4226//4226 484//484 4227//4227
f 4223//4223 492//492 488//488
f 4223//4223 488//488 4226//4226
f 4222//4222 492//492 4223//4223
f 4219//4219 496//496 492//492
f 4219//4219 492//492 4222//4222
f 4218//4218 496//496 4219//4219
f 4216//4216 499//499 496//496
f 4216//4216 496//496 4218//4218
f 4214//4214 503//503 499//499
f 4214//4214 499//499 4216//4216
f 4211//4211 503//503 4214//4214
f 4209//4209 503//503 4211//4211
f 4209//4209 507//507 503//503
f 4208//4208 507//507 4209//4209
f 4208//4208 511//511 507//507
f 4206//4206 511//511 4208//4208
f 4204//4204 511//511 4206//4206
f 4204//4204 515//515 511//511
f 4201//4201 515//515 4204//4204
f 4199//4199 515//515 4201//4201
f 4199//4199 518//518 515//515
f 4198//4198 518//518 4199//4199
f 4198//4198 522//522 518//518
f 4195//4195 522//522 4198//4198
f 4194//4194 522//522 4195//4195
f 4194//4194 526//526 522//522
f 4191//4191 526//526 4194//4194
f 4190//4190 526//526 4191//4191
f 4190//4190 530//530 526//526
f 4187//4187 530//530 4190//4190
f 4187//4187 534//534 530//530
f 4186//4186 534//534 4187//4187
f 4184//4184 534//534 4186//4186
f 4184//4184 538//538 534//534
f 4181//4181 538//538 4184//4184
f 4181//4181 542//542 538//538
f 4180//4180 542//542 4181//4181
f 4177//4177 542//542 4180//4180
f 4177//4177 545//545 542//542
f 4176//4176 545//545 4177//4177
f 4174//4174 550//550 545//545
f 4174//4174 545//545 4176//4176
f 4171//4171 553//553 550//550
f 4171//4171 550//550 4174//4174
f 4170//4170 553//553 4171//4171
f 4167//4167 558//558 553//553
f 4167//4167 553//553 4170//4170
f 4165//4165 558//558 4167//4167
f 4163//4163 561//561 558//558
f 4163//4163 558//558 4165//4165
f 4162//4162 566//566 561//561
f 4162//4162 561//561 4163//4163
f 4160//4160 566//566 4162//4162
f 4158//4158 570//570 566//566
f 4158//4158 566//566 4160//4160
f 4155//4155 574//574 570//570
f 4155//4155 570//570 4158//4158
f 4154//4154 574//574 4155//4155
f 4152//4152 578//578 574//574
f 4152//4152 574//574 4154//4154
f 4150//4150 582//582 578//578
f 4150//4150 578//578 4152//4152
f 4148//4148 586//586 582//582
f 4148//4148 582//582 4150//4150
f 4145//4145 586//586 4148//4148
f 4145//4145 589//589 586//586
f 8//8 5//5 593//593
f 8//8 589//589 4145//4145
f 8//8 593//593 589//589

