v -0.10347300 1.39548400 0.22748900
v -0.10347300 1.39548400 0.22748900
v -0.10347300 1.39548400 0.22748900
v -0.10347300 1.39548400 0.22748900
v -0.10347300 1.39548400 0.22748900
v -0.10238900 1.39625500 0.22731800
v -0.10238900 1.39625500 0.22731800
v -0.10238900 1.39625500 0.22731800
v -0.10238900 1.39625500 0.22731800
v -0.10238900 1.39625500 0.22731800
v -0.10657300 1.39308000 0.22802200
v -0.10657300 1.39308000 0.22802200
v -0.10657300 1.39308000 0.22802200
v -0.10657300 1.39308000 0.22802200
v -0.10657300 1.39308000 0.22802200
v -0.10454000 1.39469100 0.22766500
v -0.10454000 1.39469100 0.22766500
v -0.10454000 1.39469100 0.22766500
v -0.10454000 1.39469100 0.22766500
v -0.10454000 1.39469100 0.22766500
v -0.10852800 1.39139100 0.22839700
v -0.10852800 1.39139100 0.22839700
v -0.10852800 1.39139100 0.22839700
v -0.10852800 1.39139100 0.22839700
v -0.11217800 1.38779900 0.22919400
v -0.11217800 1.38779900 0.22919400
v -0.11217800 1.38779900 0.22919400
v -0.11039700 1.38963000 0.22878700
v -0.11039700 1.38963000 0.22878700
v -0.11039700 1.38963000 0.22878700
v -0.11039700 1.38963000 0.22878700
v -0.11039700 1.38963000 0.22878700
v -0.11548000 1.38392200 0.23005400
v -0.11548000 1.38392200 0.23005400
v -0.11548000 1.38392200 0.23005400
v -0.11548000 1.38392200 0.23005400
v -0.11548000 1.38392200 0.23005400
v -0.11387300 1.38589600 0.22961600
v -0.11387300 1.38589600 0.22961600
v -0.11387300 1.38589600 0.22961600
v -0.11387300 1.38589600 0.22961600
v -0.11700200 1.38187700 0.23050700
v -0.11700200 1.38187700 0.23050700
v -0.11700200 1.38187700 0.23050700
v -0.11700200 1.38187700 0.23050700
v -0.11700200 1.38187700 0.23050700
v -0.11978800 1.37757600 0.23146100
v -0.11978800 1.37757600 0.23146100
v -0.11978800 1.37757600 0.23146100
v -0.11978800 1.37757600 0.23146100
v -0.11978800 1.37757600 0.23146100
v -0.11843800 1.37976100 0.23097700
v -0.11843800 1.37976100 0.23097700
v -0.11843800 1.37976100 0.23097700
v -0.11843800 1.37976100 0.23097700
v -0.11843800 1.37976100 0.23097700
v -0.12117300 1.37509600 0.23201200
v -0.12117300 1.37509600 0.23201200
v -0.12117300 1.37509600 0.23201200
v -0.12117300 1.37509600 0.23201200
v -0.12117300 1.37509600 0.23201200
v -0.12256900 1.37229400 0.23263300
v -0.12256900 1.37229400 0.23263300
v -0.12256900 1.37229400 0.23263300
v -0.12256900 1.37229400 0.23263300
v -0.12382400 1.36944700 0.23326500
v -0.12382400 1.36944700 0.23326500
v -0.12382400 1.36944700 0.23326500
v -0.12382400 1.36944700 0.23326500
v -0.12494500 1.36655800 0.23390600
v -0.12494500 1.36655800 0.23390600
v -0.12494500 1.36655800 0.23390600
v -0.12494500 1.36655800 0.23390600
v -0.12594400 1.36361900 0.23455800
v -0.12594400 1.36361900 0.23455800
v -0.12594400 1.36361900 0.23455800
v -0.12709400 1.35965600 0.23543700
v -0.12709400 1.35965600 0.23543700
v -0.12709400 1.35965600 0.23543700
v -0.12709400 1.35965600 0.23543700
v -0.12815300 1.35518300 0.23642900
v -0.12815300 1.35518300 0.23642900
v -0.12815300 1.35518300 0.23642900
v -0.12908700 1.35013500 0.23754900
v -0.12908700 1.35013500 0.23754900
v -0.12908700 1.35013500 0.23754900
v -0.12985400 1.34446300 0.23880700
v -0.12985400 1.34446300 0.23880700
v -0.12985400 1.34446300 0.23880700
v -0.13045400 1.33743200 0.24036700
v -0.13045400 1.33743200 0.24036700
v -0.13045400 1.33743200 0.24036700
v -0.13074400 1.32959300 0.24210600
v -0.13074400 1.32959300 0.24210600
v -0.13074400 1.32959300 0.24210600
v 0.00000000 1.41792800 0.22251000
v 0.00000000 1.41792800 0.22251000
v 0.00000000 1.41792800 0.22251000
v -0.00662700 1.41787500 0.22252200
v -0.00662700 1.41787500 0.22252200
v -0.00662700 1.41787500 0.22252200
v -0.01324900 1.41771400 0.22255700
v -0.01324900 1.41771400 0.22255700
v -0.01324900 1.41771400 0.22255700
v -0.09960300 1.39809500 0.22690900
v -0.09960300 1.39809500 0.22690900
v -0.09960300 1.39809500 0.22690900
v -0.09960300 1.39809500 0.22690900
v -0.02473300 1.41715600 0.22268100
v -0.02473300 1.41715600 0.22268100
v -0.02473300 1.41715600 0.22268100
v -0.03542100 1.41628300 0.22287500
v -0.03542100 1.41628300 0.22287500
v -0.03542100 1.41628300 0.22287500
v -0.04418400 1.41527600 0.22309800
v -0.04418400 1.41527600 0.22309800
v -0.04418400 1.41527600 0.22309800
v -0.05072000 1.41432800 0.22330900
v -0.05072000 1.41432800 0.22330900
v -0.05072000 1.41432800 0.22330900
v -0.05722200 1.41319200 0.22356000
v -0.05722200 1.41319200 0.22356000
v -0.05722200 1.41319200 0.22356000
v -0.06368500 1.41184500 0.22385900
v -0.06368500 1.41184500 0.22385900
v -0.06368500 1.41184500 0.22385900
v -0.06939200 1.41044800 0.22416900
v -0.06939200 1.41044800 0.22416900
v -0.06939200 1.41044800 0.22416900
v -0.07783500 1.40796200 0.22472100
v -0.07783500 1.40796200 0.22472100
v -0.07783500 1.40796200 0.22472100
v -0.07364000 1.40926500 0.22443200
v -0.07364000 1.40926500 0.22443200
v -0.07364000 1.40926500 0.22443200
v -0.08827100 1.40401200 0.22559700
v -0.08827100 1.40401200 0.22559700
v -0.08827100 1.40401200 0.22559700
v -0.08827100 1.40401200 0.22559700
v -0.08559200 1.40513700 0.22534700
v -0.08559200 1.40513700 0.22534700
v -0.08559200 1.40513700 0.22534700
v -0.08197100 1.40652900 0.22503800
v -0.08197100 1.40652900 0.22503800
v -0.08197100 1.40652900 0.22503800
v -0.09352400 1.40153300 0.22614700
v -0.09352400 1.40153300 0.22614700
v -0.09352400 1.40153300 0.22614700
v -0.09091500 1.40281200 0.22586300
v -0.09091500 1.40281200 0.22586300
v -0.09091500 1.40281200 0.22586300
v -0.09091500 1.40281200 0.22586300
v -0.09771900 1.39923700 0.22665600
v -0.09771900 1.39923700 0.22665600
v -0.09771900 1.39923700 0.22665600
v -0.09771900 1.39923700 0.22665600
v -0.09580800 1.40032200 0.22641500
v -0.09580800 1.40032200 0.22641500
v -0.09580800 1.40032200 0.22641500
v 0.09980900 1.39796600 0.22693800
v 0.09980900 1.39796600 0.22693800
v 0.09980900 1.39796600 0.22693800
v 0.09980900 1.39796600 0.22693800
v 0.10239000 1.39625500 0.22731800
v 0.10239000 1.39625500 0.22731800
v 0.10239000 1.39625500 0.22731800
v 0.10239000 1.39625500 0.22731800
v 0.10239000 1.39625500 0.22731800
v 0.01157900 1.41776500 0.22254600
v 0.01157900 1.41776500 0.22254600
v 0.01157900 1.41776500 0.22254600
v 0.08603600 1.40495600 0.22538700
v 0.08603600 1.40495600 0.22538700
v 0.08603600 1.40495600 0.22538700
v 0.08077300 1.40696100 0.22494300
v 0.08077300 1.40696100 0.22494300
v 0.08077300 1.40696100 0.22494300
v 0.07479900 1.40891900 0.22450800
v 0.07479900 1.40891900 0.22450800
v 0.07479900 1.40891900 0.22450800
v 0.06807200 1.41079000 0.22409300
v 0.06807200 1.41079000 0.22409300
v 0.06807200 1.41079000 0.22409300
v 0.06051700 1.41253500 0.22370600
v 0.06051700 1.41253500 0.22370600
v 0.06051700 1.41253500 0.22370600
v 0.04324800 1.41539700 0.22307100
v 0.04324800 1.41539700 0.22307100
v 0.04324800 1.41539700 0.22307100
v 0.05226000 1.41407700 0.22336400
v 0.05226000 1.41407700 0.22336400
v 0.05226000 1.41407700 0.22336400
v 0.03353500 1.41646400 0.22283500
v 0.03353500 1.41646400 0.22283500
v 0.03353500 1.41646400 0.22283500
v 0.02313200 1.41725600 0.22265900
v 0.02313200 1.41725600 0.22265900
v 0.02313200 1.41725600 0.22265900
v 0.09384300 1.40136800 0.22618300
v 0.09384300 1.40136800 0.22618300
v 0.09384300 1.40136800 0.22618300
v 0.09716800 1.39955700 0.22658500
v 0.09716800 1.39955700 0.22658500
v 0.09716800 1.39955700 0.22658500
v 0.09006400 1.40320900 0.22577500
v 0.09006400 1.40320900 0.22577500
v 0.09006400 1.40320900 0.22577500
v -0.09777400 1.25456700 0.25874900
v -0.09777400 1.25456700 0.25874900
v -0.09777400 1.25456700 0.25874900
v -0.09351800 1.25158600 0.25941000
v -0.09351800 1.25158600 0.25941000
v -0.09351800 1.25158600 0.25941000
v -0.10091200 1.25697900 0.25821400
v -0.10091200 1.25697900 0.25821400
v -0.10091200 1.25697900 0.25821400
v -0.08912400 1.24879800 0.26002900
v -0.08912400 1.24879800 0.26002900
v -0.08912400 1.24879800 0.26002900
v -0.08460400 1.24618900 0.26060800
v -0.08460400 1.24618900 0.26060800
v -0.08460400 1.24618900 0.26060800
v -0.11690500 1.27397300 0.25444400
v -0.11690500 1.27397300 0.25444400
v -0.11690500 1.27397300 0.25444400
v -0.11690500 1.27397300 0.25444400
v -0.11690500 1.27397300 0.25444400
v -0.11524800 1.27165600 0.25495800
v -0.11524800 1.27165600 0.25495800
v -0.11524800 1.27165600 0.25495800
v -0.11524800 1.27165600 0.25495800
v -0.11524800 1.27165600 0.25495800
v -0.11847200 1.27636100 0.25391400
v -0.11847200 1.27636100 0.25391400
v -0.11847200 1.27636100 0.25391400
v -0.11350400 1.26940700 0.25545700
v -0.11350400 1.26940700 0.25545700
v -0.11350400 1.26940700 0.25545700
v -0.11350400 1.26940700 0.25545700
v -0.11350400 1.26940700 0.25545700
v -0.11994800 1.27882100 0.25336900
v -0.11994800 1.27882100 0.25336900
v -0.11994800 1.27882100 0.25336900
v -0.11994800 1.27882100 0.25336900
v -0.11167300 1.26722600 0.25594100
v -0.11167300 1.26722600 0.25594100
v -0.11167300 1.26722600 0.25594100
v -0.11167300 1.26722600 0.25594100
v -0.11167300 1.26722600 0.25594100
v -0.12132400 1.28134000 0.25281000
v -0.12132400 1.28134000 0.25281000
v -0.12132400 1.28134000 0.25281000
v -0.12132400 1.28134000 0.25281000
v -0.12132400 1.28134000 0.25281000
v -0.10948900 1.26482700 0.25647300
v -0.10948900 1.26482700 0.25647300
v -0.10948900 1.26482700 0.25647300
v -0.10948900 1.26482700 0.25647300
v -0.10948900 1.26482700 0.25647300
v -0.12259100 1.28389600 0.25224300
v -0.12259100 1.28389600 0.25224300
v -0.12259100 1.28389600 0.25224300
v -0.12259100 1.28389600 0.25224300
v -0.12259100 1.28389600 0.25224300
v -0.10679200 1.26212000 0.25707400
v -0.10679200 1.26212000 0.25707400
v -0.10679200 1.26212000 0.25707400
v -0.12375100 1.28648900 0.25166800
v -0.12375100 1.28648900 0.25166800
v -0.12375100 1.28648900 0.25166800
v -0.12375100 1.28648900 0.25166800
v -0.12375100 1.28648900 0.25166800
v -0.10395500 1.25952500 0.25764900
v -0.10395500 1.25952500 0.25764900
v -0.10395500 1.25952500 0.25764900
v -0.10395500 1.25952500 0.25764900
v -0.12480800 1.28911800 0.25108500
v -0.12480800 1.28911800 0.25108500
v -0.12480800 1.28911800 0.25108500
v -0.12480800 1.28911800 0.25108500
v -0.12480800 1.28911800 0.25108500
v -0.12576400 1.29178100 0.25049400
v -0.12576400 1.29178100 0.25049400
v -0.12576400 1.29178100 0.25049400
v -0.12576400 1.29178100 0.25049400
v -0.12662300 1.29447800 0.24989500
v -0.12662300 1.29447800 0.24989500
v -0.12662300 1.29447800 0.24989500
v -0.12738700 1.29720700 0.24929000
v -0.12738700 1.29720700 0.24929000
v -0.12738700 1.29720700 0.24929000
v -0.12738700 1.29720700 0.24929000
v -0.12806300 1.29996700 0.24867800
v -0.12806300 1.29996700 0.24867800
v -0.12806300 1.29996700 0.24867800
v -0.12806300 1.29996700 0.24867800
v -0.12865300 1.30275600 0.24805900
v -0.12865300 1.30275600 0.24805900
v -0.12865300 1.30275600 0.24805900
v -0.12916100 1.30556300 0.24743600
v -0.12916100 1.30556300 0.24743600
v -0.12916100 1.30556300 0.24743600
v -0.12971400 1.30931500 0.24660400
v -0.12971400 1.30931500 0.24660400
v -0.12971400 1.30931500 0.24660400
v -0.13018300 1.31354700 0.24566500
v -0.13018300 1.31354700 0.24566500
v -0.13018300 1.31354700 0.24566500
v -0.13050400 1.31779000 0.24472400
v -0.13050400 1.31779000 0.24472400
v -0.13050400 1.31779000 0.24472400
v -0.13069300 1.32204200 0.24378100
v -0.13069300 1.32204200 0.24378100
v -0.13069300 1.32204200 0.24378100
v -0.13076000 1.32581400 0.24294400
v -0.13076000 1.32581400 0.24294400
v -0.13076000 1.32581400 0.24294400
v 0.09378200 1.25176300 0.25937100
v 0.09378200 1.25176300 0.25937100
v 0.09378200 1.25176300 0.25937100
v 0.09021500 1.24946500 0.25988100
v 0.09021500 1.24946500 0.25988100
v 0.09021500 1.24946500 0.25988100
v 0.08657000 1.24729300 0.26036300
v 0.08657000 1.24729300 0.26036300
v 0.08657000 1.24729300 0.26036300
v 0.09726700 1.25419600 0.25883100
v 0.09726700 1.25419600 0.25883100
v 0.09726700 1.25419600 0.25883100
v 0.10066100 1.25677800 0.25825900
v 0.10066100 1.25677800 0.25825900
v 0.10066100 1.25677800 0.25825900
v 0.10580900 1.26119400 0.25727900
v 0.10580900 1.26119400 0.25727900
v 0.10580900 1.26119400 0.25727900
v 0.10580900 1.26119400 0.25727900
v 0.10395500 1.25952500 0.25764900
v 0.10395500 1.25952500 0.25764900
v 0.10395500 1.25952500 0.25764900
v 0.10395500 1.25952500 0.25764900
v 0.10760600 1.26291100 0.25689800
v 0.10760600 1.26291100 0.25689800
v 0.10760600 1.26291100 0.25689800
v 0.10760600 1.26291100 0.25689800
v 0.10966200 1.26501100 0.25643200
v 0.10966200 1.26501100 0.25643200
v 0.10966200 1.26501100 0.25643200
v 0.10966200 1.26501100 0.25643200
v 0.10966200 1.26501100 0.25643200
v 0.11163300 1.26718100 0.25595100
v 0.11163300 1.26718100 0.25595100
v 0.11163300 1.26718100 0.25595100
v 0.11351700 1.26942400 0.25545300
v 0.11351700 1.26942400 0.25545300
v 0.11351700 1.26942400 0.25545300
v 0.11351700 1.26942400 0.25545300
v 0.11351700 1.26942400 0.25545300
v 0.11531200 1.27174200 0.25493900
v 0.11531200 1.27174200 0.25493900
v 0.11531200 1.27174200 0.25493900
v 0.11531200 1.27174200 0.25493900
v 0.11531200 1.27174200 0.25493900
v 0.11701600 1.27413600 0.25440800
v 0.11701600 1.27413600 0.25440800
v 0.11701600 1.27413600 0.25440800
v 0.11701600 1.27413600 0.25440800
v 0.11862300 1.27660300 0.25386100
v 0.11862300 1.27660300 0.25386100
v 0.11862300 1.27660300 0.25386100
v 0.12012000 1.27912400 0.25330200
v 0.12012000 1.27912400 0.25330200
v 0.12012000 1.27912400 0.25330200
v 0.12012000 1.27912400 0.25330200
v 0.12012000 1.27912400 0.25330200
v 0.12150800 1.28169500 0.25273100
v 0.12150800 1.28169500 0.25273100
v 0.12150800 1.28169500 0.25273100
v 0.12150800 1.28169500 0.25273100
v 0.12150800 1.28169500 0.25273100
v 0.12278700 1.28431500 0.25215000
v 0.12278700 1.28431500 0.25215000
v 0.12278700 1.28431500 0.25215000
v 0.12278700 1.28431500 0.25215000
v 0.12396000 1.28698500 0.25155800
v 0.12396000 1.28698500 0.25155800
v 0.12396000 1.28698500 0.25155800
v 0.12396000 1.28698500 0.25155800
v 0.12502700 1.28970200 0.25095500
v 0.12502700 1.28970200 0.25095500
v 0.12502700 1.28970200 0.25095500
v 0.12502700 1.28970200 0.25095500
v 0.12599200 1.29246600 0.25034200
v 0.12599200 1.29246600 0.25034200
v 0.12599200 1.29246600 0.25034200
v 0.12599200 1.29246600 0.25034200
v 0.12599200 1.29246600 0.25034200
v 0.12685200 1.29525900 0.24972200
v 0.12685200 1.29525900 0.24972200
v 0.12685200 1.29525900 0.24972200
v 0.12685200 1.29525900 0.24972200
v 0.12760800 1.29806500 0.24910000
v 0.12760800 1.29806500 0.24910000
v 0.12760800 1.29806500 0.24910000
v 0.12833500 1.30120000 0.24840400
v 0.12833500 1.30120000 0.24840400
v 0.12833500 1.30120000 0.24840400
v 0.12895200 1.30434800 0.24770600
v 0.12895200 1.30434800 0.24770600
v 0.12895200 1.30434800 0.24770600
v 0.12974600 1.30956400 0.24654900
v 0.12974600 1.30956400 0.24654900
v 0.12974600 1.30956400 0.24654900
v 0.13034100 1.31539500 0.24525500
v 0.13034100 1.31539500 0.24525500
v 0.13034100 1.31539500 0.24525500
v 0.13068400 1.32172800 0.24385000
v 0.13068400 1.32172800 0.24385000
v 0.13068400 1.32172800 0.24385000
v 0.13074400 1.32959300 0.24210600
v 0.13074400 1.32959300 0.24210600
v 0.13074400 1.32959300 0.24210600
v 0.13065200 1.33329700 0.24128400
v 0.13065200 1.33329700 0.24128400
v 0.13065200 1.33329700 0.24128400
v 0.13048000 1.33699100 0.24046400
v 0.13048000 1.33699100 0.24046400
v 0.13048000 1.33699100 0.24046400
v 0.13011200 1.34192200 0.23937100
v 0.13011200 1.34192200 0.23937100
v 0.13011200 1.34192200 0.23937100
v 0.12972100 1.34560400 0.23855400
v 0.12972100 1.34560400 0.23855400
v 0.12972100 1.34560400 0.23855400
v 0.12292800 1.37151500 0.23280600
v 0.12292800 1.37151500 0.23280600
v 0.12292800 1.37151500 0.23280600
v 0.12391200 1.36923300 0.23331200
v 0.12391200 1.36923300 0.23331200
v 0.12391200 1.36923300 0.23331200
v 0.12481400 1.36691500 0.23382600
v 0.12481400 1.36691500 0.23382600
v 0.12481400 1.36691500 0.23382600
v 0.12563900 1.36456000 0.23434900
v 0.12563900 1.36456000 0.23434900
v 0.12563900 1.36456000 0.23434900
v 0.12638800 1.36217300 0.23487800
v 0.12638800 1.36217300 0.23487800
v 0.12638800 1.36217300 0.23487800
v 0.12706300 1.35977300 0.23541100
v 0.12706300 1.35977300 0.23541100
v 0.12706300 1.35977300 0.23541100
v 0.12785200 1.35655900 0.23612400
v 0.12785200 1.35655900 0.23612400
v 0.12785200 1.35655900 0.23612400
v 0.12860300 1.35292400 0.23693000
v 0.12860300 1.35292400 0.23693000
v 0.12860300 1.35292400 0.23693000
v 0.12922200 1.34927200 0.23774000
v 0.12922200 1.34927200 0.23774000
v 0.12922200 1.34927200 0.23774000
v 0.12186100 1.37375800 0.23230800
v 0.12186100 1.37375800 0.23230800
v 0.12186100 1.37375800 0.23230800
v 0.12186100 1.37375800 0.23230800
v 0.12186100 1.37375800 0.23230800
v 0.12070700 1.37596000 0.23182000
v 0.12070700 1.37596000 0.23182000
v 0.12070700 1.37596000 0.23182000
v 0.12070700 1.37596000 0.23182000
v 0.11946300 1.37812100 0.23134000
v 0.11946300 1.37812100 0.23134000
v 0.11946300 1.37812100 0.23134000
v 0.11946300 1.37812100 0.23134000
v 0.11946300 1.37812100 0.23134000
v 0.11812500 1.38023900 0.23087100
v 0.11812500 1.38023900 0.23087100
v 0.11812500 1.38023900 0.23087100
v 0.11812500 1.38023900 0.23087100
v 0.11812500 1.38023900 0.23087100
v 0.11669100 1.38231000 0.23041100
v 0.11669100 1.38231000 0.23041100
v 0.11669100 1.38231000 0.23041100
v 0.11669100 1.38231000 0.23041100
v 0.10444100 1.39476700 0.22764800
v 0.10444100 1.39476700 0.22764800
v 0.10444100 1.39476700 0.22764800
v 0.10444100 1.39476700 0.22764800
v 0.11517200 1.38431300 0.22996700
v 0.11517200 1.38431300 0.22996700
v 0.11517200 1.38431300 0.22996700
v 0.11517200 1.38431300 0.22996700
v 0.11517200 1.38431300 0.22996700
v 0.10641900 1.39320700 0.22799400
v 0.10641900 1.39320700 0.22799400
v 0.10641900 1.39320700 0.22799400
v 0.10641900 1.39320700 0.22799400
v 0.11357600 1.38624100 0.22953900
v 0.11357600 1.38624100 0.22953900
v 0.11357600 1.38624100 0.22953900
v 0.10832200 1.39157600 0.22835600
v 0.10832200 1.39157600 0.22835600
v 0.10832200 1.39157600 0.22835600
v 0.10832200 1.39157600 0.22835600
v 0.10832200 1.39157600 0.22835600
v 0.11190200 1.38809400 0.22912800
v 0.11190200 1.38809400 0.22912800
v 0.11190200 1.38809400 0.22912800
v 0.11190200 1.38809400 0.22912800
v 0.11015000 1.38987200 0.22873400
v 0.11015000 1.38987200 0.22873400
v 0.11015000 1.38987200 0.22873400
v 0.08285300 1.24524100 0.26081800
v 0.08285300 1.24524100 0.26081800
v 0.08285300 1.24524100 0.26081800
v 0.07906900 1.24330000 0.26124900
v 0.07906900 1.24330000 0.26124900
v 0.07906900 1.24330000 0.26124900
v 0.07521900 1.24146600 0.26165600
v 0.07521900 1.24146600 0.26165600
v 0.07521900 1.24146600 0.26165600
v 0.07130700 1.23973400 0.26204000
v 0.07130700 1.23973400 0.26204000
v 0.07130700 1.23973400 0.26204000
v 0.06599600 1.23758200 0.26251700
v 0.06599600 1.23758200 0.26251700
v 0.06599600 1.23758200 0.26251700
v 0.05992900 1.23537800 0.26300600
v 0.05992900 1.23537800 0.26300600
v 0.05992900 1.23537800 0.26300600
v 0.05379100 1.23340500 0.26344400
v 0.05379100 1.23340500 0.26344400
v 0.05379100 1.23340500 0.26344400
v 0.04758500 1.23165200 0.26383300
v 0.04758500 1.23165200 0.26383300
v 0.04758500 1.23165200 0.26383300
v 0.04131400 1.23011400 0.26417400
v 0.04131400 1.23011400 0.26417400
v 0.04131400 1.23011400 0.26417400
v 0.03498100 1.22878700 0.26446800
v 0.03498100 1.22878700 0.26446800
v 0.03498100 1.22878700 0.26446800
v 0.02861900 1.22767700 0.26471400
v 0.02861900 1.22767700 0.26471400
v 0.02861900 1.22767700 0.26471400
v 0.02223200 1.22678400 0.26491200
v 0.02223200 1.22678400 0.26491200
v 0.02223200 1.22678400 0.26491200
v 0.01582200 1.22611000 0.26506200
v 0.01582200 1.22611000 0.26506200
v 0.01582200 1.22611000 0.26506200
v 0.00938800 1.22565700 0.26516300
v 0.00938800 1.22565700 0.26516300
v 0.00938800 1.22565700 0.26516300
v 0.00470100 1.22547000 0.26520400
v 0.00470100 1.22547000 0.26520400
v 0.00470100 1.22547000 0.26520400
v 0.00000000 1.22540700 0.26521800
v 0.00000000 1.22540700 0.26521800
v 0.00000000 1.22540700 0.26521800
v -0.00824200 1.22560000 0.26517500
v -0.00824200 1.22560000 0.26517500
v -0.00824200 1.22560000 0.26517500
v -0.01645100 1.22616600 0.26505000
v -0.01645100 1.22616600 0.26505000
v -0.01645100 1.22616600 0.26505000
v -0.02494400 1.22713700 0.26483400
v -0.02494400 1.22713700 0.26483400
v -0.02494400 1.22713700 0.26483400
v -0.03346900 1.22850300 0.26453100
v -0.03346900 1.22850300 0.26453100
v -0.03346900 1.22850300 0.26453100
v -0.04108500 1.23006200 0.26418500
v -0.04108500 1.23006200 0.26418500
v -0.04108500 1.23006200 0.26418500
v -0.04787100 1.23172700 0.26381600
v -0.04787100 1.23172700 0.26381600
v -0.04787100 1.23172700 0.26381600
v -0.05459100 1.23364800 0.26339000
v -0.05459100 1.23364800 0.26339000
v -0.05459100 1.23364800 0.26339000
v -0.06123900 1.23583200 0.26290500
v -0.06123900 1.23583200 0.26290500
v -0.06123900 1.23583200 0.26290500
v -0.06778300 1.23828200 0.26236200
v -0.06778300 1.23828200 0.26236200
v -0.06778300 1.23828200 0.26236200
v -0.07420400 1.24100400 0.26175800
v -0.07420400 1.24100400 0.26175800
v -0.07420400 1.24100400 0.26175800
v -0.08049600 1.24401500 0.26109000
v -0.08049600 1.24401500 0.26109000
v -0.08049600 1.24401500 0.26109000
v -0.10347300 1.39570000 0.22846500
v -0.10347300 1.39570000 0.22846500
v -0.10347300 1.39570000 0.22846500
v -0.10347300 1.39570000 0.22846500
v -0.10347300 1.39570000 0.22846500
v -0.10238900 1.39647200 0.22829400
v -0.10238900 1.39647200 0.22829400
v -0.10238900 1.39647200 0.22829400
v -0.10238900 1.39647200 0.22829400
v -0.10657300 1.39329600 0.22899800
v -0.10657300 1.39329600 0.22899800
v -0.10657300 1.39329600 0.22899800
v -0.10657300 1.39329600 0.22899800
v -0.10657300 1.39329600 0.22899800
v -0.10454000 1.39490800 0.22864100
v -0.10454000 1.39490800 0.22864100
v -0.10454000 1.39490800 0.22864100
v -0.10454000 1.39490800 0.22864100
v -0.10454000 1.39490800 0.22864100
v -0.10852800 1.39160800 0.22937300
v -0.10852800 1.39160800 0.22937300
v -0.10852800 1.39160800 0.22937300
v -0.10852800 1.39160800 0.22937300
v -0.11217800 1.38801500 0.23017000
v -0.11217800 1.38801500 0.23017000
v -0.11217800 1.38801500 0.23017000
v -0.11039700 1.38984700 0.22976400
v -0.11039700 1.38984700 0.22976400
v -0.11039700 1.38984700 0.22976400
v -0.11039700 1.38984700 0.22976400
v -0.11039700 1.38984700 0.22976400
v -0.11548000 1.38413800 0.23103000
v -0.11548000 1.38413800 0.23103000
v -0.11548000 1.38413800 0.23103000
v -0.11548000 1.38413800 0.23103000
v -0.11548000 1.38413800 0.23103000
v -0.11387300 1.38611200 0.23059200
v -0.11387300 1.38611200 0.23059200
v -0.11387300 1.38611200 0.23059200
v -0.11387300 1.38611200 0.23059200
v -0.11700200 1.38209300 0.23148400
v -0.11700200 1.38209300 0.23148400
v -0.11700200 1.38209300 0.23148400
v -0.11700200 1.38209300 0.23148400
v -0.11978800 1.37779300 0.23243800
v -0.11978800 1.37779300 0.23243800
v -0.11978800 1.37779300 0.23243800
v -0.11978800 1.37779300 0.23243800
v -0.11978800 1.37779300 0.23243800
v -0.11843800 1.37997800 0.23195300
v -0.11843800 1.37997800 0.23195300
v -0.11843800 1.37997800 0.23195300
v -0.11843800 1.37997800 0.23195300
v -0.11843800 1.37997800 0.23195300
v -0.12117300 1.37531200 0.23298800
v -0.12117300 1.37531200 0.23298800
v -0.12117300 1.37531200 0.23298800
v -0.12117300 1.37531200 0.23298800
v -0.12117300 1.37531200 0.23298800
v -0.12256900 1.37251100 0.23360900
v -0.12256900 1.37251100 0.23360900
v -0.12256900 1.37251100 0.23360900
v -0.12382400 1.36966400 0.23424100
v -0.12382400 1.36966400 0.23424100
v -0.12382400 1.36966400 0.23424100
v -0.12494500 1.36677400 0.23488200
v -0.12494500 1.36677400 0.23488200
v -0.12494500 1.36677400 0.23488200
v -0.12594400 1.36383500 0.23553400
v -0.12594400 1.36383500 0.23553400
v -0.12594400 1.36383500 0.23553400
v -0.12594400 1.36383500 0.23553400
v -0.12709400 1.35987200 0.23641300
v -0.12709400 1.35987200 0.23641300
v -0.12709400 1.35987200 0.23641300
v -0.12815300 1.35540000 0.23740500
v -0.12815300 1.35540000 0.23740500
v -0.12815300 1.35540000 0.23740500
v -0.12815300 1.35540000 0.23740500
v -0.12908700 1.35035200 0.23852500
v -0.12908700 1.35035200 0.23852500
v -0.12908700 1.35035200 0.23852500
v -0.12985400 1.34467900 0.23978300
v -0.12985400 1.34467900 0.23978300
v -0.12985400 1.34467900 0.23978300
v -0.12985400 1.34467900 0.23978300
v -0.13045400 1.33764900 0.24134300
v -0.13045400 1.33764900 0.24134300
v -0.13045400 1.33764900 0.24134300
v -0.13074400 1.32980900 0.24308200
v -0.13074400 1.32980900 0.24308200
v -0.13074400 1.32980900 0.24308200
v 0.00000000 1.41814500 0.22348600
v 0.00000000 1.41814500 0.22348600
v 0.00000000 1.41814500 0.22348600
v -0.00662700 1.41809200 0.22349800
v -0.00662700 1.41809200 0.22349800
v -0.00662700 1.41809200 0.22349800
v -0.01324900 1.41793000 0.22353400
v -0.01324900 1.41793000 0.22353400
v -0.01324900 1.41793000 0.22353400
v -0.09960300 1.39831200 0.22788600
v -0.09960300 1.39831200 0.22788600
v -0.09960300 1.39831200 0.22788600
v -0.02473300 1.41737200 0.22365700
v -0.02473300 1.41737200 0.22365700
v -0.02473300 1.41737200 0.22365700
v -0.03542100 1.41649900 0.22385100
v -0.03542100 1.41649900 0.22385100
v -0.03542100 1.41649900 0.22385100
v -0.04418400 1.41549200 0.22407400
v -0.04418400 1.41549200 0.22407400
v -0.04418400 1.41549200 0.22407400
v -0.05072000 1.41454400 0.22428500
v -0.05072000 1.41454400 0.22428500
v -0.05072000 1.41454400 0.22428500
v -0.05722200 1.41340900 0.22453700
v -0.05722200 1.41340900 0.22453700
v -0.05722200 1.41340900 0.22453700
v -0.06368500 1.41206200 0.22483600
v -0.06368500 1.41206200 0.22483600
v -0.06368500 1.41206200 0.22483600
v -0.06939200 1.41066400 0.22514500
v -0.06939200 1.41066400 0.22514500
v -0.06939200 1.41066400 0.22514500
v -0.07783500 1.40817900 0.22569700
v -0.07783500 1.40817900 0.22569700
v -0.07783500 1.40817900 0.22569700
v -0.07783500 1.40817900 0.22569700
v -0.07364000 1.40948200 0.22540800
v -0.07364000 1.40948200 0.22540800
v -0.07364000 1.40948200 0.22540800
v -0.07364000 1.40948200 0.22540800
v -0.08827100 1.40422800 0.22657300
v -0.08827100 1.40422800 0.22657300
v -0.08827100 1.40422800 0.22657300
v -0.08827100 1.40422800 0.22657300
v -0.08559200 1.40535300 0.22632400
v -0.08559200 1.40535300 0.22632400
v -0.08559200 1.40535300 0.22632400
v -0.08559200 1.40535300 0.22632400
v -0.08197100 1.40674600 0.22601500
v -0.08197100 1.40674600 0.22601500
v -0.08197100 1.40674600 0.22601500
v -0.09352400 1.40174900 0.22712300
v -0.09352400 1.40174900 0.22712300
v -0.09352400 1.40174900 0.22712300
v -0.09352400 1.40174900 0.22712300
v -0.09091500 1.40302900 0.22683900
v -0.09091500 1.40302900 0.22683900
v -0.09091500 1.40302900 0.22683900
v -0.09771900 1.39945400 0.22763200
v -0.09771900 1.39945400 0.22763200
v -0.09771900 1.39945400 0.22763200
v -0.09580800 1.40053900 0.22739200
v -0.09580800 1.40053900 0.22739200
v -0.09580800 1.40053900 0.22739200
v -0.09580800 1.40053900 0.22739200
v 0.09980900 1.39818300 0.22791400
v 0.09980900 1.39818300 0.22791400
v 0.09980900 1.39818300 0.22791400
v 0.09980900 1.39818300 0.22791400
v 0.10239000 1.39647200 0.22829400
v 0.10239000 1.39647200 0.22829400
v 0.10239000 1.39647200 0.22829400
v 0.10239000 1.39647200 0.22829400
v 0.01157900 1.41798200 0.22352200
v 0.01157900 1.41798200 0.22352200
v 0.01157900 1.41798200 0.22352200
v 0.08603600 1.40517300 0.22636400
v 0.08603600 1.40517300 0.22636400
v 0.08603600 1.40517300 0.22636400
v 0.08077300 1.40717700 0.22591900
v 0.08077300 1.40717700 0.22591900
v 0.08077300 1.40717700 0.22591900
v 0.07479900 1.40913600 0.22548500
v 0.07479900 1.40913600 0.22548500
v 0.07479900 1.40913600 0.22548500
v 0.06807200 1.41100600 0.22507000
v 0.06807200 1.41100600 0.22507000
v 0.06807200 1.41100600 0.22507000
v 0.06051700 1.41275100 0.22468300
v 0.06051700 1.41275100 0.22468300
v 0.06051700 1.41275100 0.22468300
v 0.06051700 1.41275100 0.22468300
v 0.04324800 1.41561400 0.22404800
v 0.04324800 1.41561400 0.22404800
v 0.04324800 1.41561400 0.22404800
v 0.05226000 1.41429300 0.22434000
v 0.05226000 1.41429300 0.22434000
v 0.05226000 1.41429300 0.22434000
v 0.03353500 1.41668000 0.22381100
v 0.03353500 1.41668000 0.22381100
v 0.03353500 1.41668000 0.22381100
v 0.02313200 1.41747200 0.22363500
v 0.02313200 1.41747200 0.22363500
v 0.02313200 1.41747200 0.22363500
v 0.09384300 1.40158500 0.22716000
v 0.09384300 1.40158500 0.22716000
v 0.09384300 1.40158500 0.22716000
v 0.09384300 1.40158500 0.22716000
v 0.09716800 1.39977400 0.22756100
v 0.09716800 1.39977400 0.22756100
v 0.09716800 1.39977400 0.22756100
v 0.09006400 1.40342500 0.22675100
v 0.09006400 1.40342500 0.22675100
v 0.09006400 1.40342500 0.22675100
v 0.09006400 1.40342500 0.22675100
v -0.09777400 1.25478400 0.25972500
v -0.09777400 1.25478400 0.25972500
v -0.09777400 1.25478400 0.25972500
v -0.09777400 1.25478400 0.25972500
v -0.09351800 1.25180300 0.26038700
v -0.09351800 1.25180300 0.26038700
v -0.09351800 1.25180300 0.26038700
v -0.10091200 1.25719500 0.25919000
v -0.10091200 1.25719500 0.25919000
v -0.10091200 1.25719500 0.25919000
v -0.08912400 1.24901400 0.26100500
v -0.08912400 1.24901400 0.26100500
v -0.08912400 1.24901400 0.26100500
v -0.08460400 1.24640500 0.26158400
v -0.08460400 1.24640500 0.26158400
v -0.08460400 1.24640500 0.26158400
v -0.11690500 1.27419000 0.25542000
v -0.11690500 1.27419000 0.25542000
v -0.11690500 1.27419000 0.25542000
v -0.11690500 1.27419000 0.25542000
v -0.11690500 1.27419000 0.25542000
v -0.11524800 1.27187200 0.25593500
v -0.11524800 1.27187200 0.25593500
v -0.11524800 1.27187200 0.25593500
v -0.11524800 1.27187200 0.25593500
v -0.11847100 1.27657700 0.25489100
v -0.11847100 1.27657700 0.25489100
v -0.11847100 1.27657700 0.25489100
v -0.11350400 1.26962400 0.25643300
v -0.11350400 1.26962400 0.25643300
v -0.11350400 1.26962400 0.25643300
v -0.11350400 1.26962400 0.25643300
v -0.11994800 1.27903800 0.25434500
v -0.11994800 1.27903800 0.25434500
v -0.11994800 1.27903800 0.25434500
v -0.11994800 1.27903800 0.25434500
v -0.11167300 1.26744300 0.25691700
v -0.11167300 1.26744300 0.25691700
v -0.11167300 1.26744300 0.25691700
v -0.11167300 1.26744300 0.25691700
v -0.12132400 1.28155600 0.25378600
v -0.12132400 1.28155600 0.25378600
v -0.12132400 1.28155600 0.25378600
v -0.12132400 1.28155600 0.25378600
v -0.10948900 1.26504400 0.25744900
v -0.10948900 1.26504400 0.25744900
v -0.10948900 1.26504400 0.25744900
v -0.10948900 1.26504400 0.25744900
v -0.12259100 1.28411300 0.25321900
v -0.12259100 1.28411300 0.25321900
v -0.12259100 1.28411300 0.25321900
v -0.12259100 1.28411300 0.25321900
v -0.10679200 1.26233700 0.25805000
v -0.10679200 1.26233700 0.25805000
v -0.10679200 1.26233700 0.25805000
v -0.12375100 1.28670600 0.25264400
v -0.12375100 1.28670600 0.25264400
v -0.12375100 1.28670600 0.25264400
v -0.12375100 1.28670600 0.25264400
v -0.12375100 1.28670600 0.25264400
v -0.10395500 1.25974100 0.25862600
v -0.10395500 1.25974100 0.25862600
v -0.10395500 1.25974100 0.25862600
v -0.10395500 1.25974100 0.25862600
v -0.10395500 1.25974100 0.25862600
v -0.12480800 1.28933400 0.25206100
v -0.12480800 1.28933400 0.25206100
v -0.12480800 1.28933400 0.25206100
v -0.12480800 1.28933400 0.25206100
v -0.12576400 1.29199800 0.25147000
v -0.12576400 1.29199800 0.25147000
v -0.12576400 1.29199800 0.25147000
v -0.12576400 1.29199800 0.25147000
v -0.12662300 1.29469500 0.25087200
v -0.12662300 1.29469500 0.25087200
v -0.12662300 1.29469500 0.25087200
v -0.12662300 1.29469500 0.25087200
v -0.12738800 1.29742400 0.25026600
v -0.12738800 1.29742400 0.25026600
v -0.12738800 1.29742400 0.25026600
v -0.12738800 1.29742400 0.25026600
v -0.12806300 1.30018400 0.24965400
v -0.12806300 1.30018400 0.24965400
v -0.12806300 1.30018400 0.24965400
v -0.12806300 1.30018400 0.24965400
v -0.12865300 1.30297300 0.24903500
v -0.12865300 1.30297300 0.24903500
v -0.12865300 1.30297300 0.24903500
v -0.12865300 1.30297300 0.24903500
v -0.12916100 1.30578000 0.24841300
v -0.12916100 1.30578000 0.24841300
v -0.12916100 1.30578000 0.24841300
v -0.12916100 1.30578000 0.24841300
v -0.12971400 1.30953100 0.24758000
v -0.12971400 1.30953100 0.24758000
v -0.12971400 1.30953100 0.24758000
v -0.13018300 1.31376300 0.24664200
v -0.13018300 1.31376300 0.24664200
v -0.13018300 1.31376300 0.24664200
v -0.13050400 1.31800600 0.24570000
v -0.13050400 1.31800600 0.24570000
v -0.13050400 1.31800600 0.24570000
v -0.13069300 1.32225900 0.24475700
v -0.13069300 1.32225900 0.24475700
v -0.13069300 1.32225900 0.24475700
v -0.13076000 1.32603100 0.24392000
v -0.13076000 1.32603100 0.24392000
v -0.13076000 1.32603100 0.24392000
v 0.09378200 1.25197900 0.26034800
v 0.09378200 1.25197900 0.26034800
v 0.09378200 1.25197900 0.26034800
v 0.09021500 1.24968100 0.26085700
v 0.09021500 1.24968100 0.26085700
v 0.09021500 1.24968100 0.26085700
v 0.08657000 1.24751000 0.26133900
v 0.08657000 1.24751000 0.26133900
v 0.08657000 1.24751000 0.26133900
v 0.09726700 1.25441300 0.25980800
v 0.09726700 1.25441300 0.25980800
v 0.09726700 1.25441300 0.25980800
v 0.10066100 1.25699500 0.25923500
v 0.10066100 1.25699500 0.25923500
v 0.10066100 1.25699500 0.25923500
v 0.10580900 1.26141100 0.25825500
v 0.10580900 1.26141100 0.25825500
v 0.10580900 1.26141100 0.25825500
v 0.10580900 1.26141100 0.25825500
v 0.10395500 1.25974100 0.25862600
v 0.10395500 1.25974100 0.25862600
v 0.10395500 1.25974100 0.25862600
v 0.10395500 1.25974100 0.25862600
v 0.10760600 1.26312800 0.25787400
v 0.10760600 1.26312800 0.25787400
v 0.10760600 1.26312800 0.25787400
v 0.10966200 1.26522700 0.25740900
v 0.10966200 1.26522700 0.25740900
v 0.10966200 1.26522700 0.25740900
v 0.10966200 1.26522700 0.25740900
v 0.11163300 1.26739800 0.25692700
v 0.11163300 1.26739800 0.25692700
v 0.11163300 1.26739800 0.25692700
v 0.11163300 1.26739800 0.25692700
v 0.11351700 1.26964100 0.25643000
v 0.11351700 1.26964100 0.25643000
v 0.11351700 1.26964100 0.25643000
v 0.11351700 1.26964100 0.25643000
v 0.11351700 1.26964100 0.25643000
v 0.11531200 1.27195800 0.25591500
v 0.11531200 1.27195800 0.25591500
v 0.11531200 1.27195800 0.25591500
v 0.11531200 1.27195800 0.25591500
v 0.11531200 1.27195800 0.25591500
v 0.11701600 1.27435300 0.25538400
v 0.11701600 1.27435300 0.25538400
v 0.11701600 1.27435300 0.25538400
v 0.11701600 1.27435300 0.25538400
v 0.11862300 1.27682000 0.25483700
v 0.11862300 1.27682000 0.25483700
v 0.11862300 1.27682000 0.25483700
v 0.12012000 1.27934000 0.25427800
v 0.12012000 1.27934000 0.25427800
v 0.12012000 1.27934000 0.25427800
v 0.12012000 1.27934000 0.25427800
v 0.12012000 1.27934000 0.25427800
v 0.12150800 1.28191100 0.25370800
v 0.12150800 1.28191100 0.25370800
v 0.12150800 1.28191100 0.25370800
v 0.12150800 1.28191100 0.25370800
v 0.12278700 1.28453200 0.25312600
v 0.12278700 1.28453200 0.25312600
v 0.12278700 1.28453200 0.25312600
v 0.12278700 1.28453200 0.25312600
v 0.12396000 1.28720100 0.25253400
v 0.12396000 1.28720100 0.25253400
v 0.12396000 1.28720100 0.25253400
v 0.12396000 1.28720100 0.25253400
v 0.12396000 1.28720100 0.25253400
v 0.12502700 1.28991900 0.25193100
v 0.12502700 1.28991900 0.25193100
v 0.12502700 1.28991900 0.25193100
v 0.12502700 1.28991900 0.25193100
v 0.12599200 1.29268300 0.25131800
v 0.12599200 1.29268300 0.25131800
v 0.12599200 1.29268300 0.25131800
v 0.12685200 1.29547600 0.25069800
v 0.12685200 1.29547600 0.25069800
v 0.12685200 1.29547600 0.25069800
v 0.12685200 1.29547600 0.25069800
v 0.12760800 1.29828100 0.25007600
v 0.12760800 1.29828100 0.25007600
v 0.12760800 1.29828100 0.25007600
v 0.12833500 1.30141600 0.24938100
v 0.12833500 1.30141600 0.24938100
v 0.12833500 1.30141600 0.24938100
v 0.12895200 1.30456500 0.24868200
v 0.12895200 1.30456500 0.24868200
v 0.12895200 1.30456500 0.24868200
v 0.12974600 1.30978000 0.24752500
v 0.12974600 1.30978000 0.24752500
v 0.12974600 1.30978000 0.24752500
v 0.13034100 1.31561100 0.24623200
v 0.13034100 1.31561100 0.24623200
v 0.13034100 1.31561100 0.24623200
v 0.13068400 1.32194500 0.24482700
v 0.13068400 1.32194500 0.24482700
v 0.13068400 1.32194500 0.24482700
v 0.13074400 1.32980900 0.24308200
v 0.13074400 1.32980900 0.24308200
v 0.13074400 1.32980900 0.24308200
v 0.13074400 1.32980900 0.24308200
v 0.13065200 1.33351400 0.24226000
v 0.13065200 1.33351400 0.24226000
v 0.13065200 1.33351400 0.24226000
v 0.13065200 1.33351400 0.24226000
v 0.13048000 1.33720800 0.24144100
v 0.13048000 1.33720800 0.24144100
v 0.13048000 1.33720800 0.24144100
v 0.13011200 1.34213800 0.24034700
v 0.13011200 1.34213800 0.24034700
v 0.13011200 1.34213800 0.24034700
v 0.12972100 1.34582100 0.23953000
v 0.12972100 1.34582100 0.23953000
v 0.12972100 1.34582100 0.23953000
v 0.12292800 1.37173200 0.23378200
v 0.12292800 1.37173200 0.23378200
v 0.12292800 1.37173200 0.23378200
v 0.12391200 1.36945000 0.23428800
v 0.12391200 1.36945000 0.23428800
v 0.12391200 1.36945000 0.23428800
v 0.12481400 1.36713100 0.23480300
v 0.12481400 1.36713100 0.23480300
v 0.12481400 1.36713100 0.23480300
v 0.12563900 1.36477600 0.23532500
v 0.12563900 1.36477600 0.23532500
v 0.12563900 1.36477600 0.23532500
v 0.12638800 1.36239000 0.23585500
v 0.12638800 1.36239000 0.23585500
v 0.12638800 1.36239000 0.23585500
v 0.12638800 1.36239000 0.23585500
v 0.12706300 1.35999000 0.23638700
v 0.12706300 1.35999000 0.23638700
v 0.12706300 1.35999000 0.23638700
v 0.12785200 1.35677500 0.23710000
v 0.12785200 1.35677500 0.23710000
v 0.12785200 1.35677500 0.23710000
v 0.12860300 1.35314100 0.23790600
v 0.12860300 1.35314100 0.23790600
v 0.12860300 1.35314100 0.23790600
v 0.12922200 1.34948800 0.23871600
v 0.12922200 1.34948800 0.23871600
v 0.12922200 1.34948800 0.23871600
v 0.12186100 1.37397400 0.23328500
v 0.12186100 1.37397400 0.23328500
v 0.12186100 1.37397400 0.23328500
v 0.12186100 1.37397400 0.23328500
v 0.12186100 1.37397400 0.23328500
v 0.12070700 1.37617700 0.23279600
v 0.12070700 1.37617700 0.23279600
v 0.12070700 1.37617700 0.23279600
v 0.12070700 1.37617700 0.23279600
v 0.11946300 1.37833800 0.23231700
v 0.11946300 1.37833800 0.23231700
v 0.11946300 1.37833800 0.23231700
v 0.11946300 1.37833800 0.23231700
v 0.11946300 1.37833800 0.23231700
v 0.11812500 1.38045500 0.23184700
v 0.11812500 1.38045500 0.23184700
v 0.11812500 1.38045500 0.23184700
v 0.11812500 1.38045500 0.23184700
v 0.11812500 1.38045500 0.23184700
v 0.11669100 1.38252600 0.23138800
v 0.11669100 1.38252600 0.23138800
v 0.11669100 1.38252600 0.23138800
v 0.11669100 1.38252600 0.23138800
v 0.10444100 1.39498300 0.22862400
v 0.10444100 1.39498300 0.22862400
v 0.10444100 1.39498300 0.22862400
v 0.10444100 1.39498300 0.22862400
v 0.11517200 1.38453000 0.23094300
v 0.11517200 1.38453000 0.23094300
v 0.11517200 1.38453000 0.23094300
v 0.11517200 1.38453000 0.23094300
v 0.11517200 1.38453000 0.23094300
v 0.11517200 1.38453000 0.23094300
v 0.10641900 1.39342400 0.22897000
v 0.10641900 1.39342400 0.22897000
v 0.10641900 1.39342400 0.22897000
v 0.10641900 1.39342400 0.22897000
v 0.10641900 1.39342400 0.22897000
v 0.11357500 1.38645800 0.23051500
v 0.11357500 1.38645800 0.23051500
v 0.11357500 1.38645800 0.23051500
v 0.10832200 1.39179300 0.22933200
v 0.10832200 1.39179300 0.22933200
v 0.10832200 1.39179300 0.22933200
v 0.10832200 1.39179300 0.22933200
v 0.10832200 1.39179300 0.22933200
v 0.10832200 1.39179300 0.22933200
v 0.11190200 1.38831000 0.23010400
v 0.11190200 1.38831000 0.23010400
v 0.11190200 1.38831000 0.23010400
v 0.11190200 1.38831000 0.23010400
v 0.11015000 1.39008800 0.22971000
v 0.11015000 1.39008800 0.22971000
v 0.11015000 1.39008800 0.22971000
v 0.11015000 1.39008800 0.22971000
v 0.08285300 1.24545700 0.26179400
v 0.08285300 1.24545700 0.26179400
v 0.08285300 1.24545700 0.26179400
v 0.07906900 1.24351600 0.26222500
v 0.07906900 1.24351600 0.26222500
v 0.07906900 1.24351600 0.26222500
v 0.07521900 1.24168200 0.26263200
v 0.07521900 1.24168200 0.26263200
v 0.07521900 1.24168200 0.26263200
v 0.07130700 1.23995100 0.26301600
v 0.07130700 1.23995100 0.26301600
v 0.07130700 1.23995100 0.26301600
v 0.06599600 1.23779800 0.26349300
v 0.06599600 1.23779800 0.26349300
v 0.06599600 1.23779800 0.26349300
v 0.05992900 1.23559500 0.26398200
v 0.05992900 1.23559500 0.26398200
v 0.05992900 1.23559500 0.26398200
v 0.05379100 1.23362100 0.26442000
v 0.05379100 1.23362100 0.26442000
v 0.05379100 1.23362100 0.26442000
v 0.04758500 1.23186900 0.26480900
v 0.04758500 1.23186900 0.26480900
v 0.04758500 1.23186900 0.26480900
v 0.04131400 1.23033000 0.26515000
v 0.04131400 1.23033000 0.26515000
v 0.04131400 1.23033000 0.26515000
v 0.03498100 1.22900400 0.26544400
v 0.03498100 1.22900400 0.26544400
v 0.03498100 1.22900400 0.26544400
v 0.02861900 1.22789400 0.26569000
v 0.02861900 1.22789400 0.26569000
v 0.02861900 1.22789400 0.26569000
v 0.02223200 1.22700100 0.26588900
v 0.02223200 1.22700100 0.26588900
v 0.02223200 1.22700100 0.26588900
v 0.01582200 1.22632600 0.26603800
v 0.01582200 1.22632600 0.26603800
v 0.01582200 1.22632600 0.26603800
v 0.00938800 1.22587300 0.26613900
v 0.00938800 1.22587300 0.26613900
v 0.00938800 1.22587300 0.26613900
v 0.00470100 1.22568700 0.26618000
v 0.00470100 1.22568700 0.26618000
v 0.00470100 1.22568700 0.26618000
v 0.00000000 1.22562400 0.26619400
v 0.00000000 1.22562400 0.26619400
v 0.00000000 1.22562400 0.26619400
v -0.00824200 1.22581600 0.26615100
v -0.00824200 1.22581600 0.26615100
v -0.00824200 1.22581600 0.26615100
v -0.01645100 1.22638200 0.26602600
v -0.01645100 1.22638200 0.26602600
v -0.01645100 1.22638200 0.26602600
v -0.02494400 1.22735300 0.26581000
v -0.02494400 1.22735300 0.26581000
v -0.02494400 1.22735300 0.26581000
v -0.03346900 1.22872000 0.26550700
v -0.03346900 1.22872000 0.26550700
v -0.03346900 1.22872000 0.26550700
v -0.04108500 1.23027800 0.26516200
v -0.04108500 1.23027800 0.26516200
v -0.04108500 1.23027800 0.26516200
v -0.04787100 1.23194400 0.26479200
v -0.04787100 1.23194400 0.26479200
v -0.04787100 1.23194400 0.26479200
v -0.05459100 1.23386500 0.26436600
v -0.05459100 1.23386500 0.26436600
v -0.05459100 1.23386500 0.26436600
v -0.06123900 1.23604900 0.26388100
v -0.06123900 1.23604900 0.26388100
v -0.06123900 1.23604900 0.26388100
v -0.06778300 1.23849800 0.26333800
v -0.06778300 1.23849800 0.26333800
v -0.06778300 1.23849800 0.26333800
v -0.07420400 1.24122000 0.26273400
v -0.07420400 1.24122000 0.26273400
v -0.07420400 1.24122000 0.26273400
v -0.08049600 1.24423200 0.26206600
v -0.08049600 1.24423200 0.26206600
v -0.08049600 1.24423200 0.26206600
vn -0.58900000 0.78900000 -0.17500000
vn -0.00000000 -0.21640000 -0.97630000
vn -0.60560000 0.77690000 -0.17230000
vn -0.00000000 -0.21670000 -0.97620000
vn -0.00000000 -0.21650000 -0.97630000
vn -0.00000000 -0.21640000 -0.97630000
vn -0.58900000 0.78900000 -0.17500000
vn -0.56030000 0.80860000 -0.17930000
vn -0.00000000 -0.21650000 -0.97630000
vn -0.00000000 -0.21660000 -0.97630000
vn -0.00000000 -0.21650000 -0.97630000
vn 0.00010000 -0.21660000 -0.97630000
vn -0.63030000 0.75790000 -0.16810000
vn -0.66270000 0.73110000 -0.16230000
vn -0.00010000 -0.21660000 -0.97630000
vn -0.00000000 -0.21670000 -0.97620000
vn -0.00000000 -0.21660000 -0.97630000
vn 0.00010000 -0.21660000 -0.97630000
vn -0.63030000 0.75790000 -0.16810000
vn -0.60560000 0.77690000 -0.17230000
vn -0.66270000 0.73110000 -0.16230000
vn -0.00000000 -0.21650000 -0.97630000
vn 0.00010000 -0.21670000 -0.97620000
vn -0.69440000 0.70250000 -0.15580000
vn -0.72520000 0.67220000 -0.14920000
vn -0.75470000 0.64040000 -0.14220000
vn -0.00000000 -0.21680000 -0.97620000
vn -0.72520000 0.67220000 -0.14920000
vn -0.00000000 -0.21650000 -0.97630000
vn -0.69440000 0.70250000 -0.15580000
vn -0.00000000 -0.21660000 -0.97630000
vn -0.00000000 -0.21680000 -0.97620000
vn -0.78270000 0.60760000 -0.13480000
vn -0.80910000 0.57370000 -0.12730000
vn -0.00000000 -0.21660000 -0.97630000
vn -0.00000000 -0.21650000 -0.97630000
vn 0.00010000 -0.21670000 -0.97620000
vn -0.75470000 0.64040000 -0.14220000
vn -0.00000000 -0.21680000 -0.97620000
vn -0.78270000 0.60760000 -0.13480000
vn -0.00000000 -0.21660000 -0.97630000
vn -0.00010000 -0.21660000 -0.97630000
vn -0.80910000 0.57370000 -0.12730000
vn 0.00010000 -0.21670000 -0.97620000
vn -0.83360000 0.53930000 -0.11960000
vn -0.00000000 -0.21650000 -0.97630000
vn -0.87790000 0.46740000 -0.10370000
vn -0.85630000 0.50430000 -0.11190000
vn -0.00000000 -0.21660000 -0.97630000
vn -0.00000000 -0.21650000 -0.97630000
vn -0.00000000 -0.21670000 -0.97620000
vn 0.00010000 -0.21660000 -0.97630000
vn -0.85630000 0.50430000 -0.11190000
vn -0.83360000 0.53930000 -0.11960000
vn -0.00010000 -0.21660000 -0.97630000
vn -0.00000000 -0.21660000 -0.97630000
vn -0.00000000 -0.21650000 -0.97630000
vn -0.89920000 0.42710000 -0.09480000
vn -0.87790000 0.46740000 -0.10370000
vn -0.00000000 -0.21640000 -0.97630000
vn -0.00000000 -0.21660000 -0.97630000
vn -0.00000000 -0.21650000 -0.97630000
vn -0.91860000 0.38570000 -0.08560000
vn -0.89920000 0.42710000 -0.09480000
vn -0.00000000 -0.21660000 -0.97630000
vn -0.00000000 -0.21650000 -0.97630000
vn -0.91860000 0.38570000 -0.08560000
vn -0.93520000 0.34580000 -0.07670000
vn -0.00000000 -0.21660000 -0.97630000
vn -0.00000000 -0.21660000 -0.97630000
vn -0.00000000 -0.21650000 -0.97630000
vn -0.94900000 0.30760000 -0.06830000
vn -0.93520000 0.34580000 -0.07670000
vn -0.96220000 0.26600000 -0.05900000
vn -0.00000000 -0.21660000 -0.97630000
vn -0.94900000 0.30760000 -0.06830000
vn -0.00000000 -0.21650000 -0.97630000
vn -0.00000000 -0.21660000 -0.97630000
vn -0.96220000 0.26600000 -0.05900000
vn -0.97430000 0.21990000 -0.04880000
vn -0.98410000 0.17360000 -0.03850000
vn -0.97430000 0.21990000 -0.04880000
vn -0.00000000 -0.21660000 -0.97630000
vn -0.00000000 -0.21660000 -0.97630000
vn -0.99140000 0.12780000 -0.02830000
vn -0.98410000 0.17360000 -0.03850000
vn -0.00000000 -0.21660000 -0.97630000
vn -0.99140000 0.12780000 -0.02830000
vn -0.99650000 0.08100000 -0.01800000
vn -0.99930000 0.03520000 -0.00780000
vn -0.99650000 0.08100000 -0.01800000
vn -0.00000000 -0.21660000 -0.97630000
vn -0.99930000 0.03520000 -0.00780000
vn -0.00000000 -0.21660000 -0.97630000
vn -1.00000000 0.00420000 -0.00090000
vn -0.00000000 -0.21660000 -0.97630000
vn -0.00810000 0.97630000 -0.21650000
vn 0.01440000 0.97620000 -0.21660000
vn -0.00810000 0.97630000 -0.21650000
vn -0.00000000 -0.21660000 -0.97630000
vn -0.02500000 0.97600000 -0.21640000
vn -0.04970000 0.97510000 -0.21630000
vn -0.00000000 -0.21660000 -0.97630000
vn -0.02500000 0.97600000 -0.21640000
vn -0.56030000 0.80860000 -0.17930000
vn -0.00000000 -0.21660000 -0.97630000
vn -0.52740000 0.82940000 -0.18400000
vn -0.00000000 -0.21650000 -0.97630000
vn -0.00000000 -0.21660000 -0.97630000
vn -0.08330000 0.97290000 -0.21580000
vn -0.04970000 0.97510000 -0.21630000
vn -0.11690000 0.96960000 -0.21500000
vn -0.00000000 -0.21660000 -0.97630000
vn -0.08330000 0.97290000 -0.21580000
vn -0.14700000 0.96560000 -0.21430000
vn -0.11690000 0.96960000 -0.21500000
vn -0.00000000 -0.21660000 -0.97630000
vn -0.00000000 -0.21660000 -0.97630000
vn -0.17610000 0.96100000 -0.21320000
vn -0.14700000 0.96560000 -0.21430000
vn -0.00000000 -0.21660000 -0.97630000
vn -0.20880000 0.95480000 -0.21160000
vn -0.17610000 0.96100000 -0.21320000
vn -0.24320000 0.94690000 -0.21010000
vn -0.20880000 0.95480000 -0.21160000
vn -0.00000000 -0.21660000 -0.97630000
vn -0.27420000 0.93880000 -0.20820000
vn -0.24320000 0.94690000 -0.21010000
vn -0.00000000 -0.21660000 -0.97630000
vn -0.33440000 0.92010000 -0.20410000
vn -0.00000000 -0.21660000 -0.97630000
vn -0.30320000 0.93030000 -0.20630000
vn -0.00000000 -0.21660000 -0.97630000
vn -0.30320000 0.93030000 -0.20630000
vn -0.27420000 0.93880000 -0.20820000
vn -0.39520000 0.89680000 -0.19890000
vn -0.42130000 0.88540000 -0.19640000
vn -0.00000000 -0.21660000 -0.97630000
vn -0.00000000 -0.21650000 -0.97630000
vn -0.00000000 -0.21660000 -0.97630000
vn -0.36650000 0.90830000 -0.20150000
vn -0.39520000 0.89680000 -0.19890000
vn -0.36650000 0.90830000 -0.20150000
vn -0.33440000 0.92010000 -0.20410000
vn -0.00000000 -0.21660000 -0.97630000
vn -0.44900000 0.87230000 -0.19350000
vn -0.47700000 0.85800000 -0.19040000
vn -0.00000000 -0.21660000 -0.97630000
vn -0.44900000 0.87230000 -0.19350000
vn -0.42130000 0.88540000 -0.19640000
vn -0.00000000 -0.21660000 -0.97630000
vn -0.00000000 -0.21650000 -0.97630000
vn -0.00000000 -0.21650000 -0.97630000
vn -0.52740000 0.82940000 -0.18400000
vn -0.50270000 0.84390000 -0.18720000
vn -0.00000000 -0.21660000 -0.97630000
vn -0.50270000 0.84390000 -0.18720000
vn -0.00000000 -0.21660000 -0.97630000
vn -0.47700000 0.85800000 -0.19040000
vn 0.56180000 0.80770000 -0.17910000
vn -0.00000000 -0.21660000 -0.97630000
vn -0.00000000 -0.21650000 -0.97630000
vn 0.52530000 0.83080000 -0.18430000
vn 0.56180000 0.80770000 -0.17910000
vn 0.59660000 0.78350000 -0.17380000
vn -0.00000000 -0.21650000 -0.97630000
vn 0.00010000 -0.21650000 -0.97630000
vn -0.00000000 -0.21660000 -0.97630000
vn -0.00000000 -0.21660000 -0.97630000
vn 0.04510000 0.97530000 -0.21630000
vn 0.01440000 0.97620000 -0.21660000
vn 0.36340000 0.90950000 -0.20180000
vn 0.40610000 0.89210000 -0.19790000
vn -0.00000000 -0.21660000 -0.97630000
vn 0.36340000 0.90950000 -0.20180000
vn 0.31840000 0.92550000 -0.20520000
vn -0.00000000 -0.21660000 -0.97630000
vn 0.27390000 0.93890000 -0.20830000
vn -0.00000000 -0.21660000 -0.97630000
vn 0.31840000 0.92550000 -0.20520000
vn -0.00000000 -0.21660000 -0.97630000
vn 0.23020000 0.95010000 -0.21070000
vn 0.27390000 0.93890000 -0.20830000
vn -0.00000000 -0.21660000 -0.97630000
vn 0.18790000 0.95890000 -0.21270000
vn 0.23020000 0.95010000 -0.21070000
vn -0.00000000 -0.21660000 -0.97630000
vn 0.14840000 0.96540000 -0.21420000
vn 0.11180000 0.97020000 -0.21520000
vn 0.18790000 0.95890000 -0.21270000
vn 0.14840000 0.96540000 -0.21420000
vn -0.00000000 -0.21660000 -0.97630000
vn -0.00000000 -0.21660000 -0.97630000
vn 0.11180000 0.97020000 -0.21520000
vn 0.07770000 0.97330000 -0.21590000
vn 0.07770000 0.97330000 -0.21590000
vn -0.00000000 -0.21660000 -0.97630000
vn 0.04510000 0.97530000 -0.21630000
vn -0.00000000 -0.21660000 -0.97630000
vn 0.44630000 0.87360000 -0.19390000
vn 0.48730000 0.85250000 -0.18920000
vn 0.48730000 0.85250000 -0.18920000
vn -0.00000000 -0.21660000 -0.97630000
vn 0.52530000 0.83080000 -0.18430000
vn 0.44630000 0.87360000 -0.19390000
vn -0.00000000 -0.21660000 -0.97630000
vn 0.40610000 0.89210000 -0.19790000
vn -0.58290000 -0.79320000 0.17600000
vn -0.61850000 -0.76720000 0.17020000
vn -0.00000000 -0.21660000 -0.97630000
vn -0.58290000 -0.79320000 0.17600000
vn -0.54500000 -0.81850000 0.18170000
vn -0.00000000 -0.21660000 -0.97630000
vn -0.00000000 -0.21660000 -0.97630000
vn -0.65080000 -0.74120000 0.16440000
vn -0.61850000 -0.76720000 0.17020000
vn -0.54500000 -0.81850000 0.18170000
vn -0.50900000 -0.84040000 0.18640000
vn -0.00000000 -0.21660000 -0.97630000
vn -0.00000000 -0.21660000 -0.97630000
vn -0.50900000 -0.84040000 0.18640000
vn -0.47650000 -0.85830000 0.19030000
vn 0.00020000 -0.21650000 -0.97630000
vn -0.00000000 -0.21670000 -0.97620000
vn -0.00040000 -0.21610000 -0.97640000
vn -0.84200000 -0.52660000 0.11690000
vn -0.82010000 -0.55860000 0.12390000
vn -0.79720000 -0.58950000 0.13060000
vn -0.82010000 -0.55860000 0.12390000
vn -0.00000000 -0.21650000 -0.97630000
vn 0.00010000 -0.21660000 -0.97630000
vn -0.00000000 -0.21670000 -0.97620000
vn -0.00040000 -0.21610000 -0.97640000
vn -0.84200000 -0.52660000 0.11690000
vn -0.86280000 -0.49360000 0.10930000
vn 0.00010000 -0.21660000 -0.97630000
vn -0.00000000 -0.21660000 -0.97630000
vn -0.79720000 -0.58950000 0.13060000
vn -0.77350000 -0.61880000 0.13720000
vn -0.00010000 -0.21660000 -0.97630000
vn -0.88230000 -0.45950000 0.10170000
vn -0.00040000 -0.21610000 -0.97640000
vn -0.86280000 -0.49360000 0.10930000
vn 0.00020000 -0.21650000 -0.97630000
vn -0.74740000 -0.64860000 0.14380000
vn -0.00000000 -0.21670000 -0.97620000
vn -0.77350000 -0.61880000 0.13720000
vn -0.00000000 -0.21660000 -0.97630000
vn 0.00010000 -0.21650000 -0.97630000
vn -0.00000000 -0.21650000 -0.97630000
vn -0.90020000 -0.42520000 0.09430000
vn 0.00020000 -0.21650000 -0.97630000
vn -0.00000000 -0.21670000 -0.97620000
vn -0.88230000 -0.45950000 0.10170000
vn -0.00000000 -0.21660000 -0.97630000
vn -0.71690000 -0.68060000 0.15100000
vn -0.74740000 -0.64860000 0.14380000
vn 0.00010000 -0.21650000 -0.97630000
vn -0.00010000 -0.21650000 -0.97630000
vn -0.00000000 -0.21650000 -0.97630000
vn 0.00010000 -0.21660000 -0.97630000
vn -0.91640000 -0.39080000 0.08680000
vn -0.90020000 -0.42520000 0.09430000
vn -0.00010000 -0.21660000 -0.97630000
vn -0.71690000 -0.68060000 0.15100000
vn -0.00000000 -0.21660000 -0.97630000
vn -0.68380000 -0.71240000 0.15800000
vn -0.91640000 -0.39080000 0.08680000
vn -0.93090000 -0.35660000 0.07910000
vn -0.00010000 -0.21660000 -0.97630000
vn -0.00000000 -0.21660000 -0.97630000
vn -0.00000000 -0.21670000 -0.97620000
vn -0.65080000 -0.74120000 0.16440000
vn -0.00000000 -0.21660000 -0.97630000
vn -0.68380000 -0.71240000 0.15800000
vn -0.00000000 -0.21650000 -0.97630000
vn -0.93090000 -0.35660000 0.07910000
vn -0.94370000 -0.32290000 0.07170000
vn 0.00010000 -0.21650000 -0.97630000
vn -0.00000000 -0.21670000 -0.97620000
vn -0.00010000 -0.21650000 -0.97630000
vn -0.00000000 -0.21660000 -0.97630000
vn -0.94370000 -0.32290000 0.07170000
vn -0.95500000 -0.28970000 0.06430000
vn -0.00010000 -0.21650000 -0.97630000
vn -0.95500000 -0.28970000 0.06430000
vn -0.00000000 -0.21660000 -0.97630000
vn -0.96450000 -0.25770000 0.05710000
vn -0.00000000 -0.21660000 -0.97630000
vn -0.97260000 -0.22690000 0.05030000
vn -0.96450000 -0.25770000 0.05710000
vn -0.00000000 -0.21650000 -0.97630000
vn -0.97930000 -0.19760000 0.04380000
vn -0.00000000 -0.21660000 -0.97630000
vn -0.97260000 -0.22690000 0.05030000
vn -0.00000000 -0.21650000 -0.97630000
vn -0.98480000 -0.16970000 0.03760000
vn -0.97930000 -0.19760000 0.04380000
vn -0.00000000 -0.21660000 -0.97630000
vn -0.98480000 -0.16970000 0.03760000
vn -0.98980000 -0.13910000 0.03090000
vn -0.00000000 -0.21660000 -0.97630000
vn -0.98980000 -0.13910000 0.03090000
vn -0.99420000 -0.10490000 0.02330000
vn -0.00000000 -0.21660000 -0.97630000
vn -0.00000000 -0.21660000 -0.97630000
vn -0.99730000 -0.07190000 0.01600000
vn -0.99420000 -0.10490000 0.02330000
vn -0.99730000 -0.07190000 0.01600000
vn -0.99910000 -0.04220000 0.00940000
vn -0.00000000 -0.21660000 -0.97630000
vn -0.99980000 -0.01710000 0.00380000
vn -0.00000000 -0.21660000 -0.97630000
vn -0.99910000 -0.04220000 0.00940000
vn -0.00000000 -0.21660000 -0.97630000
vn -0.99980000 -0.01710000 0.00380000
vn -1.00000000 0.00420000 -0.00090000
vn 0.55070000 -0.81490000 0.18090000
vn 0.58180000 -0.79400000 0.17620000
vn -0.00000000 -0.21660000 -0.97630000
vn 0.52100000 -0.83330000 0.18480000
vn -0.00000000 -0.21660000 -0.97630000
vn 0.55070000 -0.81490000 0.18090000
vn -0.00000000 -0.21660000 -0.97630000
vn 0.49240000 -0.84970000 0.18840000
vn 0.52100000 -0.83330000 0.18480000
vn 0.61470000 -0.77010000 0.17080000
vn -0.00000000 -0.21660000 -0.97630000
vn 0.58180000 -0.79400000 0.17620000
vn 0.61470000 -0.77010000 0.17080000
vn -0.00000000 -0.21660000 -0.97630000
vn 0.64940000 -0.74240000 0.16470000
vn 0.67800000 -0.71770000 0.15910000
vn 0.00010000 -0.21660000 -0.97630000
vn 0.69940000 -0.69770000 0.15480000
vn -0.00000000 -0.21660000 -0.97630000
vn 0.67800000 -0.71770000 0.15910000
vn -0.00000000 -0.21660000 -0.97630000
vn 0.00010000 -0.21660000 -0.97630000
vn 0.64940000 -0.74240000 0.16470000
vn 0.72290000 -0.67450000 0.14960000
vn -0.00000000 -0.21650000 -0.97630000
vn -0.00000000 -0.21660000 -0.97630000
vn 0.69940000 -0.69770000 0.15480000
vn -0.00000000 -0.21660000 -0.97630000
vn 0.72290000 -0.67450000 0.14960000
vn -0.00000000 -0.21650000 -0.97630000
vn 0.74820000 -0.64770000 0.14360000
vn 0.00010000 -0.21660000 -0.97630000
vn 0.74820000 -0.64770000 0.14360000
vn -0.00000000 -0.21660000 -0.97630000
vn 0.77320000 -0.61910000 0.13730000
vn 0.77320000 -0.61910000 0.13730000
vn 0.00010000 -0.21650000 -0.97630000
vn 0.79760000 -0.58880000 0.13070000
vn -0.00000000 -0.21660000 -0.97630000
vn -0.00010000 -0.21650000 -0.97630000
vn -0.00020000 -0.21640000 -0.97630000
vn -0.00000000 -0.21670000 -0.97620000
vn 0.82130000 -0.55700000 0.12360000
vn 0.00010000 -0.21650000 -0.97630000
vn 0.79760000 -0.58880000 0.13070000
vn 0.84390000 -0.52380000 0.11620000
vn -0.00000000 -0.21670000 -0.97620000
vn 0.00030000 -0.21650000 -0.97630000
vn 0.82130000 -0.55700000 0.12360000
vn 0.86500000 -0.48980000 0.10870000
vn 0.00030000 -0.21650000 -0.97630000
vn 0.84390000 -0.52380000 0.11620000
vn -0.00020000 -0.21640000 -0.97630000
vn -0.00000000 -0.21670000 -0.97620000
vn 0.88470000 -0.45500000 0.10080000
vn 0.00030000 -0.21650000 -0.97630000
vn 0.86500000 -0.48980000 0.10870000
vn 0.88470000 -0.45500000 0.10080000
vn -0.00020000 -0.21640000 -0.97630000
vn 0.90270000 -0.42000000 0.09310000
vn -0.00000000 -0.21660000 -0.97630000
vn 0.00010000 -0.21650000 -0.97630000
vn -0.00010000 -0.21650000 -0.97630000
vn -0.00000000 -0.21660000 -0.97630000
vn 0.91910000 -0.38480000 0.08530000
vn 0.90270000 -0.42000000 0.09310000
vn -0.00000000 -0.21660000 -0.97630000
vn -0.00010000 -0.21650000 -0.97630000
vn 0.93360000 -0.34970000 0.07760000
vn 0.91910000 -0.38480000 0.08530000
vn 0.94660000 -0.31490000 0.06980000
vn 0.93360000 -0.34970000 0.07760000
vn 0.00010000 -0.21660000 -0.97630000
vn -0.00000000 -0.21660000 -0.97630000
vn 0.95770000 -0.28090000 0.06230000
vn -0.00000000 -0.21660000 -0.97630000
vn 0.94660000 -0.31490000 0.06980000
vn 0.00010000 -0.21660000 -0.97630000
vn -0.00000000 -0.21650000 -0.97630000
vn 0.00010000 -0.21660000 -0.97630000
vn 0.95770000 -0.28090000 0.06230000
vn -0.00000000 -0.21660000 -0.97630000
vn 0.96710000 -0.24830000 0.05510000
vn 0.96710000 -0.24830000 0.05510000
vn -0.00000000 -0.21660000 -0.97630000
vn 0.97530000 -0.21570000 0.04780000
vn 0.98220000 -0.18330000 0.04070000
vn -0.00000000 -0.21660000 -0.97630000
vn 0.97530000 -0.21570000 0.04780000
vn -0.00000000 -0.21660000 -0.97630000
vn 0.98910000 -0.14360000 0.03190000
vn 0.98220000 -0.18330000 0.04070000
vn 0.98910000 -0.14360000 0.03190000
vn -0.00000000 -0.21660000 -0.97630000
vn 0.99510000 -0.09670000 0.02140000
vn 0.99860000 -0.05160000 0.01140000
vn -0.00000000 -0.21660000 -0.97630000
vn 0.99510000 -0.09670000 0.02140000
vn 1.00000000 -0.00730000 0.00160000
vn -0.00000000 -0.21660000 -0.97630000
vn 0.99860000 -0.05160000 0.01140000
vn -0.00000000 -0.21660000 -0.97630000
vn 1.00000000 -0.00730000 0.00160000
vn 0.99970000 0.02370000 -0.00530000
vn 0.99900000 0.04430000 -0.00980000
vn -0.00000000 -0.21660000 -0.97630000
vn 0.99970000 0.02370000 -0.00530000
vn 0.99900000 0.04430000 -0.00980000
vn 0.99740000 0.07090000 -0.01570000
vn -0.00000000 -0.21660000 -0.97630000
vn -0.00000000 -0.21660000 -0.97630000
vn 0.99470000 0.10060000 -0.02230000
vn 0.99740000 0.07090000 -0.01570000
vn 0.99130000 0.12870000 -0.02860000
vn -0.00000000 -0.21660000 -0.97630000
vn 0.99470000 0.10060000 -0.02230000
vn 0.90690000 0.41130000 -0.09120000
vn -0.00000000 -0.21660000 -0.97630000
vn 0.92170000 0.37860000 -0.08400000
vn 0.93480000 0.34670000 -0.07690000
vn 0.92170000 0.37860000 -0.08400000
vn -0.00000000 -0.21660000 -0.97630000
vn -0.00000000 -0.21660000 -0.97630000
vn 0.93480000 0.34670000 -0.07690000
vn 0.94620000 0.31580000 -0.07010000
vn 0.94620000 0.31580000 -0.07010000
vn -0.00000000 -0.21660000 -0.97630000
vn 0.95600000 0.28630000 -0.06350000
vn 0.96440000 0.25820000 -0.05730000
vn 0.95600000 0.28630000 -0.06350000
vn -0.00000000 -0.21660000 -0.97630000
vn 0.96440000 0.25820000 -0.05730000
vn -0.00000000 -0.21660000 -0.97630000
vn 0.97250000 0.22760000 -0.05050000
vn 0.97250000 0.22760000 -0.05050000
vn 0.98030000 0.19310000 -0.04280000
vn -0.00000000 -0.21660000 -0.97630000
vn -0.00000000 -0.21660000 -0.97630000
vn 0.98660000 0.15940000 -0.03540000
vn 0.98030000 0.19310000 -0.04280000
vn 0.98660000 0.15940000 -0.03540000
vn 0.99130000 0.12870000 -0.02860000
vn -0.00000000 -0.21660000 -0.97630000
vn 0.90690000 0.41130000 -0.09120000
vn 0.89030000 0.44460000 -0.09860000
vn 0.00010000 -0.21650000 -0.97630000
vn -0.00000000 -0.21660000 -0.97630000
vn -0.00000000 -0.21650000 -0.97630000
vn 0.89030000 0.44460000 -0.09860000
vn 0.00010000 -0.21650000 -0.97630000
vn 0.87170000 0.47840000 -0.10610000
vn -0.00000000 -0.21660000 -0.97630000
vn -0.00000000 -0.21650000 -0.97630000
vn -0.00000000 -0.21670000 -0.97620000
vn 0.85110000 0.51250000 -0.11360000
vn 0.87170000 0.47840000 -0.10610000
vn -0.00000000 -0.21660000 -0.97630000
vn -0.00000000 -0.21670000 -0.97620000
vn -0.00000000 -0.21650000 -0.97630000
vn -0.00000000 -0.21640000 -0.97630000
vn 0.85110000 0.51250000 -0.11360000
vn 0.82850000 0.54680000 -0.12120000
vn 0.82850000 0.54680000 -0.12120000
vn 0.80390000 0.58070000 -0.12870000
vn -0.00000000 -0.21640000 -0.97630000
vn 0.00020000 -0.21670000 -0.97620000
vn 0.59660000 0.78350000 -0.17380000
vn 0.62820000 0.75960000 -0.16840000
vn -0.00000000 -0.21660000 -0.97630000
vn -0.00000000 -0.21670000 -0.97620000
vn 0.00020000 -0.21670000 -0.97620000
vn 0.77760000 0.61390000 -0.13590000
vn 0.00040000 -0.21650000 -0.97630000
vn -0.00000000 -0.21640000 -0.97630000
vn 0.80390000 0.58070000 -0.12870000
vn -0.00000000 -0.21650000 -0.97630000
vn -0.00000000 -0.21670000 -0.97620000
vn 0.65970000 0.73370000 -0.16280000
vn 0.62820000 0.75960000 -0.16840000
vn 0.00040000 -0.21650000 -0.97630000
vn 0.77760000 0.61390000 -0.13590000
vn 0.74990000 0.64590000 -0.14310000
vn 0.65970000 0.73370000 -0.16280000
vn -0.00000000 -0.21640000 -0.97630000
vn 0.69070000 0.70600000 -0.15660000
vn 0.00020000 -0.21670000 -0.97620000
vn -0.00000000 -0.21670000 -0.97620000
vn 0.00040000 -0.21650000 -0.97630000
vn -0.00000000 -0.21640000 -0.97630000
vn 0.72080000 0.67670000 -0.15010000
vn 0.74990000 0.64590000 -0.14310000
vn -0.00000000 -0.21640000 -0.97630000
vn 0.72080000 0.67670000 -0.15010000
vn 0.69070000 0.70600000 -0.15660000
vn 0.49240000 -0.84970000 0.18840000
vn 0.46510000 -0.86430000 0.19180000
vn -0.00000000 -0.21660000 -0.97630000
vn 0.46510000 -0.86430000 0.19180000
vn 0.43860000 -0.87730000 0.19470000
vn -0.00000000 -0.21660000 -0.97630000
vn 0.41280000 -0.88920000 0.19720000
vn 0.43860000 -0.87730000 0.19470000
vn -0.00000000 -0.21660000 -0.97630000
vn 0.38350000 -0.90170000 0.20000000
vn 0.41280000 -0.88920000 0.19720000
vn -0.00000000 -0.21660000 -0.97630000
vn -0.00000000 -0.21660000 -0.97630000
vn 0.34870000 -0.91500000 0.20290000
vn 0.38350000 -0.90170000 0.20000000
vn -0.00000000 -0.21660000 -0.97630000
vn 0.31280000 -0.92730000 0.20570000
vn 0.34870000 -0.91500000 0.20290000
vn -0.00000000 -0.21660000 -0.97630000
vn 0.27790000 -0.93780000 0.20810000
vn 0.31280000 -0.92730000 0.20570000
vn 0.24370000 -0.94680000 0.21010000
vn 0.27790000 -0.93780000 0.20810000
vn -0.00000000 -0.21660000 -0.97630000
vn 0.24370000 -0.94680000 0.21010000
vn -0.00000000 -0.21660000 -0.97630000
vn 0.20980000 -0.95450000 0.21180000
vn -0.00000000 -0.21660000 -0.97630000
vn 0.20980000 -0.95450000 0.21180000
vn 0.17590000 -0.96110000 0.21310000
vn 0.14180000 -0.96640000 0.21440000
vn -0.00000000 -0.21660000 -0.97630000
vn 0.17590000 -0.96110000 0.21310000
vn 0.14180000 -0.96640000 0.21440000
vn -0.00000000 -0.21660000 -0.97630000
vn 0.10720000 -0.97060000 0.21530000
vn -0.00000000 -0.21660000 -0.97630000
vn 0.10720000 -0.97060000 0.21530000
vn 0.07190000 -0.97370000 0.21600000
vn 0.07190000 -0.97370000 0.21600000
vn -0.00000000 -0.21660000 -0.97630000
vn 0.04070000 -0.97550000 0.21640000
vn 0.04070000 -0.97550000 0.21640000
vn 0.01370000 -0.97620000 0.21660000
vn -0.00000000 -0.21660000 -0.97630000
vn 0.01370000 -0.97620000 0.21660000
vn -0.00000000 -0.21660000 -0.97630000
vn -0.02390000 -0.97600000 0.21650000
vn -0.02390000 -0.97600000 0.21650000
vn -0.00000000 -0.21660000 -0.97630000
vn -0.07050000 -0.97380000 0.21610000
vn -0.11630000 -0.96970000 0.21500000
vn -0.00000000 -0.21660000 -0.97630000
vn -0.07050000 -0.97380000 0.21610000
vn -0.11630000 -0.96970000 0.21500000
vn -0.16200000 -0.96340000 0.21380000
vn -0.00000000 -0.21660000 -0.97630000
vn -0.16200000 -0.96340000 0.21380000
vn -0.00000000 -0.21660000 -0.97630000
vn -0.20510000 -0.95550000 0.21200000
vn -0.00000000 -0.21660000 -0.97630000
vn -0.20510000 -0.95550000 0.21200000
vn -0.24380000 -0.94680000 0.20990000
vn -0.24380000 -0.94680000 0.20990000
vn -0.28100000 -0.93690000 0.20800000
vn -0.00000000 -0.21660000 -0.97630000
vn -0.31890000 -0.92530000 0.20520000
vn -0.28100000 -0.93690000 0.20800000
vn -0.00000000 -0.21660000 -0.97630000
vn -0.31890000 -0.92530000 0.20520000
vn -0.35800000 -0.91150000 0.20220000
vn -0.00000000 -0.21660000 -0.97630000
vn -0.39830000 -0.89550000 0.19860000
vn -0.35800000 -0.91150000 0.20220000
vn -0.00000000 -0.21660000 -0.97630000
vn -0.00000000 -0.21660000 -0.97630000
vn -0.44020000 -0.87660000 0.19440000
vn -0.39830000 -0.89550000 0.19860000
vn -0.44020000 -0.87660000 0.19440000
vn -0.47650000 -0.85830000 0.19030000
vn -0.00000000 -0.21660000 -0.97630000
vn -0.00000000 0.21650000 0.97630000
vn 0.00010000 0.21660000 0.97630000
vn -0.00010000 0.21660000 0.97630000
vn -0.60560000 0.77690000 -0.17230000
vn -0.58900000 0.78900000 -0.17500000
vn -0.56030000 0.80860000 -0.17930000
vn -0.00000000 0.21660000 0.97630000
vn -0.00010000 0.21660000 0.97630000
vn -0.58900000 0.78900000 -0.17500000
vn -0.63030000 0.75790000 -0.16810000
vn 0.00010000 0.21670000 0.97620000
vn -0.00000000 0.21640000 0.97630000
vn -0.00010000 0.21660000 0.97630000
vn -0.66270000 0.73110000 -0.16230000
vn -0.60560000 0.77690000 -0.17230000
vn -0.00000000 0.21660000 0.97630000
vn -0.63030000 0.75790000 -0.16810000
vn -0.00010000 0.21660000 0.97630000
vn -0.00000000 0.21650000 0.97630000
vn 0.00010000 0.21660000 0.97630000
vn -0.00000000 0.21640000 0.97630000
vn -0.69440000 0.70250000 -0.15580000
vn -0.66270000 0.73110000 -0.16230000
vn -0.00040000 0.21630000 0.97630000
vn -0.72520000 0.67220000 -0.14920000
vn -0.75470000 0.64040000 -0.14220000
vn -0.69440000 0.70250000 -0.15580000
vn -0.00000000 0.21670000 0.97620000
vn -0.00040000 0.21630000 0.97630000
vn -0.72520000 0.67220000 -0.14920000
vn 0.00010000 0.21660000 0.97630000
vn -0.00000000 0.21670000 0.97620000
vn -0.00000000 0.21640000 0.97630000
vn -0.80910000 0.57370000 -0.12730000
vn -0.78270000 0.60760000 -0.13480000
vn 0.00010000 0.21660000 0.97630000
vn -0.00000000 0.21670000 0.97620000
vn -0.75470000 0.64040000 -0.14220000
vn -0.00040000 0.21630000 0.97630000
vn -0.78270000 0.60760000 -0.13480000
vn -0.83360000 0.53930000 -0.11960000
vn -0.00000000 0.21640000 0.97630000
vn 0.00010000 0.21670000 0.97620000
vn -0.80910000 0.57370000 -0.12730000
vn -0.87790000 0.46740000 -0.10370000
vn -0.00000000 0.21650000 0.97630000
vn -0.00000000 0.21660000 0.97630000
vn -0.85630000 0.50430000 -0.11190000
vn 0.00010000 0.21660000 0.97630000
vn 0.00010000 0.21670000 0.97620000
vn -0.00000000 0.21660000 0.97630000
vn -0.00010000 0.21660000 0.97630000
vn -0.85630000 0.50430000 -0.11190000
vn -0.83360000 0.53930000 -0.11960000
vn 0.00010000 0.21660000 0.97630000
vn -0.00000000 0.21660000 0.97630000
vn -0.89920000 0.42710000 -0.09480000
vn -0.00010000 0.21660000 0.97630000
vn -0.87790000 0.46740000 -0.10370000
vn -0.89920000 0.42710000 -0.09480000
vn -0.91860000 0.38570000 -0.08560000
vn -0.00000000 0.21660000 0.97630000
vn -0.93520000 0.34580000 -0.07670000
vn -0.00000000 0.21660000 0.97630000
vn -0.91860000 0.38570000 -0.08560000
vn -0.93520000 0.34580000 -0.07670000
vn -0.00000000 0.21660000 0.97630000
vn -0.94900000 0.30760000 -0.06830000
vn -0.94900000 0.30760000 -0.06830000
vn -0.00000000 0.21660000 0.97630000
vn -0.96220000 0.26600000 -0.05900000
vn -0.00010000 0.21660000 0.97630000
vn -0.97430000 0.21990000 -0.04880000
vn -0.96220000 0.26600000 -0.05900000
vn -0.00000000 0.21660000 0.97630000
vn -0.00000000 0.21650000 0.97630000
vn -0.98410000 0.17360000 -0.03850000
vn -0.97430000 0.21990000 -0.04880000
vn -0.00000000 0.21660000 0.97630000
vn -0.99140000 0.12780000 -0.02830000
vn -0.00000000 0.21660000 0.97630000
vn -0.98410000 0.17360000 -0.03850000
vn -0.00000000 0.21660000 0.97630000
vn -0.99650000 0.08100000 -0.01800000
vn -0.00000000 0.21650000 0.97630000
vn -0.99140000 0.12780000 -0.02830000
vn -0.00000000 0.21660000 0.97630000
vn -0.99930000 0.03520000 -0.00780000
vn -0.99650000 0.08100000 -0.01800000
vn -0.00000000 0.21660000 0.97630000
vn -1.00000000 0.00420000 -0.00090000
vn -0.99930000 0.03520000 -0.00780000
vn 0.01440000 0.97620000 -0.21660000
vn -0.00000000 0.21660000 0.97630000
vn -0.00810000 0.97630000 -0.21650000
vn -0.00000000 0.21660000 0.97630000
vn -0.00810000 0.97630000 -0.21650000
vn -0.02500000 0.97600000 -0.21640000
vn -0.04970000 0.97510000 -0.21630000
vn -0.00000000 0.21660000 0.97630000
vn -0.02500000 0.97600000 -0.21640000
vn -0.52740000 0.82940000 -0.18400000
vn -0.00000000 0.21660000 0.97630000
vn -0.56030000 0.80860000 -0.17930000
vn -0.00000000 0.21660000 0.97630000
vn -0.04970000 0.97510000 -0.21630000
vn -0.08330000 0.97290000 -0.21580000
vn -0.00000000 0.21660000 0.97630000
vn -0.08330000 0.97290000 -0.21580000
vn -0.11690000 0.96960000 -0.21500000
vn -0.00000000 0.21660000 0.97630000
vn -0.14700000 0.96560000 -0.21430000
vn -0.11690000 0.96960000 -0.21500000
vn -0.00000000 0.21660000 0.97630000
vn -0.17610000 0.96100000 -0.21320000
vn -0.14700000 0.96560000 -0.21430000
vn -0.20880000 0.95480000 -0.21160000
vn -0.00000000 0.21660000 0.97630000
vn -0.17610000 0.96100000 -0.21320000
vn -0.20880000 0.95480000 -0.21160000
vn -0.24320000 0.94690000 -0.21010000
vn -0.00000000 0.21660000 0.97630000
vn -0.24320000 0.94690000 -0.21010000
vn -0.27420000 0.93880000 -0.20820000
vn -0.00000000 0.21660000 0.97630000
vn -0.30320000 0.93030000 -0.20630000
vn -0.00000000 0.21650000 0.97630000
vn -0.00000000 0.21660000 0.97630000
vn -0.33440000 0.92010000 -0.20410000
vn -0.00000000 0.21650000 0.97630000
vn -0.00000000 0.21660000 0.97630000
vn -0.30320000 0.93030000 -0.20630000
vn -0.27420000 0.93880000 -0.20820000
vn -0.00000000 0.21660000 0.97630000
vn -0.39520000 0.89680000 -0.19890000
vn -0.00000000 0.21650000 0.97630000
vn -0.42130000 0.88540000 -0.19640000
vn -0.00000000 0.21660000 0.97630000
vn -0.00000000 0.21650000 0.97630000
vn -0.36650000 0.90830000 -0.20150000
vn -0.39520000 0.89680000 -0.19890000
vn -0.00000000 0.21660000 0.97630000
vn -0.33440000 0.92010000 -0.20410000
vn -0.36650000 0.90830000 -0.20150000
vn -0.00000000 0.21660000 0.97630000
vn -0.00010000 0.21660000 0.97630000
vn -0.44900000 0.87230000 -0.19350000
vn -0.47700000 0.85800000 -0.19040000
vn -0.44900000 0.87230000 -0.19350000
vn -0.00000000 0.21660000 0.97630000
vn -0.42130000 0.88540000 -0.19640000
vn -0.52740000 0.82940000 -0.18400000
vn -0.50270000 0.84390000 -0.18720000
vn -0.00000000 0.21660000 0.97630000
vn -0.50270000 0.84390000 -0.18720000
vn -0.00010000 0.21660000 0.97630000
vn -0.00000000 0.21660000 0.97630000
vn -0.47700000 0.85800000 -0.19040000
vn -0.00000000 0.21660000 0.97630000
vn -0.00000000 0.21650000 0.97630000
vn 0.56180000 0.80770000 -0.17910000
vn 0.52530000 0.83080000 -0.18430000
vn -0.00000000 0.21650000 0.97630000
vn 0.59660000 0.78350000 -0.17380000
vn 0.56180000 0.80770000 -0.17910000
vn -0.00010000 0.21660000 0.97630000
vn 0.04510000 0.97530000 -0.21630000
vn 0.01440000 0.97620000 -0.21660000
vn -0.00000000 0.21660000 0.97630000
vn 0.40610000 0.89210000 -0.19790000
vn 0.36340000 0.90950000 -0.20180000
vn -0.00000000 0.21660000 0.97630000
vn 0.31840000 0.92550000 -0.20520000
vn -0.00000000 0.21660000 0.97630000
vn 0.36340000 0.90950000 -0.20180000
vn -0.00000000 0.21660000 0.97630000
vn 0.31840000 0.92550000 -0.20520000
vn 0.27390000 0.93890000 -0.20830000
vn 0.27390000 0.93890000 -0.20830000
vn -0.00000000 0.21660000 0.97630000
vn 0.23020000 0.95010000 -0.21070000
vn 0.18790000 0.95890000 -0.21270000
vn -0.00000000 0.21650000 0.97630000
vn 0.23020000 0.95010000 -0.21070000
vn -0.00000000 0.21660000 0.97630000
vn 0.14840000 0.96540000 -0.21420000
vn -0.00000000 0.21660000 0.97630000
vn 0.11180000 0.97020000 -0.21520000
vn -0.00000000 0.21660000 0.97630000
vn 0.14840000 0.96540000 -0.21420000
vn 0.18790000 0.95890000 -0.21270000
vn -0.00000000 0.21660000 0.97630000
vn 0.11180000 0.97020000 -0.21520000
vn 0.07770000 0.97330000 -0.21590000
vn 0.04510000 0.97530000 -0.21630000
vn -0.00000000 0.21660000 0.97630000
vn 0.07770000 0.97330000 -0.21590000
vn 0.44630000 0.87360000 -0.19390000
vn -0.00000000 0.21660000 0.97630000
vn -0.00000000 0.21650000 0.97630000
vn 0.48730000 0.85250000 -0.18920000
vn 0.52530000 0.83080000 -0.18430000
vn 0.48730000 0.85250000 -0.18920000
vn -0.00000000 0.21660000 0.97630000
vn -0.00000000 0.21650000 0.97630000
vn -0.00000000 0.21660000 0.97630000
vn 0.40610000 0.89210000 -0.19790000
vn 0.44630000 0.87360000 -0.19390000
vn -0.58290000 -0.79320000 0.17600000
vn -0.61850000 -0.76720000 0.17020000
vn -0.00000000 0.21660000 0.97630000
vn -0.00000000 0.21650000 0.97630000
vn -0.58290000 -0.79320000 0.17600000
vn -0.54500000 -0.81850000 0.18170000
vn -0.00000000 0.21660000 0.97630000
vn -0.65080000 -0.74120000 0.16440000
vn -0.00000000 0.21660000 0.97630000
vn -0.61850000 -0.76720000 0.17020000
vn -0.50900000 -0.84040000 0.18640000
vn -0.00000000 0.21660000 0.97630000
vn -0.54500000 -0.81850000 0.18170000
vn -0.00000000 0.21660000 0.97630000
vn -0.50900000 -0.84040000 0.18640000
vn -0.47650000 -0.85830000 0.19030000
vn -0.00010000 0.21660000 0.97630000
vn -0.84200000 -0.52660000 0.11690000
vn -0.82010000 -0.55860000 0.12390000
vn -0.00000000 0.21640000 0.97630000
vn -0.00000000 0.21610000 0.97640000
vn -0.82010000 -0.55860000 0.12390000
vn -0.00010000 0.21660000 0.97630000
vn -0.79720000 -0.58950000 0.13060000
vn 0.00010000 0.21660000 0.97630000
vn -0.84200000 -0.52660000 0.11690000
vn -0.86280000 -0.49360000 0.10930000
vn -0.00000000 0.21610000 0.97640000
vn -0.79720000 -0.58950000 0.13060000
vn -0.00010000 0.21650000 0.97630000
vn -0.77350000 -0.61880000 0.13720000
vn 0.00010000 0.21660000 0.97630000
vn -0.00000000 0.21610000 0.97640000
vn -0.86280000 -0.49360000 0.10930000
vn -0.88230000 -0.45950000 0.10170000
vn -0.00000000 0.21640000 0.97630000
vn -0.74740000 -0.64860000 0.14380000
vn -0.77350000 -0.61880000 0.13720000
vn -0.00000000 0.21660000 0.97630000
vn -0.00010000 0.21650000 0.97630000
vn -0.90020000 -0.42520000 0.09430000
vn -0.00010000 0.21660000 0.97630000
vn -0.00000000 0.21640000 0.97630000
vn -0.88230000 -0.45950000 0.10170000
vn -0.00000000 0.21660000 0.97630000
vn -0.74740000 -0.64860000 0.14380000
vn -0.71690000 -0.68060000 0.15100000
vn 0.00010000 0.21660000 0.97630000
vn -0.00010000 0.21660000 0.97630000
vn -0.91640000 -0.39080000 0.08680000
vn 0.00010000 0.21660000 0.97630000
vn -0.90020000 -0.42520000 0.09430000
vn -0.71690000 -0.68060000 0.15100000
vn -0.68380000 -0.71240000 0.15800000
vn -0.00000000 0.21660000 0.97630000
vn -0.00000000 0.21660000 0.97630000
vn -0.93090000 -0.35660000 0.07910000
vn -0.00010000 0.21650000 0.97630000
vn 0.00010000 0.21660000 0.97630000
vn -0.91640000 -0.39080000 0.08680000
vn -0.00010000 0.21660000 0.97630000
vn -0.65080000 -0.74120000 0.16440000
vn -0.00000000 0.21650000 0.97630000
vn -0.68380000 -0.71240000 0.15800000
vn -0.00000000 0.21660000 0.97630000
vn 0.00010000 0.21660000 0.97630000
vn -0.94370000 -0.32290000 0.07170000
vn -0.00000000 0.21660000 0.97630000
vn -0.93090000 -0.35660000 0.07910000
vn -0.95500000 -0.28970000 0.06430000
vn -0.94370000 -0.32290000 0.07170000
vn -0.00000000 0.21660000 0.97630000
vn 0.00010000 0.21660000 0.97630000
vn -0.95500000 -0.28970000 0.06430000
vn -0.00000000 0.21660000 0.97630000
vn -0.96450000 -0.25770000 0.05710000
vn -0.00010000 0.21660000 0.97630000
vn -0.97260000 -0.22690000 0.05030000
vn -0.96450000 -0.25770000 0.05710000
vn -0.00010000 0.21660000 0.97630000
vn -0.00000000 0.21650000 0.97630000
vn -0.00000000 0.21650000 0.97630000
vn -0.97260000 -0.22690000 0.05030000
vn -0.97930000 -0.19760000 0.04380000
vn -0.00000000 0.21660000 0.97630000
vn -0.97930000 -0.19760000 0.04380000
vn -0.98480000 -0.16970000 0.03760000
vn -0.00000000 0.21650000 0.97630000
vn -0.00000000 0.21660000 0.97630000
vn -0.98480000 -0.16970000 0.03760000
vn -0.00000000 0.21660000 0.97630000
vn -0.00000000 0.21650000 0.97630000
vn -0.98980000 -0.13910000 0.03090000
vn -0.00000000 0.21660000 0.97630000
vn -0.99420000 -0.10490000 0.02330000
vn -0.98980000 -0.13910000 0.03090000
vn -0.99420000 -0.10490000 0.02330000
vn -0.99730000 -0.07190000 0.01600000
vn -0.00000000 0.21660000 0.97630000
vn -0.99730000 -0.07190000 0.01600000
vn -0.00000000 0.21660000 0.97630000
vn -0.99910000 -0.04220000 0.00940000
vn -0.00000000 0.21660000 0.97630000
vn -0.99910000 -0.04220000 0.00940000
vn -0.99980000 -0.01710000 0.00380000
vn -0.99980000 -0.01710000 0.00380000
vn -1.00000000 0.00420000 -0.00090000
vn -0.00000000 0.21660000 0.97630000
vn -0.00000000 0.21660000 0.97630000
vn 0.58180000 -0.79400000 0.17620000
vn 0.55070000 -0.81490000 0.18090000
vn 0.55070000 -0.81490000 0.18090000
vn -0.00000000 0.21660000 0.97630000
vn 0.52100000 -0.83330000 0.18480000
vn 0.52100000 -0.83330000 0.18480000
vn 0.49240000 -0.84970000 0.18840000
vn -0.00000000 0.21660000 0.97630000
vn 0.61470000 -0.77010000 0.17080000
vn 0.58180000 -0.79400000 0.17620000
vn -0.00000000 0.21660000 0.97630000
vn 0.61470000 -0.77010000 0.17080000
vn -0.00000000 0.21660000 0.97630000
vn 0.64940000 -0.74240000 0.16470000
vn 0.67800000 -0.71770000 0.15910000
vn 0.69940000 -0.69770000 0.15480000
vn -0.00010000 0.21660000 0.97630000
vn -0.00000000 0.21660000 0.97630000
vn 0.64940000 -0.74240000 0.16470000
vn -0.00010000 0.21660000 0.97630000
vn -0.00000000 0.21660000 0.97630000
vn 0.67800000 -0.71770000 0.15910000
vn -0.00000000 0.21660000 0.97630000
vn 0.72290000 -0.67450000 0.14960000
vn 0.69940000 -0.69770000 0.15480000
vn 0.74820000 -0.64770000 0.14360000
vn 0.72290000 -0.67450000 0.14960000
vn -0.00000000 0.21660000 0.97630000
vn -0.00000000 0.21650000 0.97630000
vn -0.00000000 0.21650000 0.97630000
vn -0.00000000 0.21660000 0.97630000
vn 0.77320000 -0.61910000 0.13730000
vn 0.74820000 -0.64770000 0.14360000
vn 0.77320000 -0.61910000 0.13730000
vn 0.00010000 0.21660000 0.97630000
vn -0.00010000 0.21660000 0.97630000
vn -0.00000000 0.21650000 0.97630000
vn 0.79760000 -0.58880000 0.13070000
vn 0.00020000 0.21630000 0.97630000
vn 0.82130000 -0.55700000 0.12360000
vn -0.00010000 0.21660000 0.97630000
vn -0.00000000 0.21660000 0.97630000
vn 0.79760000 -0.58880000 0.13070000
vn 0.84390000 -0.52380000 0.11620000
vn -0.00000000 0.21680000 0.97620000
vn 0.00020000 0.21630000 0.97630000
vn 0.82130000 -0.55700000 0.12360000
vn 0.84390000 -0.52380000 0.11620000
vn 0.86500000 -0.48980000 0.10870000
vn -0.00000000 0.21680000 0.97620000
vn -0.00000000 0.21660000 0.97630000
vn 0.88470000 -0.45500000 0.10080000
vn -0.00000000 0.21680000 0.97620000
vn 0.00020000 0.21630000 0.97630000
vn 0.86500000 -0.48980000 0.10870000
vn 0.90270000 -0.42000000 0.09310000
vn 0.88470000 -0.45500000 0.10080000
vn -0.00000000 0.21660000 0.97630000
vn -0.00010000 0.21660000 0.97630000
vn -0.00010000 0.21660000 0.97630000
vn 0.00010000 0.21660000 0.97630000
vn 0.90270000 -0.42000000 0.09310000
vn 0.91910000 -0.38480000 0.08530000
vn -0.00000000 0.21650000 0.97630000
vn 0.93360000 -0.34970000 0.07760000
vn 0.91910000 -0.38480000 0.08530000
vn -0.00000000 0.21660000 0.97630000
vn 0.00010000 0.21660000 0.97630000
vn 0.94660000 -0.31490000 0.06980000
vn -0.00000000 0.21650000 0.97630000
vn 0.93360000 -0.34970000 0.07760000
vn -0.00000000 0.21660000 0.97630000
vn 0.95770000 -0.28090000 0.06230000
vn 0.94660000 -0.31490000 0.06980000
vn -0.00000000 0.21660000 0.97630000
vn 0.96710000 -0.24830000 0.05510000
vn -0.00000000 0.21660000 0.97630000
vn 0.95770000 -0.28090000 0.06230000
vn -0.00010000 0.21660000 0.97630000
vn 0.96710000 -0.24830000 0.05510000
vn -0.00000000 0.21660000 0.97630000
vn 0.97530000 -0.21570000 0.04780000
vn 0.98220000 -0.18330000 0.04070000
vn -0.00000000 0.21660000 0.97630000
vn 0.97530000 -0.21570000 0.04780000
vn 0.98910000 -0.14360000 0.03190000
vn 0.98220000 -0.18330000 0.04070000
vn -0.00000000 0.21660000 0.97630000
vn 0.98910000 -0.14360000 0.03190000
vn 0.99510000 -0.09670000 0.02140000
vn -0.00000000 0.21660000 0.97630000
vn 0.99860000 -0.05160000 0.01140000
vn -0.00000000 0.21660000 0.97630000
vn 0.99510000 -0.09670000 0.02140000
vn -0.00000000 0.21660000 0.97630000
vn 1.00000000 -0.00730000 0.00160000
vn 0.99860000 -0.05160000 0.01140000
vn -0.00000000 0.21650000 0.97630000
vn 0.99970000 0.02370000 -0.00530000
vn -0.00000000 0.21660000 0.97630000
vn 1.00000000 -0.00730000 0.00160000
vn 0.99970000 0.02370000 -0.00530000
vn -0.00000000 0.21650000 0.97630000
vn 0.99900000 0.04430000 -0.00980000
vn -0.00000000 0.21660000 0.97630000
vn 0.99900000 0.04430000 -0.00980000
vn -0.00000000 0.21660000 0.97630000
vn 0.99740000 0.07090000 -0.01570000
vn 0.99470000 0.10060000 -0.02230000
vn 0.99740000 0.07090000 -0.01570000
vn -0.00000000 0.21660000 0.97630000
vn -0.00000000 0.21660000 0.97630000
vn 0.99130000 0.12870000 -0.02860000
vn 0.99470000 0.10060000 -0.02230000
vn -0.00000000 0.21660000 0.97630000
vn 0.92170000 0.37860000 -0.08400000
vn 0.90690000 0.41130000 -0.09120000
vn -0.00000000 0.21660000 0.97630000
vn 0.93480000 0.34670000 -0.07690000
vn 0.92170000 0.37860000 -0.08400000
vn 0.94620000 0.31580000 -0.07010000
vn -0.00000000 0.21660000 0.97630000
vn 0.93480000 0.34670000 -0.07690000
vn 0.94620000 0.31580000 -0.07010000
vn -0.00000000 0.21660000 0.97630000
vn 0.95600000 0.28630000 -0.06350000
vn -0.00000000 0.21650000 0.97630000
vn -0.00000000 0.21660000 0.97630000
vn 0.95600000 0.28630000 -0.06350000
vn 0.96440000 0.25820000 -0.05730000
vn 0.96440000 0.25820000 -0.05730000
vn 0.97250000 0.22760000 -0.05050000
vn -0.00000000 0.21660000 0.97630000
vn -0.00000000 0.21660000 0.97630000
vn 0.97250000 0.22760000 -0.05050000
vn 0.98030000 0.19310000 -0.04280000
vn 0.98030000 0.19310000 -0.04280000
vn -0.00000000 0.21660000 0.97630000
vn 0.98660000 0.15940000 -0.03540000
vn 0.99130000 0.12870000 -0.02860000
vn -0.00000000 0.21660000 0.97630000
vn 0.98660000 0.15940000 -0.03540000
vn 0.90690000 0.41130000 -0.09120000
vn 0.89030000 0.44460000 -0.09860000
vn -0.00010000 0.21660000 0.97630000
vn -0.00000000 0.21660000 0.97630000
vn -0.00000000 0.21650000 0.97630000
vn -0.00000000 0.21650000 0.97630000
vn 0.87170000 0.47840000 -0.10610000
vn -0.00010000 0.21660000 0.97630000
vn 0.89030000 0.44460000 -0.09860000
vn 0.87170000 0.47840000 -0.10610000
vn 0.85110000 0.51250000 -0.11360000
vn -0.00000000 0.21650000 0.97630000
vn -0.00000000 0.21670000 0.97620000
vn 0.00010000 0.21660000 0.97630000
vn -0.00010000 0.21660000 0.97630000
vn 0.82850000 0.54680000 -0.12120000
vn -0.00000000 0.21640000 0.97630000
vn 0.00010000 0.21660000 0.97630000
vn 0.85110000 0.51250000 -0.11360000
vn -0.00000000 0.21640000 0.97630000
vn 0.82850000 0.54680000 -0.12120000
vn 0.00020000 0.21670000 0.97620000
vn 0.80390000 0.58070000 -0.12870000
vn -0.00000000 0.21670000 0.97620000
vn -0.00000000 0.21650000 0.97630000
vn 0.59660000 0.78350000 -0.17380000
vn 0.62820000 0.75960000 -0.16840000
vn 0.00020000 0.21670000 0.97620000
vn -0.00040000 0.21620000 0.97640000
vn -0.00040000 0.21660000 0.97630000
vn -0.00000000 0.21670000 0.97620000
vn 0.77760000 0.61390000 -0.13590000
vn 0.80390000 0.58070000 -0.12870000
vn -0.00000000 0.21670000 0.97620000
vn 0.00010000 0.21660000 0.97630000
vn 0.65970000 0.73370000 -0.16280000
vn -0.00010000 0.21660000 0.97630000
vn 0.62820000 0.75960000 -0.16840000
vn 0.74990000 0.64590000 -0.14310000
vn -0.00040000 0.21620000 0.97640000
vn 0.77760000 0.61390000 -0.13590000
vn -0.00010000 0.21660000 0.97630000
vn -0.00000000 0.21640000 0.97630000
vn -0.00000000 0.21670000 0.97620000
vn 0.69070000 0.70600000 -0.15660000
vn 0.65970000 0.73370000 -0.16280000
vn 0.00020000 0.21670000 0.97620000
vn 0.72080000 0.67670000 -0.15010000
vn -0.00040000 0.21660000 0.97630000
vn -0.00040000 0.21620000 0.97640000
vn 0.74990000 0.64590000 -0.14310000
vn -0.00040000 0.21660000 0.97630000
vn -0.00000000 0.21670000 0.97620000
vn 0.72080000 0.67670000 -0.15010000
vn 0.69070000 0.70600000 -0.15660000
vn -0.00000000 0.21660000 0.97630000
vn 0.46510000 -0.86430000 0.19180000
vn 0.49240000 -0.84970000 0.18840000
vn -0.00000000 0.21660000 0.97630000
vn 0.43860000 -0.87730000 0.19470000
vn 0.46510000 -0.86430000 0.19180000
vn 0.41280000 -0.88920000 0.19720000
vn -0.00000000 0.21660000 0.97630000
vn 0.43860000 -0.87730000 0.19470000
vn 0.41280000 -0.88920000 0.19720000
vn -0.00000000 0.21660000 0.97630000
vn 0.38350000 -0.90170000 0.20000000
vn 0.34870000 -0.91500000 0.20290000
vn -0.00000000 0.21660000 0.97630000
vn 0.38350000 -0.90170000 0.20000000
vn 0.34870000 -0.91500000 0.20290000
vn 0.31280000 -0.92730000 0.20570000
vn -0.00000000 0.21660000 0.97630000
vn 0.27790000 -0.93780000 0.20810000
vn -0.00000000 0.21660000 0.97630000
vn 0.31280000 -0.92730000 0.20570000
vn -0.00000000 0.21660000 0.97630000
vn 0.27790000 -0.93780000 0.20810000
vn 0.24370000 -0.94680000 0.21010000
vn -0.00000000 0.21660000 0.97630000
vn 0.20980000 -0.95450000 0.21180000
vn 0.24370000 -0.94680000 0.21010000
vn -0.00000000 0.21660000 0.97630000
vn 0.20980000 -0.95450000 0.21180000
vn 0.17590000 -0.96110000 0.21310000
vn 0.17590000 -0.96110000 0.21310000
vn -0.00000000 0.21660000 0.97630000
vn 0.14180000 -0.96640000 0.21440000
vn 0.14180000 -0.96640000 0.21440000
vn -0.00000000 0.21660000 0.97630000
vn 0.10720000 -0.97060000 0.21530000
vn -0.00000000 0.21660000 0.97630000
vn 0.10720000 -0.97060000 0.21530000
vn 0.07190000 -0.97370000 0.21600000
vn 0.04070000 -0.97550000 0.21640000
vn 0.07190000 -0.97370000 0.21600000
vn -0.00000000 0.21660000 0.97630000
vn -0.00000000 0.21660000 0.97630000
vn 0.01370000 -0.97620000 0.21660000
vn 0.04070000 -0.97550000 0.21640000
vn -0.00000000 0.21660000 0.97630000
vn 0.01370000 -0.97620000 0.21660000
vn -0.02390000 -0.97600000 0.21650000
vn -0.00000000 0.21660000 0.97630000
vn -0.07050000 -0.97380000 0.21610000
vn -0.02390000 -0.97600000 0.21650000
vn -0.00000000 0.21660000 0.97630000
vn -0.11630000 -0.96970000 0.21500000
vn -0.07050000 -0.97380000 0.21610000
vn -0.16200000 -0.96340000 0.21380000
vn -0.11630000 -0.96970000 0.21500000
vn -0.00000000 0.21660000 0.97630000
vn -0.16200000 -0.96340000 0.21380000
vn -0.20510000 -0.95550000 0.21200000
vn -0.00000000 0.21660000 0.97630000
vn -0.20510000 -0.95550000 0.21200000
vn -0.00000000 0.21660000 0.97630000
vn -0.24380000 -0.94680000 0.20990000
vn -0.28100000 -0.93690000 0.20800000
vn -0.00000000 0.21660000 0.97630000
vn -0.24380000 -0.94680000 0.20990000
vn -0.00000000 0.21660000 0.97630000
vn -0.31890000 -0.92530000 0.20520000
vn -0.28100000 -0.93690000 0.20800000
vn -0.35800000 -0.91150000 0.20220000
vn -0.00000000 0.21660000 0.97630000
vn -0.31890000 -0.92530000 0.20520000
vn -0.35800000 -0.91150000 0.20220000
vn -0.00000000 0.21660000 0.97630000
vn -0.39830000 -0.89550000 0.19860000
vn -0.00000000 0.21660000 0.97630000
vn -0.39830000 -0.89550000 0.19860000
vn -0.44020000 -0.87660000 0.19440000
vn -0.44020000 -0.87660000 0.19440000
vn -0.47650000 -0.85830000 0.19030000
vn -0.00000000 0.21660000 0.97630000
vt 0.16766400 0.81373400
vt 0.16766400 0.81373400
vt 0.16766400 0.81373400
vt 0.16766400 0.81373400
vt 0.16766400 0.81373400
vt 0.17114400 0.81703500
vt 0.17114400 0.81703500
vt 0.17114400 0.81703500
vt 0.17114400 0.81703500
vt 0.17114400 0.81703500
vt 0.15771100 0.80344100
vt 0.15771100 0.80344100
vt 0.15771100 0.80344100
vt 0.15771100 0.80344100
vt 0.15771100 0.80344100
vt 0.16423900 0.81034100
vt 0.16423900 0.81034100
vt 0.16423900 0.81034100
vt 0.16423900 0.81034100
vt 0.16423900 0.81034100
vt 0.15143400 0.79621100
vt 0.15143400 0.79621100
vt 0.15143400 0.79621100
vt 0.15143400 0.79621100
vt 0.13971500 0.78083200
vt 0.13971500 0.78083200
vt 0.13971500 0.78083200
vt 0.14543400 0.78867400
vt 0.14543400 0.78867400
vt 0.14543400 0.78867400
vt 0.14543400 0.78867400
vt 0.14543400 0.78867400
vt 0.12911200 0.76423400
vt 0.12911200 0.76423400
vt 0.12911200 0.76423400
vt 0.12911200 0.76423400
vt 0.12911200 0.76423400
vt 0.13427500 0.77268500
vt 0.13427500 0.77268500
vt 0.13427500 0.77268500
vt 0.13427500 0.77268500
vt 0.12422700 0.75547900
vt 0.12422700 0.75547900
vt 0.12422700 0.75547900
vt 0.12422700 0.75547900
vt 0.12422700 0.75547900
vt 0.11528200 0.73706900
vt 0.11528200 0.73706900
vt 0.11528200 0.73706900
vt 0.11528200 0.73706900
vt 0.11528200 0.73706900
vt 0.11961700 0.74642300
vt 0.11961700 0.74642300
vt 0.11961700 0.74642300
vt 0.11961700 0.74642300
vt 0.11961700 0.74642300
vt 0.11083300 0.72645000
vt 0.11083300 0.72645000
vt 0.11083300 0.72645000
vt 0.11083300 0.72645000
vt 0.11083300 0.72645000
vt 0.10635000 0.71445700
vt 0.10635000 0.71445700
vt 0.10635000 0.71445700
vt 0.10635000 0.71445700
vt 0.10232300 0.70226900
vt 0.10232300 0.70226900
vt 0.10232300 0.70226900
vt 0.10232300 0.70226900
vt 0.09872400 0.68989800
vt 0.09872400 0.68989800
vt 0.09872400 0.68989800
vt 0.09872400 0.68989800
vt 0.09551500 0.67731600
vt 0.09551500 0.67731600
vt 0.09551500 0.67731600
vt 0.09182400 0.66035100
vt 0.09182400 0.66035100
vt 0.09182400 0.66035100
vt 0.09182400 0.66035100
vt 0.08842300 0.64120200
vt 0.08842300 0.64120200
vt 0.08842300 0.64120200
vt 0.08542400 0.61959200
vt 0.08542400 0.61959200
vt 0.08542400 0.61959200
vt 0.08296200 0.59530800
vt 0.08296200 0.59530800
vt 0.08296200 0.59530800
vt 0.08103500 0.56520800
vt 0.08103500 0.56520800
vt 0.08103500 0.56520800
vt 0.08010400 0.53164700
vt 0.08010400 0.53164700
vt 0.08010400 0.53164700
vt 0.49989900 0.90981900
vt 0.49989900 0.90981900
vt 0.49989900 0.90981900
vt 0.47862000 0.90959400
vt 0.47862000 0.90959400
vt 0.47862000 0.90959400
vt 0.45735900 0.90890200
vt 0.45735900 0.90890200
vt 0.45735900 0.90890200
vt 0.18009000 0.82491300
vt 0.18009000 0.82491300
vt 0.18009000 0.82491300
vt 0.18009000 0.82491300
vt 0.42048600 0.90651100
vt 0.42048600 0.90651100
vt 0.42048600 0.90651100
vt 0.38617000 0.90277600
vt 0.38617000 0.90277600
vt 0.38617000 0.90277600
vt 0.35803300 0.89846400
vt 0.35803300 0.89846400
vt 0.35803300 0.89846400
vt 0.33704600 0.89440400
vt 0.33704600 0.89440400
vt 0.33704600 0.89440400
vt 0.31616900 0.88954400
vt 0.31616900 0.88954400
vt 0.31616900 0.88954400
vt 0.29541900 0.88377700
vt 0.29541900 0.88377700
vt 0.29541900 0.88377700
vt 0.27709400 0.87779500
vt 0.27709400 0.87779500
vt 0.27709400 0.87779500
vt 0.24998400 0.86715400
vt 0.24998400 0.86715400
vt 0.24998400 0.86715400
vt 0.26345300 0.87273200
vt 0.26345300 0.87273200
vt 0.26345300 0.87273200
vt 0.21647700 0.85024200
vt 0.21647700 0.85024200
vt 0.21647700 0.85024200
vt 0.21647700 0.85024200
vt 0.22507900 0.85505900
vt 0.22507900 0.85505900
vt 0.22507900 0.85505900
vt 0.23670600 0.86102100
vt 0.23670600 0.86102100
vt 0.23670600 0.86102100
vt 0.19961100 0.83962900
vt 0.19961100 0.83962900
vt 0.19961100 0.83962900
vt 0.20798500 0.84510700
vt 0.20798500 0.84510700
vt 0.20798500 0.84510700
vt 0.20798500 0.84510700
vt 0.18614100 0.82980200
vt 0.18614100 0.82980200
vt 0.18614100 0.82980200
vt 0.18614100 0.82980200
vt 0.19227500 0.83444600
vt 0.19227500 0.83444600
vt 0.19227500 0.83444600
vt 0.82036600 0.82436000
vt 0.82036600 0.82436000
vt 0.82036600 0.82436000
vt 0.82036600 0.82436000
vt 0.82865300 0.81703500
vt 0.82865300 0.81703500
vt 0.82865300 0.81703500
vt 0.82865300 0.81703500
vt 0.82865300 0.81703500
vt 0.53707700 0.90912200
vt 0.53707700 0.90912200
vt 0.53707700 0.90912200
vt 0.77614300 0.85428600
vt 0.77614300 0.85428600
vt 0.77614300 0.85428600
vt 0.75924600 0.86286600
vt 0.75924600 0.86286600
vt 0.75924600 0.86286600
vt 0.74006300 0.87125200
vt 0.74006300 0.87125200
vt 0.74006300 0.87125200
vt 0.71846600 0.87925900
vt 0.71846600 0.87925900
vt 0.71846600 0.87925900
vt 0.69420600 0.88672900
vt 0.69420600 0.88672900
vt 0.69420600 0.88672900
vt 0.63876100 0.89898300
vt 0.63876100 0.89898300
vt 0.63876100 0.89898300
vt 0.66769500 0.89333200
vt 0.66769500 0.89333200
vt 0.66769500 0.89333200
vt 0.60757200 0.90355100
vt 0.60757200 0.90355100
vt 0.60757200 0.90355100
vt 0.57417200 0.90694000
vt 0.57417200 0.90694000
vt 0.57417200 0.90694000
vt 0.80121300 0.83892600
vt 0.80121300 0.83892600
vt 0.80121300 0.83892600
vt 0.81188700 0.83117200
vt 0.81188700 0.83117200
vt 0.81188700 0.83117200
vt 0.78907800 0.84680300
vt 0.78907800 0.84680300
vt 0.78907800 0.84680300
vt 0.18596200 0.21045700
vt 0.18596200 0.21045700
vt 0.18596200 0.21045700
vt 0.19963000 0.19769300
vt 0.19963000 0.19769300
vt 0.19963000 0.19769300
vt 0.17588700 0.22078000
vt 0.17588700 0.22078000
vt 0.17588700 0.22078000
vt 0.21373800 0.18575700
vt 0.21373800 0.18575700
vt 0.21373800 0.18575700
vt 0.22825200 0.17458700
vt 0.22825200 0.17458700
vt 0.22825200 0.17458700
vt 0.12453900 0.29353600
vt 0.12453900 0.29353600
vt 0.12453900 0.29353600
vt 0.12453900 0.29353600
vt 0.12453900 0.29353600
vt 0.12985700 0.28361300
vt 0.12985700 0.28361300
vt 0.12985700 0.28361300
vt 0.12985700 0.28361300
vt 0.12985700 0.28361300
vt 0.11950700 0.30375900
vt 0.11950700 0.30375900
vt 0.11950700 0.30375900
vt 0.13545800 0.27398700
vt 0.13545800 0.27398700
vt 0.13545800 0.27398700
vt 0.13545800 0.27398700
vt 0.13545800 0.27398700
vt 0.11476800 0.31428900
vt 0.11476800 0.31428900
vt 0.11476800 0.31428900
vt 0.11476800 0.31428900
vt 0.14133600 0.26465100
vt 0.14133600 0.26465100
vt 0.14133600 0.26465100
vt 0.14133600 0.26465100
vt 0.14133600 0.26465100
vt 0.11034900 0.32507200
vt 0.11034900 0.32507200
vt 0.11034900 0.32507200
vt 0.11034900 0.32507200
vt 0.11034900 0.32507200
vt 0.14835000 0.25438000
vt 0.14835000 0.25438000
vt 0.14835000 0.25438000
vt 0.14835000 0.25438000
vt 0.14835000 0.25438000
vt 0.10628100 0.33601600
vt 0.10628100 0.33601600
vt 0.10628100 0.33601600
vt 0.10628100 0.33601600
vt 0.10628100 0.33601600
vt 0.15700800 0.24279200
vt 0.15700800 0.24279200
vt 0.15700800 0.24279200
vt 0.10255500 0.34711700
vt 0.10255500 0.34711700
vt 0.10255500 0.34711700
vt 0.10255500 0.34711700
vt 0.10255500 0.34711700
vt 0.16611800 0.23167900
vt 0.16611800 0.23167900
vt 0.16611800 0.23167900
vt 0.16611800 0.23167900
vt 0.09916200 0.35837100
vt 0.09916200 0.35837100
vt 0.09916200 0.35837100
vt 0.09916200 0.35837100
vt 0.09916200 0.35837100
vt 0.09609300 0.36977300
vt 0.09609300 0.36977300
vt 0.09609300 0.36977300
vt 0.09609300 0.36977300
vt 0.09333600 0.38131800
vt 0.09333600 0.38131800
vt 0.09333600 0.38131800
vt 0.09088000 0.39300200
vt 0.09088000 0.39300200
vt 0.09088000 0.39300200
vt 0.09088000 0.39300200
vt 0.08871100 0.40481700
vt 0.08871100 0.40481700
vt 0.08871100 0.40481700
vt 0.08871100 0.40481700
vt 0.08681600 0.41675700
vt 0.08681600 0.41675700
vt 0.08681600 0.41675700
vt 0.08518600 0.42877400
vt 0.08518600 0.42877400
vt 0.08518600 0.42877400
vt 0.08340900 0.44483600
vt 0.08340900 0.44483600
vt 0.08340900 0.44483600
vt 0.08190500 0.46295300
vt 0.08190500 0.46295300
vt 0.08190500 0.46295300
vt 0.08087400 0.48111700
vt 0.08087400 0.48111700
vt 0.08087400 0.48111700
vt 0.08026800 0.49932300
vt 0.08026800 0.49932300
vt 0.08026800 0.49932300
vt 0.08005100 0.51547100
vt 0.08005100 0.51547100
vt 0.08005100 0.51547100
vt 0.80101500 0.19845000
vt 0.80101500 0.19845000
vt 0.80101500 0.19845000
vt 0.78956100 0.18861300
vt 0.78956100 0.18861300
vt 0.78956100 0.18861300
vt 0.77786000 0.17931700
vt 0.77786000 0.17931700
vt 0.77786000 0.17931700
vt 0.81220400 0.20886800
vt 0.81220400 0.20886800
vt 0.81220400 0.20886800
vt 0.82310200 0.21992300
vt 0.82310200 0.21992300
vt 0.82310200 0.21992300
vt 0.83963200 0.23882600
vt 0.83963200 0.23882600
vt 0.83963200 0.23882600
vt 0.83963200 0.23882600
vt 0.83367900 0.23167900
vt 0.83367900 0.23167900
vt 0.83367900 0.23167900
vt 0.83367900 0.23167900
vt 0.84540300 0.24617800
vt 0.84540300 0.24617800
vt 0.84540300 0.24617800
vt 0.84540300 0.24617800
vt 0.85200200 0.25516600
vt 0.85200200 0.25516600
vt 0.85200200 0.25516600
vt 0.85200200 0.25516600
vt 0.85200200 0.25516600
vt 0.85833000 0.26445700
vt 0.85833000 0.26445700
vt 0.85833000 0.26445700
vt 0.86438000 0.27406000
vt 0.86438000 0.27406000
vt 0.86438000 0.27406000
vt 0.86438000 0.27406000
vt 0.86438000 0.27406000
vt 0.87014500 0.28398200
vt 0.87014500 0.28398200
vt 0.87014500 0.28398200
vt 0.87014500 0.28398200
vt 0.87014500 0.28398200
vt 0.87561500 0.29423200
vt 0.87561500 0.29423200
vt 0.87561500 0.29423200
vt 0.87561500 0.29423200
vt 0.88077600 0.30479500
vt 0.88077600 0.30479500
vt 0.88077600 0.30479500
vt 0.88558300 0.31558600
vt 0.88558300 0.31558600
vt 0.88558300 0.31558600
vt 0.88558300 0.31558600
vt 0.88558300 0.31558600
vt 0.89003800 0.32659200
vt 0.89003800 0.32659200
vt 0.89003800 0.32659200
vt 0.89003800 0.32659200
vt 0.89003800 0.32659200
vt 0.89414500 0.33781000
vt 0.89414500 0.33781000
vt 0.89414500 0.33781000
vt 0.89414500 0.33781000
vt 0.89791000 0.34923800
vt 0.89791000 0.34923800
vt 0.89791000 0.34923800
vt 0.89791000 0.34923800
vt 0.90133900 0.36087100
vt 0.90133900 0.36087100
vt 0.90133900 0.36087100
vt 0.90133900 0.36087100
vt 0.90443700 0.37270600
vt 0.90443700 0.37270600
vt 0.90443700 0.37270600
vt 0.90443700 0.37270600
vt 0.90443700 0.37270600
vt 0.90719600 0.38466300
vt 0.90719600 0.38466300
vt 0.90719600 0.38466300
vt 0.90719600 0.38466300
vt 0.90962300 0.39667400
vt 0.90962300 0.39667400
vt 0.90962300 0.39667400
vt 0.91195900 0.41009500
vt 0.91195900 0.41009500
vt 0.91195900 0.41009500
vt 0.91393900 0.42357300
vt 0.91393900 0.42357300
vt 0.91393900 0.42357300
vt 0.91649100 0.44590200
vt 0.91649100 0.44590200
vt 0.91649100 0.44590200
vt 0.91839900 0.47086400
vt 0.91839900 0.47086400
vt 0.91839900 0.47086400
vt 0.91950100 0.49798000
vt 0.91950100 0.49798000
vt 0.91950100 0.49798000
vt 0.91969300 0.53164700
vt 0.91969300 0.53164700
vt 0.91969300 0.53164700
vt 0.91939700 0.54750700
vt 0.91939700 0.54750700
vt 0.91939700 0.54750700
vt 0.91884600 0.56332200
vt 0.91884600 0.56332200
vt 0.91884600 0.56332200
vt 0.91766500 0.58442800
vt 0.91766500 0.58442800
vt 0.91766500 0.58442800
vt 0.91641000 0.60019300
vt 0.91641000 0.60019300
vt 0.91641000 0.60019300
vt 0.89459900 0.71112100
vt 0.89459900 0.71112100
vt 0.89459900 0.71112100
vt 0.89775600 0.70135300
vt 0.89775600 0.70135300
vt 0.89775600 0.70135300
vt 0.90065400 0.69142500
vt 0.90065400 0.69142500
vt 0.90065400 0.69142500
vt 0.90330100 0.68134400
vt 0.90330100 0.68134400
vt 0.90330100 0.68134400
vt 0.90570900 0.67112700
vt 0.90570900 0.67112700
vt 0.90570900 0.67112700
vt 0.90787400 0.66085200
vt 0.90787400 0.66085200
vt 0.90787400 0.66085200
vt 0.91040800 0.64709000
vt 0.91040800 0.64709000
vt 0.91040800 0.64709000
vt 0.91281900 0.63153100
vt 0.91281900 0.63153100
vt 0.91281900 0.63153100
vt 0.91480600 0.61589600
vt 0.91480600 0.61589600
vt 0.91480600 0.61589600
vt 0.89117300 0.72072200
vt 0.89117300 0.72072200
vt 0.89117300 0.72072200
vt 0.89117300 0.72072200
vt 0.89117300 0.72072200
vt 0.88746700 0.73015200
vt 0.88746700 0.73015200
vt 0.88746700 0.73015200
vt 0.88746700 0.73015200
vt 0.88347200 0.73940200
vt 0.88347200 0.73940200
vt 0.88347200 0.73940200
vt 0.88347200 0.73940200
vt 0.88347200 0.73940200
vt 0.87917600 0.74846700
vt 0.87917600 0.74846700
vt 0.87917600 0.74846700
vt 0.87917600 0.74846700
vt 0.87917600 0.74846700
vt 0.87457200 0.75733400
vt 0.87457200 0.75733400
vt 0.87457200 0.75733400
vt 0.87457200 0.75733400
vt 0.83523900 0.81066200
vt 0.83523900 0.81066200
vt 0.83523900 0.81066200
vt 0.83523900 0.81066200
vt 0.86969600 0.76591200
vt 0.86969600 0.76591200
vt 0.86969600 0.76591200
vt 0.86969600 0.76591200
vt 0.86969600 0.76591200
vt 0.84159000 0.80398700
vt 0.84159000 0.80398700
vt 0.84159000 0.80398700
vt 0.84159000 0.80398700
vt 0.86457000 0.77416400
vt 0.86457000 0.77416400
vt 0.86457000 0.77416400
vt 0.84770200 0.79700300
vt 0.84770200 0.79700300
vt 0.84770200 0.79700300
vt 0.84770200 0.79700300
vt 0.84770200 0.79700300
vt 0.85919400 0.78209500
vt 0.85919400 0.78209500
vt 0.85919400 0.78209500
vt 0.85919400 0.78209500
vt 0.85357100 0.78970700
vt 0.85357100 0.78970700
vt 0.85357100 0.78970700
vt 0.76592600 0.17053000
vt 0.76592600 0.17053000
vt 0.76592600 0.17053000
vt 0.75377400 0.16222000
vt 0.75377400 0.16222000
vt 0.75377400 0.16222000
vt 0.74141400 0.15436700
vt 0.74141400 0.15436700
vt 0.74141400 0.15436700
vt 0.72885100 0.14695600
vt 0.72885100 0.14695600
vt 0.72885100 0.14695600
vt 0.71179800 0.13774000
vt 0.71179800 0.13774000
vt 0.71179800 0.13774000
vt 0.69231900 0.12830600
vt 0.69231900 0.12830600
vt 0.69231900 0.12830600
vt 0.67261200 0.11985800
vt 0.67261200 0.11985800
vt 0.67261200 0.11985800
vt 0.65268700 0.11235400
vt 0.65268700 0.11235400
vt 0.65268700 0.11235400
vt 0.63254900 0.10576800
vt 0.63254900 0.10576800
vt 0.63254900 0.10576800
vt 0.61221600 0.10008900
vt 0.61221600 0.10008900
vt 0.61221600 0.10008900
vt 0.59178800 0.09533900
vt 0.59178800 0.09533900
vt 0.59178800 0.09533900
vt 0.57128300 0.09151500
vt 0.57128300 0.09151500
vt 0.57128300 0.09151500
vt 0.55070100 0.08862700
vt 0.55070100 0.08862700
vt 0.55070100 0.08862700
vt 0.53004100 0.08668700
vt 0.53004100 0.08668700
vt 0.53004100 0.08668700
vt 0.51499200 0.08588900
vt 0.51499200 0.08588900
vt 0.51499200 0.08588900
vt 0.49989900 0.08562000
vt 0.49989900 0.08562000
vt 0.49989900 0.08562000
vt 0.47343500 0.08644400
vt 0.47343500 0.08644400
vt 0.47343500 0.08644400
vt 0.44707600 0.08886800
vt 0.44707600 0.08886800
vt 0.44707600 0.08886800
vt 0.41980800 0.09302400
vt 0.41980800 0.09302400
vt 0.41980800 0.09302400
vt 0.39243700 0.09887400
vt 0.39243700 0.09887400
vt 0.39243700 0.09887400
vt 0.36798100 0.10554700
vt 0.36798100 0.10554700
vt 0.36798100 0.10554700
vt 0.34619300 0.11267700
vt 0.34619300 0.11267700
vt 0.34619300 0.11267700
vt 0.32461800 0.12090000
vt 0.32461800 0.12090000
vt 0.32461800 0.12090000
vt 0.30327000 0.13025000
vt 0.30327000 0.13025000
vt 0.30327000 0.13025000
vt 0.28226000 0.14073800
vt 0.28226000 0.14073800
vt 0.28226000 0.14073800
vt 0.26164200 0.15239100
vt 0.26164200 0.15239100
vt 0.26164200 0.15239100
vt 0.24144000 0.16528300
vt 0.24144000 0.16528300
vt 0.24144000 0.16528300
vt 0.16766400 0.81373400
vt 0.16766400 0.81373400
vt 0.16766400 0.81373400
vt 0.16766400 0.81373400
vt 0.16766400 0.81373400
vt 0.17114400 0.81703500
vt 0.17114400 0.81703500
vt 0.17114400 0.81703500
vt 0.17114400 0.81703500
vt 0.15771100 0.80344100
vt 0.15771100 0.80344100
vt 0.15771100 0.80344100
vt 0.15771100 0.80344100
vt 0.15771100 0.80344100
vt 0.16423900 0.81034100
vt 0.16423900 0.81034100
vt 0.16423900 0.81034100
vt 0.16423900 0.81034100
vt 0.16423900 0.81034100
vt 0.15143400 0.79621100
vt 0.15143400 0.79621100
vt 0.15143400 0.79621100
vt 0.15143400 0.79621100
vt 0.13971500 0.78083200
vt 0.13971500 0.78083200
vt 0.13971500 0.78083200
vt 0.14543400 0.78867400
vt 0.14543400 0.78867400
vt 0.14543400 0.78867400
vt 0.14543400 0.78867400
vt 0.14543400 0.78867400
vt 0.12911200 0.76423400
vt 0.12911200 0.76423400
vt 0.12911200 0.76423400
vt 0.12911200 0.76423400
vt 0.12911200 0.76423400
vt 0.13427500 0.77268500
vt 0.13427500 0.77268500
vt 0.13427500 0.77268500
vt 0.13427500 0.77268500
vt 0.12422700 0.75547900
vt 0.12422700 0.75547900
vt 0.12422700 0.75547900
vt 0.12422700 0.75547900
vt 0.11528200 0.73706900
vt 0.11528200 0.73706900
vt 0.11528200 0.73706900
vt 0.11528200 0.73706900
vt 0.11528200 0.73706900
vt 0.11961700 0.74642300
vt 0.11961700 0.74642300
vt 0.11961700 0.74642300
vt 0.11961700 0.74642300
vt 0.11961700 0.74642300
vt 0.11083300 0.72645000
vt 0.11083300 0.72645000
vt 0.11083300 0.72645000
vt 0.11083300 0.72645000
vt 0.11083300 0.72645000
vt 0.10635000 0.71445700
vt 0.10635000 0.71445700
vt 0.10635000 0.71445700
vt 0.10232300 0.70226900
vt 0.10232300 0.70226900
vt 0.10232300 0.70226900
vt 0.09872400 0.68989800
vt 0.09872400 0.68989800
vt 0.09872400 0.68989800
vt 0.09551500 0.67731600
vt 0.09551500 0.67731600
vt 0.09551500 0.67731600
vt 0.09551500 0.67731600
vt 0.09182400 0.66035100
vt 0.09182400 0.66035100
vt 0.09182400 0.66035100
vt 0.08842300 0.64120200
vt 0.08842300 0.64120200
vt 0.08842300 0.64120200
vt 0.08842300 0.64120200
vt 0.08542400 0.61959200
vt 0.08542400 0.61959200
vt 0.08542400 0.61959200
vt 0.08296200 0.59530800
vt 0.08296200 0.59530800
vt 0.08296200 0.59530800
vt 0.08296200 0.59530800
vt 0.08103500 0.56520800
vt 0.08103500 0.56520800
vt 0.08103500 0.56520800
vt 0.08010400 0.53164700
vt 0.08010400 0.53164700
vt 0.08010400 0.53164700
vt 0.49989900 0.90981900
vt 0.49989900 0.90981900
vt 0.49989900 0.90981900
vt 0.47862000 0.90959400
vt 0.47862000 0.90959400
vt 0.47862000 0.90959400
vt 0.45735900 0.90890200
vt 0.45735900 0.90890200
vt 0.45735900 0.90890200
vt 0.18009000 0.82491300
vt 0.18009000 0.82491300
vt 0.18009000 0.82491300
vt 0.42048600 0.90651100
vt 0.42048600 0.90651100
vt 0.42048600 0.90651100
vt 0.38617000 0.90277600
vt 0.38617000 0.90277600
vt 0.38617000 0.90277600
vt 0.35803300 0.89846400
vt 0.35803300 0.89846400
vt 0.35803300 0.89846400
vt 0.33704600 0.89440400
vt 0.33704600 0.89440400
vt 0.33704600 0.89440400
vt 0.31616900 0.88954400
vt 0.31616900 0.88954400
vt 0.31616900 0.88954400
vt 0.29541900 0.88377700
vt 0.29541900 0.88377700
vt 0.29541900 0.88377700
vt 0.27709400 0.87779500
vt 0.27709400 0.87779500
vt 0.27709400 0.87779500
vt 0.24998400 0.86715400
vt 0.24998400 0.86715400
vt 0.24998400 0.86715400
vt 0.24998400 0.86715400
vt 0.26345300 0.87273200
vt 0.26345300 0.87273200
vt 0.26345300 0.87273200
vt 0.26345300 0.87273200
vt 0.21647700 0.85024200
vt 0.21647700 0.85024200
vt 0.21647700 0.85024200
vt 0.21647700 0.85024200
vt 0.22507900 0.85505900
vt 0.22507900 0.85505900
vt 0.22507900 0.85505900
vt 0.22507900 0.85505900
vt 0.23670600 0.86102100
vt 0.23670600 0.86102100
vt 0.23670600 0.86102100
vt 0.19961100 0.83962900
vt 0.19961100 0.83962900
vt 0.19961100 0.83962900
vt 0.19961100 0.83962900
vt 0.20798500 0.84510700
vt 0.20798500 0.84510700
vt 0.20798500 0.84510700
vt 0.18614100 0.82980200
vt 0.18614100 0.82980200
vt 0.18614100 0.82980200
vt 0.19227500 0.83444600
vt 0.19227500 0.83444600
vt 0.19227500 0.83444600
vt 0.19227500 0.83444600
vt 0.82036600 0.82436000
vt 0.82036600 0.82436000
vt 0.82036600 0.82436000
vt 0.82036600 0.82436000
vt 0.82865300 0.81703500
vt 0.82865300 0.81703500
vt 0.82865300 0.81703500
vt 0.82865300 0.81703500
vt 0.53707700 0.90912200
vt 0.53707700 0.90912200
vt 0.53707700 0.90912200
vt 0.77614300 0.85428600
vt 0.77614300 0.85428600
vt 0.77614300 0.85428600
vt 0.75924600 0.86286600
vt 0.75924600 0.86286600
vt 0.75924600 0.86286600
vt 0.74006300 0.87125200
vt 0.74006300 0.87125200
vt 0.74006300 0.87125200
vt 0.71846600 0.87925900
vt 0.71846600 0.87925900
vt 0.71846600 0.87925900
vt 0.69420600 0.88672900
vt 0.69420600 0.88672900
vt 0.69420600 0.88672900
vt 0.69420600 0.88672900
vt 0.63876100 0.89898300
vt 0.63876100 0.89898300
vt 0.63876100 0.89898300
vt 0.66769500 0.89333200
vt 0.66769500 0.89333200
vt 0.66769500 0.89333200
vt 0.60757200 0.90355100
vt 0.60757200 0.90355100
vt 0.60757200 0.90355100
vt 0.57417200 0.90694000
vt 0.57417200 0.90694000
vt 0.57417200 0.90694000
vt 0.80121300 0.83892600
vt 0.80121300 0.83892600
vt 0.80121300 0.83892600
vt 0.80121300 0.83892600
vt 0.81188700 0.83117200
vt 0.81188700 0.83117200
vt 0.81188700 0.83117200
vt 0.78907800 0.84680300
vt 0.78907800 0.84680300
vt 0.78907800 0.84680300
vt 0.78907800 0.84680300
vt 0.18596200 0.21045700
vt 0.18596200 0.21045700
vt 0.18596200 0.21045700
vt 0.18596200 0.21045700
vt 0.19963000 0.19769300
vt 0.19963000 0.19769300
vt 0.19963000 0.19769300
vt 0.17588700 0.22078000
vt 0.17588700 0.22078000
vt 0.17588700 0.22078000
vt 0.21373800 0.18575700
vt 0.21373800 0.18575700
vt 0.21373800 0.18575700
vt 0.22825200 0.17458700
vt 0.22825200 0.17458700
vt 0.22825200 0.17458700
vt 0.12453900 0.29353600
vt 0.12453900 0.29353600
vt 0.12453900 0.29353600
vt 0.12453900 0.29353600
vt 0.12453900 0.29353600
vt 0.12985700 0.28361300
vt 0.12985700 0.28361300
vt 0.12985700 0.28361300
vt 0.12985700 0.28361300
vt 0.11950700 0.30375900
vt 0.11950700 0.30375900
vt 0.11950700 0.30375900
vt 0.13545800 0.27398700
vt 0.13545800 0.27398700
vt 0.13545800 0.27398700
vt 0.13545800 0.27398700
vt 0.11476800 0.31428900
vt 0.11476800 0.31428900
vt 0.11476800 0.31428900
vt 0.11476800 0.31428900
vt 0.14133600 0.26465100
vt 0.14133600 0.26465100
vt 0.14133600 0.26465100
vt 0.14133600 0.26465100
vt 0.11034900 0.32507200
vt 0.11034900 0.32507200
vt 0.11034900 0.32507200
vt 0.11034900 0.32507200
vt 0.14835000 0.25438000
vt 0.14835000 0.25438000
vt 0.14835000 0.25438000
vt 0.14835000 0.25438000
vt 0.10628100 0.33601600
vt 0.10628100 0.33601600
vt 0.10628100 0.33601600
vt 0.10628100 0.33601600
vt 0.15700800 0.24279200
vt 0.15700800 0.24279200
vt 0.15700800 0.24279200
vt 0.10255500 0.34711700
vt 0.10255500 0.34711700
vt 0.10255500 0.34711700
vt 0.10255500 0.34711700
vt 0.10255500 0.34711700
vt 0.16611800 0.23167900
vt 0.16611800 0.23167900
vt 0.16611800 0.23167900
vt 0.16611800 0.23167900
vt 0.16611800 0.23167900
vt 0.09916200 0.35837100
vt 0.09916200 0.35837100
vt 0.09916200 0.35837100
vt 0.09916200 0.35837100
vt 0.09609300 0.36977300
vt 0.09609300 0.36977300
vt 0.09609300 0.36977300
vt 0.09609300 0.36977300
vt 0.09333600 0.38131800
vt 0.09333600 0.38131800
vt 0.09333600 0.38131800
vt 0.09333600 0.38131800
vt 0.09088000 0.39300200
vt 0.09088000 0.39300200
vt 0.09088000 0.39300200
vt 0.09088000 0.39300200
vt 0.08871100 0.40481700
vt 0.08871100 0.40481700
vt 0.08871100 0.40481700
vt 0.08871100 0.40481700
vt 0.08681600 0.41675700
vt 0.08681600 0.41675700
vt 0.08681600 0.41675700
vt 0.08681600 0.41675700
vt 0.08518600 0.42877400
vt 0.08518600 0.42877400
vt 0.08518600 0.42877400
vt 0.08518600 0.42877400
vt 0.08340900 0.44483600
vt 0.08340900 0.44483600
vt 0.08340900 0.44483600
vt 0.08190500 0.46295300
vt 0.08190500 0.46295300
vt 0.08190500 0.46295300
vt 0.08087400 0.48111700
vt 0.08087400 0.48111700
vt 0.08087400 0.48111700
vt 0.08026800 0.49932300
vt 0.08026800 0.49932300
vt 0.08026800 0.49932300
vt 0.08005100 0.51547100
vt 0.08005100 0.51547100
vt 0.08005100 0.51547100
vt 0.80101500 0.19845000
vt 0.80101500 0.19845000
vt 0.80101500 0.19845000
vt 0.78956100 0.18861300
vt 0.78956100 0.18861300
vt 0.78956100 0.18861300
vt 0.77786000 0.17931700
vt 0.77786000 0.17931700
vt 0.77786000 0.17931700
vt 0.81220400 0.20886800
vt 0.81220400 0.20886800
vt 0.81220400 0.20886800
vt 0.82310200 0.21992300
vt 0.82310200 0.21992300
vt 0.82310200 0.21992300
vt 0.83963200 0.23882600
vt 0.83963200 0.23882600
vt 0.83963200 0.23882600
vt 0.83963200 0.23882600
vt 0.83367900 0.23167900
vt 0.83367900 0.23167900
vt 0.83367900 0.23167900
vt 0.83367900 0.23167900
vt 0.84540300 0.24617800
vt 0.84540300 0.24617800
vt 0.84540300 0.24617800
vt 0.85200200 0.25516600
vt 0.85200200 0.25516600
vt 0.85200200 0.25516600
vt 0.85200200 0.25516600
vt 0.85833000 0.26445700
vt 0.85833000 0.26445700
vt 0.85833000 0.26445700
vt 0.85833000 0.26445700
vt 0.86438000 0.27406000
vt 0.86438000 0.27406000
vt 0.86438000 0.27406000
vt 0.86438000 0.27406000
vt 0.86438000 0.27406000
vt 0.87014500 0.28398200
vt 0.87014500 0.28398200
vt 0.87014500 0.28398200
vt 0.87014500 0.28398200
vt 0.87014500 0.28398200
vt 0.87561500 0.29423200
vt 0.87561500 0.29423200
vt 0.87561500 0.29423200
vt 0.87561500 0.29423200
vt 0.88077600 0.30479500
vt 0.88077600 0.30479500
vt 0.88077600 0.30479500
vt 0.88558300 0.31558600
vt 0.88558300 0.31558600
vt 0.88558300 0.31558600
vt 0.88558300 0.31558600
vt 0.88558300 0.31558600
vt 0.89003800 0.32659200
vt 0.89003800 0.32659200
vt 0.89003800 0.32659200
vt 0.89003800 0.32659200
vt 0.89414500 0.33781000
vt 0.89414500 0.33781000
vt 0.89414500 0.33781000
vt 0.89414500 0.33781000
vt 0.89791000 0.34923800
vt 0.89791000 0.34923800
vt 0.89791000 0.34923800
vt 0.89791000 0.34923800
vt 0.89791000 0.34923800
vt 0.90133900 0.36087100
vt 0.90133900 0.36087100
vt 0.90133900 0.36087100
vt 0.90133900 0.36087100
vt 0.90443700 0.37270600
vt 0.90443700 0.37270600
vt 0.90443700 0.37270600
vt 0.90719600 0.38466300
vt 0.90719600 0.38466300
vt 0.90719600 0.38466300
vt 0.90719600 0.38466300
vt 0.90962300 0.39667400
vt 0.90962300 0.39667400
vt 0.90962300 0.39667400
vt 0.91195900 0.41009500
vt 0.91195900 0.41009500
vt 0.91195900 0.41009500
vt 0.91393900 0.42357300
vt 0.91393900 0.42357300
vt 0.91393900 0.42357300
vt 0.91649100 0.44590200
vt 0.91649100 0.44590200
vt 0.91649100 0.44590200
vt 0.91839900 0.47086400
vt 0.91839900 0.47086400
vt 0.91839900 0.47086400
vt 0.91950100 0.49798000
vt 0.91950100 0.49798000
vt 0.91950100 0.49798000
vt 0.91969300 0.53164700
vt 0.91969300 0.53164700
vt 0.91969300 0.53164700
vt 0.91969300 0.53164700
vt 0.91939700 0.54750700
vt 0.91939700 0.54750700
vt 0.91939700 0.54750700
vt 0.91939700 0.54750700
vt 0.91884600 0.56332200
vt 0.91884600 0.56332200
vt 0.91884600 0.56332200
vt 0.91766500 0.58442800
vt 0.91766500 0.58442800
vt 0.91766500 0.58442800
vt 0.91641000 0.60019300
vt 0.91641000 0.60019300
vt 0.91641000 0.60019300
vt 0.89459900 0.71112100
vt 0.89459900 0.71112100
vt 0.89459900 0.71112100
vt 0.89775600 0.70135300
vt 0.89775600 0.70135300
vt 0.89775600 0.70135300
vt 0.90065400 0.69142500
vt 0.90065400 0.69142500
vt 0.90065400 0.69142500
vt 0.90330100 0.68134400
vt 0.90330100 0.68134400
vt 0.90330100 0.68134400
vt 0.90570900 0.67112700
vt 0.90570900 0.67112700
vt 0.90570900 0.67112700
vt 0.90570900 0.67112700
vt 0.90787400 0.66085200
vt 0.90787400 0.66085200
vt 0.90787400 0.66085200
vt 0.91040800 0.64709000
vt 0.91040800 0.64709000
vt 0.91040800 0.64709000
vt 0.91281900 0.63153100
vt 0.91281900 0.63153100
vt 0.91281900 0.63153100
vt 0.91480600 0.61589600
vt 0.91480600 0.61589600
vt 0.91480600 0.61589600
vt 0.89117300 0.72072200
vt 0.89117300 0.72072200
vt 0.89117300 0.72072200
vt 0.89117300 0.72072200
vt 0.89117300 0.72072200
vt 0.88746700 0.73015200
vt 0.88746700 0.73015200
vt 0.88746700 0.73015200
vt 0.88746700 0.73015200
vt 0.88347200 0.73940200
vt 0.88347200 0.73940200
vt 0.88347200 0.73940200
vt 0.88347200 0.73940200
vt 0.88347200 0.73940200
vt 0.87917600 0.74846700
vt 0.87917600 0.74846700
vt 0.87917600 0.74846700
vt 0.87917600 0.74846700
vt 0.87917600 0.74846700
vt 0.87457200 0.75733400
vt 0.87457200 0.75733400
vt 0.87457200 0.75733400
vt 0.87457200 0.75733400
vt 0.83523900 0.81066200
vt 0.83523900 0.81066200
vt 0.83523900 0.81066200
vt 0.83523900 0.81066200
vt 0.86969600 0.76591200
vt 0.86969600 0.76591200
vt 0.86969600 0.76591200
vt 0.86969600 0.76591200
vt 0.86969600 0.76591200
vt 0.86969600 0.76591200
vt 0.84159000 0.80398700
vt 0.84159000 0.80398700
vt 0.84159000 0.80398700
vt 0.84159000 0.80398700
vt 0.84159000 0.80398700
vt 0.86457000 0.77416400
vt 0.86457000 0.77416400
vt 0.86457000 0.77416400
vt 0.84770200 0.79700300
vt 0.84770200 0.79700300
vt 0.84770200 0.79700300
vt 0.84770200 0.79700300
vt 0.84770200 0.79700300
vt 0.84770200 0.79700300
vt 0.85919400 0.78209500
vt 0.85919400 0.78209500
vt 0.85919400 0.78209500
vt 0.85919400 0.78209500
vt 0.85357100 0.78970700
vt 0.85357100 0.78970700
vt 0.85357100 0.78970700
vt 0.85357100 0.78970700
vt 0.76592600 0.17053000
vt 0.76592600 0.17053000
vt 0.76592600 0.17053000
vt 0.75377400 0.16222000
vt 0.75377400 0.16222000
vt 0.75377400 0.16222000
vt 0.74141400 0.15436700
vt 0.74141400 0.15436700
vt 0.74141400 0.15436700
vt 0.72885100 0.14695600
vt 0.72885100 0.14695600
vt 0.72885100 0.14695600
vt 0.71179800 0.13774000
vt 0.71179800 0.13774000
vt 0.71179800 0.13774000
vt 0.69231900 0.12830600
vt 0.69231900 0.12830600
vt 0.69231900 0.12830600
vt 0.67261200 0.11985800
vt 0.67261200 0.11985800
vt 0.67261200 0.11985800
vt 0.65268700 0.11235400
vt 0.65268700 0.11235400
vt 0.65268700 0.11235400
vt 0.63254900 0.10576800
vt 0.63254900 0.10576800
vt 0.63254900 0.10576800
vt 0.61221600 0.10008900
vt 0.61221600 0.10008900
vt 0.61221600 0.10008900
vt 0.59178800 0.09533900
vt 0.59178800 0.09533900
vt 0.59178800 0.09533900
vt 0.57128300 0.09151500
vt 0.57128300 0.09151500
vt 0.57128300 0.09151500
vt 0.55070100 0.08862700
vt 0.55070100 0.08862700
vt 0.55070100 0.08862700
vt 0.53004100 0.08668700
vt 0.53004100 0.08668700
vt 0.53004100 0.08668700
vt 0.51499200 0.08588900
vt 0.51499200 0.08588900
vt 0.51499200 0.08588900
vt 0.49989900 0.08562000
vt 0.49989900 0.08562000
vt 0.49989900 0.08562000
vt 0.47343500 0.08644400
vt 0.47343500 0.08644400
vt 0.47343500 0.08644400
vt 0.44707600 0.08886800
vt 0.44707600 0.08886800
vt 0.44707600 0.08886800
vt 0.41980800 0.09302400
vt 0.41980800 0.09302400
vt 0.41980800 0.09302400
vt 0.39243700 0.09887400
vt 0.39243700 0.09887400
vt 0.39243700 0.09887400
vt 0.36798100 0.10554700
vt 0.36798100 0.10554700
vt 0.36798100 0.10554700
vt 0.34619300 0.11267700
vt 0.34619300 0.11267700
vt 0.34619300 0.11267700
vt 0.32461800 0.12090000
vt 0.32461800 0.12090000
vt 0.32461800 0.12090000
vt 0.30327000 0.13025000
vt 0.30327000 0.13025000
vt 0.30327000 0.13025000
vt 0.28226000 0.14073800
vt 0.28226000 0.14073800
vt 0.28226000 0.14073800
vt 0.26164200 0.15239100
vt 0.26164200 0.15239100
vt 0.26164200 0.15239100
vt 0.24144000 0.16528300
vt 0.24144000 0.16528300
vt 0.24144000 0.16528300
f 313/313/313 121/121/121 592/592/592
f 83/83/83 78/78/78 138/138/138
f 78/78/78 75/75/75 148/148/148
f 75/75/75 70/70/70 158/158/158
f 71/71/71 66/66/66 153/153/153
f 106/106/106 69/69/69 65/65/65
f 65/65/65 61/61/61 10/10/10
f 57/57/57 50/50/50 5/5/5
f 49/49/49 56/56/56 17/17/17
f 15/15/15 55/55/55 42/42/42
f 44/44/44 37/37/37 23/23/23
f 35/35/35 41/41/41 31/31/31
f 39/39/39 27/27/27 32/32/32
f 29/29/29 22/22/22 36/36/36
f 22/22/22 11/11/11 46/46/46
f 12/12/12 18/18/18 52/52/52
f 16/16/16 4/4/4 51/51/51
f 2/2/2 6/6/6 60/60/60
f 9/9/9 108/108/108 62/62/62
f 106/106/106 156/156/156 69/69/69
f 70/70/70 156/156/156 158/158/158
f 158/158/158 148/148/148 75/75/75
f 148/148/148 151/151/151 78/78/78
f 152/152/152 139/139/139 77/77/77
f 83/83/83 138/138/138 140/140/140
f 140/140/140 145/145/145 84/84/84
f 145/145/145 131/131/131 84/84/84
f 131/131/131 133/133/133 87/87/87
f 84/84/84 131/131/131 87/87/87
f 133/133/133 129/129/129 92/92/92
f 129/129/129 126/126/126 92/92/92
f 126/126/126 121/121/121 94/94/94
f 121/121/121 118/118/118 592/592/592
f 586/586/586 118/118/118 117/117/117
f 117/117/117 113/113/113 583/583/583
f 577/577/577 109/109/109 572/572/572
f 113/113/113 109/109/109 577/577/577
f 109/109/109 103/103/103 570/570/570
f 103/103/103 100/100/100 564/564/564
f 100/100/100 96/96/96 561/561/561
f 103/103/103 568/568/568 570/570/570
f 96/96/96 169/169/169 552/552/552
f 169/169/169 197/197/197 543/543/543
f 546/546/546 169/169/169 543/543/543
f 197/197/197 193/193/193 537/537/537
f 193/193/193 187/187/187 527/527/527
f 187/187/187 192/192/192 523/523/523
f 192/192/192 184/184/184 417/417/417
f 523/523/523 192/192/192 520/520/520
f 184/184/184 181/181/181 423/423/423
f 181/181/181 179/179/179 427/427/427
f 423/423/423 181/181/181 427/427/427
f 179/179/179 177/177/177 432/432/432
f 177/177/177 174/174/174 455/455/455
f 454/454/454 174/174/174 206/206/206
f 206/206/206 199/199/199 448/448/448
f 199/199/199 203/203/203 440/440/440
f 203/203/203 161/161/161 439/439/439
f 439/439/439 161/161/161 435/435/435
f 162/162/162 166/166/166 465/465/465
f 168/168/168 486/486/486 469/469/469
f 471/471/471 487/487/487 494/494/494
f 494/494/494 504/504/504 475/475/475
f 501/501/501 509/509/509 491/491/491
f 509/509/509 506/506/506 491/491/491
f 505/505/505 497/497/497 490/490/490
f 488/488/488 483/483/483 503/503/503
f 482/482/482 477/477/477 501/501/501
f 476/476/476 470/470/470 493/493/493
f 474/474/474 469/469/469 486/486/486
f 467/467/467 463/463/463 167/167/167
f 464/464/464 435/435/435 161/161/161
f 439/439/439 440/440/440 203/203/203
f 440/440/440 444/444/444 199/199/199
f 444/444/444 448/448/448 199/199/199
f 448/448/448 450/450/450 206/206/206
f 450/450/450 454/454/454 206/206/206
f 454/454/454 455/455/455 174/174/174
f 455/455/455 460/460/460 177/177/177
f 177/177/177 460/460/460 432/432/432
f 432/432/432 428/428/428 179/179/179
f 428/428/428 427/427/427 179/179/179
f 423/423/423 419/419/419 184/184/184
f 419/419/419 417/417/417 184/184/184
f 514/514/514 417/417/417 324/324/324
f 417/417/417 414/414/414 324/324/324
f 414/414/414 411/411/411 322/322/322
f 328/328/328 411/411/411 407/407/407
f 407/407/407 405/405/405 331/331/331
f 405/405/405 402/402/402 331/331/331
f 402/402/402 399/399/399 338/338/338
f 331/331/331 402/402/402 338/338/338
f 399/399/399 393/393/393 343/343/343
f 395/395/395 390/390/390 349/349/349
f 391/391/391 384/384/384 351/351/351
f 385/385/385 380/380/380 357/357/357
f 391/391/391 351/351/351 345/345/345
f 381/381/381 378/378/378 356/356/356
f 376/376/376 370/370/370 358/358/358
f 359/359/359 371/371/371 364/364/364
f 373/373/373 368/368/368 365/365/365
f 361/361/361 354/354/354 379/379/379
f 356/356/356 351/351/351 384/384/384
f 347/347/347 342/342/342 396/396/396
f 343/343/343 336/336/336 399/399/399
f 334/334/334 339/339/339 397/397/397
f 331/331/331 328/328/328 407/407/407
f 328/328/328 320/320/320 411/411/411
f 411/411/411 320/320/320 322/322/322
f 322/322/322 324/324/324 414/414/414
f 514/514/514 517/517/517 192/192/192
f 517/517/517 520/520/520 192/192/192
f 523/523/523 524/524/524 187/187/187
f 524/524/524 527/527/527 187/187/187
f 527/527/527 530/530/530 193/193/193
f 530/530/530 535/535/535 193/193/193
f 535/535/535 537/537/537 193/193/193
f 537/537/537 539/539/539 197/197/197
f 539/539/539 543/543/543 197/197/197
f 546/546/546 548/548/548 169/169/169
f 548/548/548 552/552/552 169/169/169
f 552/552/552 556/556/556 96/96/96
f 556/556/556 558/558/558 96/96/96
f 558/558/558 561/561/561 96/96/96
f 561/561/561 564/564/564 100/100/100
f 564/564/564 568/568/568 103/103/103
f 570/570/570 572/572/572 109/109/109
f 113/113/113 580/580/580 583/583/583
f 577/577/577 580/580/580 113/113/113
f 117/117/117 583/583/583 586/586/586
f 586/586/586 587/587/587 118/118/118
f 587/587/587 592/592/592 118/118/118
f 592/592/592 220/220/220 313/313/313
f 121/121/121 313/313/313 315/315/315
f 220/220/220 219/219/219 311/311/311
f 219/219/219 213/213/213 306/306/306
f 306/306/306 213/213/213 305/305/305
f 213/213/213 210/210/210 302/302/302
f 210/210/210 214/214/214 299/299/299
f 213/213/213 302/302/302 305/305/305
f 214/214/214 274/274/274 294/294/294
f 274/274/274 266/266/266 287/287/287
f 289/289/289 274/274/274 287/287/287
f 266/266/266 255/255/255 282/282/282
f 258/258/258 249/249/249 279/279/279
f 248/248/248 237/237/237 271/271/271
f 236/236/236 231/231/231 261/261/261
f 270/270/270 240/240/240 264/264/264
f 232/232/232 224/224/224 253/253/253
f 225/225/225 233/233/233 242/242/242
f 252/252/252 223/223/223 244/244/244
f 250/250/250 260/260/260 230/230/230
f 272/272/272 280/280/280 246/246/246
f 281/281/281 285/285/285 259/259/259
f 282/282/282 287/287/287 266/266/266
f 292/292/292 296/296/296 276/276/276
f 294/294/294 299/299/299 214/214/214
f 299/299/299 302/302/302 210/210/210
f 306/306/306 311/311/311 219/219/219
f 311/311/311 313/313/313 220/220/220
f 315/315/315 94/94/94 121/121/121
f 94/94/94 92/92/92 126/126/126
f 92/92/92 87/87/87 133/133/133
f 84/84/84 83/83/83 140/140/140
f 417/417/417 514/514/514 192/192/192
f 903/903/903 1187/1187/1187 710/710/710
f 671/671/671 726/726/726 667/667/667
f 667/667/667 737/737/737 662/662/662
f 662/662/662 749/749/749 659/659/659
f 659/659/659 746/746/746 656/656/656
f 695/695/695 654/654/654 656/656/656
f 654/654/654 599/599/599 648/648/648
f 647/647/647 594/594/594 641/641/641
f 639/639/639 608/608/608 643/643/643
f 603/603/603 635/635/635 642/642/642
f 634/634/634 613/613/613 625/625/625
f 624/624/624 620/620/620 629/629/629
f 631/631/631 621/621/621 616/616/616
f 623/623/623 628/628/628 612/612/612
f 613/613/613 634/634/634 604/604/604
f 605/605/605 644/644/644 610/610/610
f 611/611/611 638/638/638 593/593/593
f 595/595/595 650/650/650 600/600/600
f 599/599/599 654/654/654 695/695/695
f 695/695/695 656/656/656 746/746/746
f 659/659/659 749/749/749 746/746/746
f 748/748/748 664/664/664 738/738/738
f 737/737/737 667/667/667 742/742/742
f 742/742/742 667/667/667 726/726/726
f 668/668/668 731/731/731 728/728/728
f 730/730/730 673/673/673 734/734/734
f 734/734/734 673/673/673 720/720/720
f 719/719/719 677/677/677 722/722/722
f 673/673/673 675/675/675 720/720/720
f 723/723/723 679/679/679 717/717/717
f 717/717/717 679/679/679 714/714/714
f 714/714/714 682/682/682 710/710/710
f 710/710/710 1187/1187/1187 706/706/706
f 1180/1180/1180 703/703/703 706/706/706
f 703/703/703 1177/1177/1177 700/700/700
f 1171/1171/1171 1168/1168/1168 697/697/697
f 700/700/700 1171/1171/1171 697/697/697
f 697/697/697 1166/1166/1166 692/692/692
f 692/692/692 1158/1158/1158 688/688/688
f 688/688/688 1155/1155/1155 686/686/686
f 692/692/692 1166/1166/1166 1163/1163/1163
f 686/686/686 1148/1148/1148 761/761/761
f 761/761/761 1138/1138/1138 788/788/788
f 1141/1141/1141 1138/1138/1138 761/761/761
f 788/788/788 1131/1131/1131 784/784/784
f 784/784/784 1124/1124/1124 779/779/779
f 779/779/779 1117/1117/1117 781/781/781
f 781/781/781 1004/1004/1004 777/777/777
f 1117/1117/1117 1114/1114/1114 781/781/781
f 777/777/777 1014/1014/1014 772/772/772
f 772/772/772 1016/1016/1016 768/768/768
f 1014/1014/1014 1016/1016/1016 772/772/772
f 768/768/768 1021/1021/1021 766/766/766
f 766/766/766 1047/1047/1047 764/764/764
f 1043/1043/1043 798/798/798 764/764/764
f 797/797/797 1036/1036/1036 792/792/792
f 791/791/791 1031/1031/1031 796/796/796
f 796/796/796 1027/1027/1027 751/751/751
f 1027/1027/1027 1024/1024/1024 751/751/751
f 752/752/752 1056/1056/1056 755/755/755
f 755/755/755 1057/1057/1057 1076/1076/1076
f 1064/1064/1064 1085/1085/1085 1075/1075/1075
f 1088/1088/1088 1066/1066/1066 1093/1093/1093
f 1095/1095/1095 1082/1082/1082 1104/1104/1104
f 1103/1103/1103 1081/1081/1081 1100/1100/1100
f 1101/1101/1101 1080/1080/1080 1091/1091/1091
f 1079/1079/1079 1098/1098/1098 1073/1073/1073
f 1071/1071/1071 1094/1094/1094 1068/1068/1068
f 1069/1069/1069 1086/1086/1086 1065/1065/1065
f 1063/1063/1063 1076/1076/1076 1057/1057/1057
f 1059/1059/1059 758/758/758 1054/1054/1054
f 1055/1055/1055 751/751/751 1024/1024/1024
f 1027/1027/1027 796/796/796 1031/1031/1031
f 1031/1031/1031 791/791/791 1034/1034/1034
f 1034/1034/1034 791/791/791 1037/1037/1037
f 1037/1037/1037 798/798/798 1042/1042/1042
f 1042/1042/1042 798/798/798 1043/1043/1043
f 1043/1043/1043 764/764/764 1047/1047/1047
f 1047/1047/1047 766/766/766 1050/1050/1050
f 766/766/766 1021/1021/1021 1050/1050/1050
f 1021/1021/1021 768/768/768 1020/1020/1020
f 1020/1020/1020 768/768/768 1016/1016/1016
f 1012/1012/1012 775/775/775 1007/1007/1007
f 1009/1009/1009 777/777/777 1004/1004/1004
f 1107/1107/1107 917/917/917 1004/1004/1004
f 1004/1004/1004 917/917/917 1002/1002/1002
f 1002/1002/1002 913/913/913 1000/1000/1000
f 920/920/920 997/997/997 1000/1000/1000
f 997/997/997 922/922/922 993/993/993
f 993/993/993 922/922/922 990/990/990
f 990/990/990 930/930/930 986/986/986
f 922/922/922 930/930/930 990/990/990
f 986/986/986 932/932/932 984/984/984
f 984/984/984 937/937/937 981/981/981
f 981/981/981 940/940/940 976/976/976
f 977/977/977 944/944/944 970/970/970
f 979/979/979 938/938/938 939/939/939
f 969/969/969 945/945/945 968/968/968
f 967/967/967 951/951/951 960/960/960
f 948/948/948 955/955/955 963/963/963
f 962/962/962 954/954/954 959/959/959
f 950/950/950 968/968/968 945/945/945
f 946/946/946 973/973/973 939/939/939
f 937/937/937 984/984/984 932/932/932
f 932/932/932 986/986/986 927/927/927
f 926/926/926 988/988/988 929/929/929
f 922/922/922 997/997/997 920/920/920
f 920/920/920 1000/1000/1000 909/909/909
f 1000/1000/1000 913/913/913 909/909/909
f 913/913/913 1002/1002/1002 917/917/917
f 1107/1107/1107 781/781/781 1110/1110/1110
f 1110/1110/1110 781/781/781 1114/1114/1114
f 1117/1117/1117 779/779/779 1120/1120/1120
f 1120/1120/1120 779/779/779 1124/1124/1124
f 1124/1124/1124 784/784/784 1126/1126/1126
f 1126/1126/1126 784/784/784 1128/1128/1128
f 1128/1128/1128 784/784/784 1131/1131/1131
f 1131/1131/1131 788/788/788 1134/1134/1134
f 1134/1134/1134 788/788/788 1138/1138/1138
f 1141/1141/1141 761/761/761 1143/1143/1143
f 1143/1143/1143 761/761/761 1148/1148/1148
f 1148/1148/1148 686/686/686 1149/1149/1149
f 1149/1149/1149 686/686/686 1152/1152/1152
f 1152/1152/1152 686/686/686 1155/1155/1155
f 1155/1155/1155 688/688/688 1158/1158/1158
f 1158/1158/1158 692/692/692 1163/1163/1163
f 1166/1166/1166 697/697/697 1168/1168/1168
f 700/700/700 1177/1177/1177 1173/1173/1173
f 1171/1171/1171 700/700/700 1173/1173/1173
f 703/703/703 1180/1180/1180 1177/1177/1177
f 1180/1180/1180 706/706/706 1182/1182/1182
f 1182/1182/1182 706/706/706 1187/1187/1187
f 1187/1187/1187 903/903/903 814/814/814
f 710/710/710 908/908/908 903/903/903
f 814/814/814 901/901/901 812/812/812
f 812/812/812 899/899/899 807/807/807
f 899/899/899 894/894/894 807/807/807
f 807/807/807 891/891/891 803/803/803
f 803/803/803 889/889/889 809/809/809
f 807/807/807 894/894/894 891/891/891
f 809/809/809 885/885/885 865/865/865
f 865/865/865 875/875/875 855/855/855
f 880/880/880 877/877/877 861/861/861
f 855/855/855 872/872/872 845/845/845
f 845/845/845 868/868/868 839/839/839
f 840/840/840 858/858/858 830/830/830
f 832/832/832 851/851/851 825/825/825
f 859/859/859 851/851/851 832/832/832
f 823/823/823 842/842/842 817/817/817
f 821/821/821 833/833/833 828/828/828
f 843/843/843 836/836/836 820/820/820
f 842/842/842 823/823/823 849/849/849
f 856/856/856 839/839/839 868/868/868
f 866/866/866 848/848/848 873/873/873
f 872/872/872 855/855/855 875/875/875
f 881/881/881 863/863/863 882/882/882
f 885/885/885 809/809/809 889/889/889
f 888/888/888 804/804/804 892/892/892
f 899/899/899 812/812/812 901/901/901
f 901/901/901 814/814/814 903/903/903
f 908/908/908 710/710/710 682/682/682
f 682/682/682 714/714/714 679/679/679
f 679/679/679 723/723/723 675/675/675
f 673/673/673 730/730/730 671/671/671
f 1004/1004/1004 781/781/781 1107/1107/1107
f 80/80/80 82/82/82 670/670/670
f 670/670/670 665/665/665 80/80/80
f 314/314/314 310/310/310 902/902/902
f 902/902/902 904/904/904 314/314/314
f 426/426/426 430/430/430 1019/1019/1019
f 1019/1019/1019 1017/1017/1017 426/426/426
f 500/500/500 495/495/495 1087/1087/1087
f 1087/1087/1087 1097/1097/1097 500/500/500
f 515/515/515 513/513/513 1108/1108/1108
f 1108/1108/1108 1112/1112/1112 515/515/515
f 540/540/540 538/538/538 1132/1132/1132
f 1132/1132/1132 1135/1135/1135 540/540/540
f 565/565/565 562/562/562 1156/1156/1156
f 1156/1156/1156 1160/1160/1160 565/565/565
f 589/589/589 584/584/584 1181/1181/1181
f 1181/1181/1181 1183/1183/1183 589/589/589
f 63/63/63 67/67/67 657/657/657
f 657/657/657 653/653/653 63/63/63
f 72/72/72 76/76/76 661/661/661
f 661/661/661 660/660/660 72/72/72
f 89/89/89 91/91/91 681/681/681
f 681/681/681 676/676/676 89/89/89
f 122/122/122 125/125/125 712/712/712
f 712/712/712 709/709/709 122/122/122
f 157/157/157 155/155/155 745/745/745
f 745/745/745 747/747/747 157/157/157
f 243/243/243 235/235/235 827/827/827
f 827/827/827 834/834/834 243/243/243
f 254/254/254 241/241/241 835/835/835
f 835/835/835 844/844/844 254/254/254
f 263/263/263 251/251/251 841/841/841
f 841/841/841 852/852/852 263/263/263
f 256/256/256 265/265/265 853/853/853
f 853/853/853 847/847/847 256/256/256
f 298/298/298 293/293/293 884/884/884
f 884/884/884 886/886/886 298/298/298
f 332/332/332 340/340/340 928/928/928
f 928/928/928 923/923/923 332/332/332
f 348/348/348 350/350/350 942/942/942
f 942/942/942 935/935/935 348/348/348
f 392/392/392 398/398/398 987/987/987
f 987/987/987 982/982/982 392/392/392
f 441/441/441 437/437/437 1028/1028/1028
f 1028/1028/1028 1032/1032/1032 441/441/441
f 499/499/499 508/508/508 1102/1102/1102
f 1102/1102/1102 1090/1090/1090 499/499/499
f 519/519/519 516/516/516 1111/1111/1111
f 1111/1111/1111 1115/1115/1115 519/519/519
f 544/544/544 541/541/541 1136/1136/1136
f 1136/1136/1136 1137/1137/1137 544/544/544
f 566/566/566 563/563/563 1159/1159/1159
f 1159/1159/1159 1162/1162/1162 566/566/566
f 590/590/590 588/588/588 1184/1184/1184
f 1184/1184/1184 1185/1185/1185 590/590/590
f 101/101/101 104/104/104 693/693/693
f 693/693/693 690/690/690 101/101/101
f 154/154/154 107/107/107 694/694/694
f 694/694/694 744/744/744 154/154/154
f 178/178/178 183/183/183 771/771/771
f 771/771/771 770/770/770 178/178/178
f 208/208/208 211/211/211 805/805/805
f 805/805/805 801/801/801 208/208/208
f 216/216/216 209/209/209 802/802/802
f 802/802/802 810/810/810 216/216/216
f 337/337/337 333/333/333 924/924/924
f 924/924/924 931/931/931 337/337/337
f 335/335/335 344/344/344 934/934/934
f 934/934/934 925/925/925 335/335/335
f 341/341/341 346/346/346 936/936/936
f 936/936/936 933/933/933 341/341/341
f 403/403/403 406/406/406 994/994/994
f 994/994/994 991/991/991 403/403/403
f 421/421/421 424/424/424 1011/1011/1011
f 1011/1011/1011 1008/1008/1008 421/421/421
f 443/443/443 442/442/442 1030/1030/1030
f 1030/1030/1030 1033/1033/1033 443/443/443
f 462/462/462 466/466/466 1060/1060/1060
f 1060/1060/1060 1053/1053/1053 462/462/462
f 511/511/511 502/502/502 1096/1096/1096
f 1096/1096/1096 1106/1106/1106 511/511/511
f 522/522/522 518/518/518 1113/1113/1113
f 1113/1113/1113 1116/1116/1116 522/522/522
f 545/545/545 542/542/542 1139/1139/1139
f 1139/1139/1139 1140/1140/1140 545/545/545
f 569/569/569 567/567/567 1161/1161/1161
f 1161/1161/1161 1164/1164/1164 569/569/569
f 7/7/7 1/1/1 597/597/597
f 597/597/597 601/601/601 7/7/7
f 3/3/3 20/20/20 607/607/607
f 607/607/607 596/596/596 3/3/3
f 24/24/24 30/30/30 619/619/619
f 619/619/619 614/614/614 24/24/24
f 45/45/45 54/54/54 646/646/646
f 646/646/646 633/633/633 45/45/45
f 85/85/85 88/88/88 678/678/678
f 678/678/678 672/672/672 85/85/85
f 115/115/115 120/120/120 708/708/708
f 708/708/708 704/704/704 115/115/115
f 124/124/124 128/128/128 715/715/715
f 715/715/715 713/713/713 124/124/124
f 149/149/149 146/146/146 739/739/739
f 739/739/739 741/741/741 149/149/149
f 147/147/147 159/159/159 750/750/750
f 750/750/750 740/740/740 147/147/147
f 245/245/245 257/257/257 846/846/846
f 846/846/846 837/837/837 245/245/245
f 277/277/277 269/269/269 857/857/857
f 857/857/857 869/869/869 277/277/277
f 273/273/273 215/215/215 808/808/808
f 808/808/808 862/862/862 273/273/273
f 308/308/308 304/304/304 895/895/895
f 895/895/895 897/897/897 308/308/308
f 316/316/316 312/312/312 905/905/905
f 905/905/905 906/906/906 316/316/316
f 352/352/352 353/353/353 943/943/943
f 943/943/943 941/941/941 352/352/352
f 412/412/412 415/415/415 1003/1003/1003
f 1003/1003/1003 999/999/999 412/412/412
f 429/429/429 433/433/433 1023/1023/1023
f 1023/1023/1023 1018/1018/1018 429/429/429
f 447/447/447 445/445/445 1035/1035/1035
f 1035/1035/1035 1038/1038/1038 447/447/447
f 472/472/472 478/478/478 1070/1070/1070
f 1070/1070/1070 1062/1062/1062 472/472/472
f 507/507/507 510/510/510 1105/1105/1105
f 1105/1105/1105 1099/1099/1099 507/507/507
f 526/526/526 521/521/521 1118/1118/1118
f 1118/1118/1118 1121/1121/1121 526/526/526
f 549/549/549 547/547/547 1142/1142/1142
f 1142/1142/1142 1144/1144/1144 549/549/549
f 573/573/573 571/571/571 1165/1165/1165
f 1165/1165/1165 1167/1167/1167 573/573/573
f 74/74/74 79/79/79 666/666/666
f 666/666/666 663/663/663 74/74/74
f 97/97/97 99/99/99 689/689/689
f 689/689/689 687/687/687 97/97/97
f 105/105/105 8/8/8 598/598/598
f 598/598/598 696/696/696 105/105/105
f 112/112/112 116/116/116 705/705/705
f 705/705/705 702/702/702 112/112/112
f 134/134/134 132/132/132 718/718/718
f 718/718/718 724/724/724 134/134/134
f 142/142/142 136/136/136 727/727/727
f 727/727/727 733/733/733 142/142/142
f 137/137/137 150/150/150 743/743/743
f 743/743/743 729/729/729 137/137/137
f 130/130/130 144/144/144 735/735/735
f 735/735/735 721/721/721 130/130/130
f 171/171/171 98/98/98 685/685/685
f 685/685/685 760/760/760 171/171/171
f 198/198/198 170/170/170 759/759/759
f 759/759/759 787/787/787 198/198/198
f 218/218/218 221/221/221 815/815/815
f 815/815/815 811/811/811 218/218/218
f 267/267/267 275/275/275 864/864/864
f 864/864/864 854/854/854 267/267/267
f 295/295/295 290/290/290 878/878/878
f 878/878/878 883/883/883 295/295/295
f 300/300/300 297/297/297 887/887/887
f 887/887/887 890/890/890 300/300/300
f 323/323/323 318/318/318 911/911/911
f 911/911/911 912/912/912 323/323/323
f 319/319/319 329/329/329 919/919/919
f 919/919/919 910/910/910 319/319/319
f 360/360/360 366/366/366 956/956/956
f 956/956/956 949/949/949 360/360/360
f 363/363/363 369/369/369 957/957/957
f 957/957/957 953/953/953 363/363/363
f 382/382/382 387/387/387 975/975/975
f 975/975/975 972/972/972 382/382/382
f 388/388/388 394/394/394 983/983/983
f 983/983/983 978/978/978 388/388/388
f 449/449/449 446/446/446 1039/1039/1039
f 1039/1039/1039 1040/1040/1040 449/449/449
f 431/431/431 459/459/459 1049/1049/1049
f 1049/1049/1049 1022/1022/1022 431/431/431
f 479/479/479 480/480/480 1072/1072/1072
f 1072/1072/1072 1067/1067/1067 479/479/479
f 529/529/529 525/525/525 1119/1119/1119
f 1119/1119/1119 1122/1122/1122 529/529/529
f 551/551/551 550/550/550 1145/1145/1145
f 1145/1145/1145 1147/1147/1147 551/551/551
f 575/575/575 574/574/574 1169/1169/1169
f 1169/1169/1169 1172/1172/1172 575/575/575
f 81/81/81 86/86/86 674/674/674
f 674/674/674 669/669/669 81/81/81
f 102/102/102 111/111/111 698/698/698
f 698/698/698 691/691/691 102/102/102
f 110/110/110 114/114/114 701/701/701
f 701/701/701 699/699/699 110/110/110
f 119/119/119 123/123/123 711/711/711
f 711/711/711 707/707/707 119/119/119
f 143/143/143 141/141/141 732/732/732
f 732/732/732 736/736/736 143/143/143
f 172/172/172 175/175/175 767/767/767
f 767/767/767 763/763/763 172/172/172
f 202/202/202 201/201/201 793/793/793
f 793/793/793 795/795/795 202/202/202
f 200/200/200 205/205/205 800/800/800
f 800/800/800 790/790/790 200/200/200
f 207/207/207 173/173/173 762/762/762
f 762/762/762 799/799/799 207/207/207
f 185/185/185 190/190/190 783/783/783
f 783/783/783 774/774/774 185/185/185
f 228/228/228 238/238/238 829/829/829
f 829/829/829 824/824/824 228/228/228
f 239/239/239 247/247/247 838/838/838
f 838/838/838 831/831/831 239/239/239
f 291/291/291 288/288/288 876/876/876
f 876/876/876 879/879/879 291/291/291
f 355/355/355 362/362/362 952/952/952
f 952/952/952 947/947/947 355/355/355
f 367/367/367 374/374/374 964/964/964
f 964/964/964 958/958/958 367/367/367
f 372/372/372 375/375/375 966/966/966
f 966/966/966 961/961/961 372/372/372
f 377/377/377 383/383/383 971/971/971
f 971/971/971 965/965/965 377/377/377
f 386/386/386 389/389/389 980/980/980
f 980/980/980 974/974/974 386/386/386
f 452/452/452 451/451/451 1041/1041/1041
f 1041/1041/1041 1044/1044/1044 452/452/452
f 481/481/481 492/492/492 1084/1084/1084
f 1084/1084/1084 1074/1074/1074 481/481/481
f 532/532/532 528/528/528 1123/1123/1123
f 1123/1123/1123 1127/1127/1127 532/532/532
f 554/554/554 553/553/553 1146/1146/1146
f 1146/1146/1146 1151/1151/1151 554/554/554
f 579/579/579 576/576/576 1170/1170/1170
f 1170/1170/1170 1175/1175/1175 579/579/579
f 222/222/222 591/591/591 1186/1186/1186
f 1186/1186/1186 816/816/816 222/222/222
f 40/40/40 33/33/33 627/627/627
f 627/627/627 632/632/632 40/40/40
f 34/34/34 43/43/43 636/636/636
f 636/636/636 626/626/626 34/34/34
f 58/58/58 64/64/64 652/652/652
f 652/652/652 649/649/649 58/58/58
f 164/164/164 160/160/160 753/753/753
f 753/753/753 757/757/757 164/164/164
f 176/176/176 180/180/180 769/769/769
f 769/769/769 765/765/765 176/176/176
f 182/182/182 186/186/186 776/776/776
f 776/776/776 773/773/773 182/182/182
f 195/195/195 196/196/196 789/789/789
f 789/789/789 786/786/786 195/195/195
f 163/163/163 204/204/204 794/794/794
f 794/794/794 754/754/754 163/163/163
f 212/212/212 217/217/217 813/813/813
f 813/813/813 806/806/806 212/212/212
f 227/227/227 229/229/229 822/822/822
f 822/822/822 819/819/819 227/227/227
f 234/234/234 226/226/226 818/818/818
f 818/818/818 826/826/826 234/234/234
f 286/286/286 284/284/284 870/870/870
f 870/870/870 874/874/874 286/286/286
f 309/309/309 307/307/307 898/898/898
f 898/898/898 900/900/900 309/309/309
f 95/95/95 317/317/317 907/907/907
f 907/907/907 683/683/683 95/95/95
f 326/326/326 321/321/321 914/914/914
f 914/914/914 915/915/915 326/326/326
f 400/400/400 401/401/401 989/989/989
f 989/989/989 985/985/985 400/400/400
f 404/404/404 409/409/409 996/996/996
f 996/996/996 992/992/992 404/404/404
f 416/416/416 420/420/420 1010/1010/1010
f 1010/1010/1010 1005/1005/1005 416/416/416
f 422/422/422 425/425/425 1015/1015/1015
f 1015/1015/1015 1013/1013/1013 422/422/422
f 457/457/457 453/453/453 1045/1045/1045
f 1045/1045/1045 1046/1046/1046 457/457/457
f 496/496/496 485/485/485 1078/1078/1078
f 1078/1078/1078 1089/1089/1089 496/496/496
f 534/534/534 531/531/531 1125/1125/1125
f 1125/1125/1125 1129/1129/1129 534/534/534
f 557/557/557 555/555/555 1150/1150/1150
f 1150/1150/1150 1153/1153/1153 557/557/557
f 581/581/581 578/578/578 1174/1174/1174
f 1174/1174/1174 1178/1178/1178 581/581/581
f 19/19/19 13/13/13 602/602/602
f 602/602/602 609/609/609 19/19/19
f 14/14/14 21/21/21 615/615/615
f 615/615/615 606/606/606 14/14/14
f 28/28/28 25/25/25 617/617/617
f 617/617/617 622/622/622 28/28/28
f 26/26/26 38/38/38 630/630/630
f 630/630/630 618/618/618 26/26/26
f 53/53/53 48/48/48 640/640/640
f 640/640/640 645/645/645 53/53/53
f 47/47/47 59/59/59 651/651/651
f 651/651/651 637/637/637 47/47/47
f 68/68/68 73/73/73 658/658/658
f 658/658/658 655/655/655 68/68/68
f 90/90/90 93/93/93 684/684/684
f 684/684/684 680/680/680 90/90/90
f 127/127/127 135/135/135 725/725/725
f 725/725/725 716/716/716 127/127/127
f 191/191/191 188/188/188 778/778/778
f 778/778/778 782/782/782 191/191/191
f 189/189/189 194/194/194 785/785/785
f 785/785/785 780/780/780 189/189/189
f 268/268/268 262/262/262 850/850/850
f 850/850/850 860/860/860 268/268/268
f 283/283/283 278/278/278 867/867/867
f 867/867/867 871/871/871 283/283/283
f 303/303/303 301/301/301 893/893/893
f 893/893/893 896/896/896 303/303/303
f 327/327/327 330/330/330 921/921/921
f 921/921/921 918/918/918 327/327/327
f 408/408/408 410/410/410 998/998/998
f 998/998/998 995/995/995 408/408/408
f 413/413/413 418/418/418 1006/1006/1006
f 1006/1006/1006 1001/1001/1001 413/413/413
f 438/438/438 436/436/436 1025/1025/1025
f 1025/1025/1025 1029/1029/1029 438/438/438
f 458/458/458 456/456/456 1048/1048/1048
f 1048/1048/1048 1051/1051/1051 458/458/458
f 434/434/434 461/461/461 1052/1052/1052
f 1052/1052/1052 1026/1026/1026 434/434/434
f 468/468/468 473/473/473 1061/1061/1061
f 1061/1061/1061 1058/1058/1058 468/468/468
f 484/484/484 165/165/165 756/756/756
f 756/756/756 1077/1077/1077 484/484/484
f 489/489/489 498/498/498 1092/1092/1092
f 1092/1092/1092 1083/1083/1083 489/489/489
f 512/512/512 325/325/325 916/916/916
f 916/916/916 1109/1109/1109 512/512/512
f 536/536/536 533/533/533 1130/1130/1130
f 1130/1130/1130 1133/1133/1133 536/536/536
f 560/560/560 559/559/559 1154/1154/1154
f 1154/1154/1154 1157/1157/1157 560/560/560
f 585/585/585 582/582/582 1176/1176/1176
f 1176/1176/1176 1179/1179/1179 585/585/585

